tree
version=v4
num_class=1
num_tree_per_iteration=1
label_index=0
max_feature_idx=50
objective=regression_l1
feature_names=search_ma_7d search_growth_3d search_growth_7d search_growth_14d search_slope_7d search_slope_14d search_acceleration search_std_7d search_pos_14d days_since_max_14d click_ma_7d click_growth_3d click_growth_7d click_growth_14d click_slope_7d click_slope_14d click_acceleration click_std_7d click_pos_14d days_since_click_max_14d click_search_ratio click_lead_signal_7d engagement_force click_peak_gap mention_ma_3d mention_ma_7d mention_growth_3d mention_growth_7d mention_growth_14d mention_acceleration mention_std_7d mention_pos_14d days_since_mention_max_14d mention_search_ratio lead_signal_7d viral_force peak_gap male_click_ratio female_click_ratio gender_click_skew gender_click_shift_7d age10_click_ratio age20_click_ratio age30_click_ratio age40_click_ratio age50p_click_ratio young_click_ratio mid_click_ratio core_age_click_ratio age_click_entropy age_click_shift_7d
feature_infos=[5:186371.28571428571] [-0.98055987562855396:451.19640434662114] [-0.99245047852261603:362.563189138594] [-0.99627175029618564:181.06625381438559] [-71725.89285714287:71294.53571428571] [-23095.200000000012:26170.643956043965] [-177.87430355468797:286.20465519473908] [0:192401.7883840682] [0.00098723290328480004:0.9999999999982] [0:13] [1:30189.142857142859] [-0.999070631971124:975.49926762554935] [-0.9988012672321428:1404.5326774180835] [-0.99878983461170645:429.56913803126253] [-4431.3928571428587:4730.1785714285716] [-1992.6065934065944:2211.7890109890113] [-430.24167040342456:1257.9942303239457] [0:12876.62550864146] [0.00019462825998540001:0.99999999997379119] [0:13] [0.00057518488052370003:56.807188242972821] [-107.67643525676776:1062.9758864851012] [-388927957.95918375:427661028.78061235] [-0.99921812667183918:0.96418707792241143] [0:2195033.3333333335] [0:2111582.7142857141] [-1:971666665.66666663] [-1:1188428570.4285717] [-1:1228999999] [-1228999998.9317226:594214285.71428573] [0:266457.30166488327] [0:0.99999999999955136] [0:13] [0:44869.590266021245] [-356.56323813825099:1188428570.5452194] [-945766759.97959244:603258225.117347] [-0.99999999988737465:0.98780387806837078] [0:100] [0:100] [0:100] [-100:100] [0:100] [0:100] [0:100] [0:100] [0:100] [0:100] [0:100.00000000000004] [20:100] [-9.8999950025088114e-07:1.6094329063522212] [-72.310409124143916:100]
tree_sizes=5415 5814 5897 5935 5930 5955 5995 6021 5969 6001 6038 5992 6045 6031 6029 6027 6017 6002 6013 5989 6018 6050 6021 6019 6033 6052 6013 6048 6036 6024 6032 6080 5968 6029 6044 6065 6031 5986 5973 6046 6052 6072 6023 6065 6014 6032 6042 6095 6092 6028 6071 6032 6031 6013 5982 5954 5997 5997 5884 6094 6019 5973 6038 5987 6003 5972 5943 5995 6031 5954

Tree=0
num_leaves=64
num_cat=0
split_feature=7 7 6 5 2 7 14 0 12 6 2 24 2 2 7 14 20 18 2 6 0 20 6 24 38 17 27 0 17 28 6 25 27 6 6 8 2 8 4 27 21 0 7 30 27 0 27 6 39 16 27 35 12 17 28 19 5 20 4 2 0 6 20
split_gain=1670.56 681.957 495.565 473.562 370.293 244.387 242.751 208.55 193.532 171.546 317.619 141.813 138.232 114.933 107.656 97.9292 85.1365 82.3306 79.1721 75.7423 72.9259 78.5044 67.8672 65.7215 66.3576 60.7551 69.163 59.2724 57.2508 54.9434 55.1331 47.3554 100.357 47.2844 46.3935 46.0185 45.9604 45.823 44.4437 43.4056 42.7089 41.4326 40.9874 40.7352 40.725 39.9737 39.5776 39.2005 38.8682 37.776 36.7194 51.076 44.6914 40.1868 37.1331 36.5233 35.3685 35.1678 34.6415 34.5717 35.8214 35.4005 34.4299
threshold=81.749118445298819 1.0000000180025095e-35 -0.56600896757330454 -14.017582417582437 0.41509419944821774 44.606671039246386 -12.821428571428568 9.5000000000000018 -0.58485994420183773 0.0098057204404966517 0.32806505511009426 107.83333333333336 -0.28985512649652972 -0.39307621340157578 575.42583609436599 -1.6785714285714288 0.17647738207054692 0.25117948117838135 0.087965923850728212 0.1361842514704906 427.21428571428584 0.55588091904618508 0.068006378336736159 16.500000000000004 86.717308635335129 262.89112665517342 0.17772449304496593 164.07142857142858 16.969961445895212 -0.19230787352066767 0.62510259528213952 55.642857142857146 0.19047602513229897 -0.40921583704897085 0.45807334630354629 0.57491289048367722 0.19021735734434184 0.73446327406981837 72.803571428571331 0.35714234821449781 -0.046543150969673992 2143.3571428571431 17.162488748857641 99.7551081449012 -0.038908936809382295 478.07142857142867 -0.080402031615362593 -0.37309043898173283 59.523820399663968 0.04104587149615891 0.24999936197949904 71.224489795918473 0.23480371320521751 55.128791687476919 -0.80000041999901994 6.5000000000000009 1.6857142857142768 0.25652791543538217 50.01785714285716 0.065753781086632171 15.071428571428573 -0.22825822519349992 0.43142435900060666
decision_type=2 2 2 2 2 2 2 2 2 2 2 2 2 2 2 2 2 2 2 2 2 2 2 2 2 2 2 2 2 2 2 2 2 2 2 2 2 2 2 2 2 2 2 2 2 2 2 2 2 2 2 2 2 2 2 2 2 2 2 2 2 2 2
left_child=1 35 6 8 13 7 -2 34 -3 10 28 20 49 -4 17 -12 44 45 19 -15 -8 23 40 -22 -25 26 -13 47 59 30 42 38 -33 -30 -5 -1 -18 -34 -19 -29 -10 -21 -14 57 -7 -6 -31 -17 -27 -11 54 -52 -53 -54 -38 -26 -35 -28 -20 60 -9 -61 -32
right_child=2 3 4 5 14 16 11 9 22 12 15 25 29 18 -16 27 36 31 58 41 21 -23 -24 24 55 48 43 39 33 46 62 32 37 56 -36 -37 50 -39 -40 -41 -42 -43 -44 -45 -46 -47 -48 -49 -50 -51 51 52 53 -55 -56 -57 -58 -59 -60 61 -62 -63 -64
leaf_value=5.7750000000000004 5.75 5.8499999999999996 5.7999999999999998 5.9500000000000002 6 6 5.9500000000000002 6 6.0499999999999998 6.0499999999999998 6 5.9500000000000002 6 6 5.75 6.25 6 5.8499999999999996 5.9500000000000002 5.9500000000000002 5.7999999999999998 5.7999999999999998 5.8499999999999996 5.9000000000000004 6.2750000000000004 5.7999999999999998 6.2999999999999998 5.9500000000000002 5.9500000000000002 6 5.9000000000000004 5.7999999999999998 5.9000000000000004 6.0499999999999998 5.9000000000000004 5.7000000000000002 6.0499999999999998 6.2000000000000002 5.7999999999999998 6.1500000000000004 5.9500000000000002 5.8499999999999996 6 6.0499999999999998 6.0499999999999998 5.8499999999999996 6.0499999999999998 6.2000000000000002 6.0999999999999996 5.9000000000000004 5.9500000000000002 5.9000000000000004 6.2000000000000002 5.9500000000000002 5.9000000000000004 5.8499999999999996 6 6 5.9000000000000004 6.0999999999999996 6.0499999999999998 6.0499999999999998 6
leaf_weight=278 3188 2135 669 8602 1161 3671 1305 3844 1523 459 693 349 22232 27207 1221 1468 32926 3397 9234 3228 1065 714 1426 426 154 140 261 308 2934 29492 924 618 156 33235 1077 1055 587 308 917 273 4740 552 15825 192 6883 189 64695 1444 84 2424 1709 259 602 175 4450 36 7091 64 2454 2457 70696 7986 1432
leaf_count=278 3188 2135 669 8602 1161 3671 1305 3844 1523 459 693 349 22232 27207 1221 1468 32926 3397 9234 3228 1065 714 1426 426 154 140 261 308 2934 29492 924 618 156 33235 1077 1055 587 308 917 273 4740 552 15825 192 6883 189 64695 1444 84 2424 1709 259 602 175 4450 36 7091 64 2454 2457 70696 7986 1432
internal_value=6.00041 6.00175 5.99266 6.00189 5.99446 6.00221 5.98107 6.00279 5.99107 6.00305 6.00434 5.98819 6.00182 5.99628 5.98456 6.01789 5.99904 5.98703 5.99661 5.99793 5.98352 5.97833 5.99477 5.98424 5.99725 6.00403 6.01004 6.0213 6.0039 6.00205 6.00051 5.98427 5.99363 6.00241 5.99558 5.96606 5.998 6.01119 5.98192 6.0067 5.99702 5.9913 6.00097 6.02165 6.00304 5.99808 6.00271 6.02421 5.98083 5.99098 5.99455 5.9992 6.00796 6.01396 5.99201 6.0218 6.00286 6.03244 5.9931 6.00465 6.00427 6.00734 5.99308
internal_weight=401299 342010 59289 340677 51311 330853 7978 279591 9824 269912 132429 4790 137483 43344 7967 4186 51262 6746 42675 30987 3700 2395 7689 1681 616 1090 866 3493 128243 134600 40413 5396 1082 43260 9679 1333 40708 464 4314 581 6263 3780 38057 517 10554 1350 94187 2912 224 2883 7782 2745 1036 777 5037 190 40326 325 11688 84983 74540 10443 2356
internal_count=401299 342010 59289 340677 51311 330853 7978 279591 9824 269912 132429 4790 137483 43344 7967 4186 51262 6746 42675 30987 3700 2395 7689 1681 616 1090 866 3493 128243 134600 40413 5396 1082 43260 9679 1333 40708 464 4314 581 6263 3780 38057 517 10554 1350 94187 2912 224 2883 7782 2745 1036 777 5037 190 40326 325 11688 84983 74540 10443 2356
is_linear=0
shrinkage=1


Tree=1
num_leaves=64
num_cat=0
split_feature=7 7 3 2 7 3 33 3 8 13 5 2 9 33 5 45 0 3 17 3 27 1 4 17 7 6 2 24 8 17 14 14 3 3 6 0 3 2 6 5 0 6 2 7 9 2 45 34 19 6 46 2 34 5 3 0 0 5 27 16 5 17 17
split_gain=932.861 568.541 448.755 383.178 208.468 255.11 190.309 164.346 153.508 132.597 129.422 129.088 119.865 111.898 112.239 101.047 100.528 92.9644 144.916 78.7781 72.6351 67.5816 66.8544 62.1515 61.9264 67.5851 58.0567 54.1653 53.1053 52.0848 50.5107 49.4584 48.0726 46.9139 43.7295 67.7304 43.3627 46.2567 96.6158 59.4668 45.6649 42.8825 49.9297 42.5241 85.0922 47.2456 41.1127 41.0664 40.6206 39.814 43.1988 39.7366 39.5464 39.1819 38.8075 38.3594 36.539 33.0983 32.3788 31.818 31.7748 31.5301 38.4408
threshold=147.55026814150787 1.0000000180025095e-35 0.34300318682888015 -0.48104706297623789 28.704333738720219 0.78663869651414353 0.051179226117649357 -0.68118604763108359 0.83898304877370011 -0.39470220751021184 -23.775824175824201 -0.39307621340157578 4.5000000000000009 0.028436018564273004 20.994505494505482 39.457632451602144 427.21428571428584 1.3837475083795654 83.839861933120929 0.22283625620123484 0.078036137645610112 0.55214721783845866 11.035714285714301 262.89112665517342 20.532701618315794 -0.47627392399522794 0.52078562450174837 112.83333333333336 0.85507246164371242 262.89112665517342 -50.732142857142911 0.21428571428571416 -0.24151967819763884 0.40993111973141605 -1.2212473088411244 187.21428571428572 0.39040846252598982 -0.074074090149176527 0.025805495574893103 -14.017582417582437 183.07142857142858 0.12807190768044482 0.46210691389892183 1942.5986536628823 6.5000000000000009 -0.041084997343057143 33.333334119241293 -0.18656396312380688 7.5000000000000009 -0.35777307844061729 22.222232234572466 0.19021735734434184 -0.72396844982301334 5.2615384615384588 4.5161107183231586 463.78571428571428 84.357142857142875 14.824175824175809 -0.068965685790691442 0.18658326580472362 -5.9538461538461602 1.3701566210955571 14.857142793643119
decision_type=2 2 2 2 2 2 2 2 2 2 2 2 2 2 2 2 2 2 2 2 2 2 2 2 2 2 2 2 2 2 2 2 2 2 2 2 2 2 2 2 2 2 2 2 2 2 2 2 2 2 2 2 2 2 2 2 2 2 2 2 2 2 2
left_child=1 28 11 9 5 7 16 -5 30 60 27 -2 31 14 15 41 29 22 26 61 -10 32 36 52 25 -21 -19 46 -1 -4 -8 -7 -13 -27 35 -17 37 38 -15 -40 -38 48 55 45 51 -34 -11 -24 -6 50 -16 -45 -22 -36 -18 -43 -35 -23 -42 -49 -3 -9 -63
right_child=2 3 6 4 13 12 8 19 20 10 -12 21 -14 17 49 34 54 18 -20 24 23 57 47 -25 -26 33 -28 -29 -30 -31 -32 -33 43 56 53 -37 40 -39 39 -41 58 42 -44 44 -46 -47 -48 59 -50 -51 -52 -53 -54 -55 -56 -57 -58 -59 -60 -61 -62 62 -64
leaf_value=-0.28500000000000003 -0.23750000000000002 -0.1925 -0.14249999999999999 -0.095000000000000029 0 0.10000000000000001 -0.28750000000000003 -0.047500000000000014 -0.19500000000000003 -0.14249999999999999 0.0024999999999999914 -0.097500000000000017 0.047500000000000014 0.047500000000000014 -0.23999999999999999 0.087500000000000008 -0.19 -0.0024999999999999914 -0.19125 0 -0.089999999999999997 -0.045000000000000019 -0.050000000000000003 -0.1075 -0.0024999999999999914 0.050000000000000003 0.24750000000000003 0.10750000000000003 -0.28500000000000003 0.10125000000000001 -0.13999999999999999 0.23999999999999999 0 0.14750000000000002 0 -0.24750000000000003 0.051249999999999997 0 -0.14249999999999999 0 -0.1875 -0.045000000000000019 -0.10000000000000001 0.15000000000000002 -0.10000000000000001 -0.050000000000000003 -0.1925 -0.0024999999999999914 -0.047500000000000014 -0.092499999999999985 -0.046250000000000013 -0.087500000000000008 0.23500000000000001 0.10000000000000001 -0.23999999999999999 -0.097500000000000017 0.045000000000000019 -0.14249999999999999 -0.097500000000000017 0.0024999999999999914 -0.097500000000000017 0.047500000000000014 0
leaf_weight=580 576 1965 1150 2452 17211 582 365 4585 207 1115 2678 1359 1479 13547 636 139 4488 197 190 3361 85 583 3817 196 4230 7985 658 126 753 174 1387 1557 4636 2252 5647 190 498 48231 997 2398 307 8435 2380 354 196 10909 553 14741 15030 941 252 63 730 1726 771 1784 618 1177 1535 4811 651 126348 61725
leaf_count=580 576 1965 1150 2452 17211 582 365 4585 207 1115 2678 1359 1479 13547 636 139 4488 197 190 3361 85 583 3817 196 4230 7985 658 126 753 174 1387 1557 4636 2252 5647 190 498 48231 997 2398 307 8435 2380 354 196 10909 553 14741 15030 941 252 63 730 1726 771 1784 618 1177 1535 4811 651 126348 61725
internal_value=-0.000673176 4.69221e-06 -0.00924621 0.000121964 0.000346505 0.00132933 -0.0181507 0.00110624 -0.00764116 -0.0113916 -0.0061593 -0.00496119 0.0144952 -0.00111242 -0.00291046 -0.00248648 -0.0228912 -4.88974e-05 0.0147785 0.00125575 0.00598884 -0.00426387 -0.00021946 0.0115172 0.00437735 0.00595768 0.0235586 -0.0165515 -0.0325895 -0.0105694 -0.0171195 0.022063 -0.00332504 0.00787602 0.00280378 -0.0150258 0.000578332 0.000818513 0.00306603 -0.00447557 -0.00610871 -0.00339529 -0.00586907 -0.00256497 0.010349 -0.0030746 -0.0189407 -0.00252449 -0.00242842 -0.0150867 -0.0226833 0.023124 0.0175991 0.00360025 -0.0259921 -0.00434921 0.0133602 -0.0136043 -0.0097416 -0.00159804 -0.0203337 0.000956851 0.00105674
internal_weight=401299 371893 29406 370560 363472 217174 9553 213556 2970 7088 4472 19853 3618 146298 54371 52542 6583 91927 1045 211104 1218 19277 90882 1011 18446 14216 855 1794 1333 1324 1752 2139 17517 10855 7702 329 67513 65173 16942 3395 2340 44840 12599 16158 613 15545 1668 23369 32241 1829 888 417 815 7373 5259 10219 2870 1760 1842 19552 2616 192658 188073
internal_count=401299 371893 29406 370560 363472 217174 9553 213556 2970 7088 4472 19853 3618 146298 54371 52542 6583 91927 1045 211104 1218 19277 90882 1011 18446 14216 855 1794 1333 1324 1752 2139 17517 10855 7702 329 67513 65173 16942 3395 2340 44840 12599 16158 613 15545 1668 23369 32241 1829 888 417 815 7373 5259 10219 2870 1760 1842 19552 2616 192658 188073
is_linear=0
shrinkage=0.05


Tree=2
num_leaves=64
num_cat=0
split_feature=5 7 2 33 4 7 6 13 2 34 13 22 5 6 10 2 10 13 13 10 6 20 35 41 33 34 2 8 8 0 0 30 20 30 20 5 24 20 39 45 1 7 1 20 33 41 15 1 27 10 13 41 33 22 13 5 20 4 37 0 20 7 2
split_gain=762.616 554.657 537.739 340.712 222.992 176.084 276.371 213.623 155.909 151.981 150.639 129.451 104.077 99.8675 86.7025 147.93 82.6168 78.3591 67.9216 61.6075 72.087 61.3607 54.5147 53.7368 87.6297 54.5187 53.2847 78.5143 53.1053 52.4394 52.1385 56.9144 50.596 49.1087 53.3648 48.7256 45.7963 44.4658 55.2756 44.442 61.2839 40.7335 38.0988 37.3249 36.4647 36.211 36.1114 35.4124 34.2129 47.024 46.0678 33.7683 36.3834 33.6027 33.1615 32.502 32.3012 32.0803 33.0839 31.8032 31.7454 31.4247 49.2378
threshold=20.994505494505482 1.0000000180025095e-35 -0.4453181447307718 0.028985506584751051 -12.178571428571423 74.873907607069626 -0.77184268146337653 1.1070614279103719 0.41509419944821774 -0.50188800378598952 -0.49394943888860482 -2627.7397959183704 35.75274725274722 -0.014260133658312949 58.214285714285722 0.27999998065454584 1106.8571428571429 0.66337382271450263 -0.53476804643398757 134.6428571428572 -0.27709827039310847 0.16751193268449768 -56.086734693877524 0.65349155967103012 0.087723285208767723 0.048188632835172156 0.59667892254346333 0.67272726355371926 0.85507246164371242 91.357142857142875 177.21428571428575 0.74218015255156911 0.081307687990332458 3.2039500587894096 0.33630518479487898 -23.775824175824201 616.50000000000011 0.43142435900060666 55.102054167016568 24.590150013432066 -0.50909922682167064 17.890254932836729 1.4507855915496055 1.6192306265924299 0.34250319822851122 0.22395356253066448 1.0989010989010997 0.58127538203776863 0.17772449304496593 308.9285714285715 2.1438441770342838 10.869476879898267 0.0023133191923658003 147.35714285714292 0.38666302989600293 -17.749450549450568 0.3020592040403825 3.2500000000000075 30.769083312789153 126.64285714285715 0.31552313182233088 1942.5986536628823 0.14515404088195763
decision_type=2 2 2 2 2 2 2 2 2 2 2 2 2 2 2 2 2 2 2 2 2 2 2 2 2 2 2 2 2 2 2 2 2 2 2 2 2 2 2 2 2 2 2 2 2 2 2 2 2 2 2 2 2 2 2 2 2 2 2 2 2 2 2
left_child=1 28 4 12 39 7 11 13 30 48 -6 -7 -2 14 15 22 26 -14 29 20 33 -8 -4 56 36 -26 47 45 -1 -15 -9 -32 -17 34 -10 -12 -25 38 -29 40 -3 -34 54 60 -31 -28 53 61 -5 50 -50 -19 -53 -24 55 -20 -23 -57 -59 -13 -33 -11 -63
right_child=3 2 5 9 10 6 21 8 19 16 35 59 17 18 -16 32 -18 51 42 -21 -22 23 46 24 25 -27 27 37 -30 44 31 43 41 -35 -36 -37 -38 -39 -40 -41 -42 -43 -44 -45 -46 -47 -48 -49 49 -51 -52 52 -54 -55 -56 57 -58 58 -60 -61 -62 62 -64
leaf_value=-0.27074999999999999 -0.12799999999999997 -0.24262500000000001 0.047500000000000014 -0.23050000000000004 -0.14025000000000004 -0.22799999999999998 0 0.090000000000000038 -0.024500000000000011 -0.042500000000000031 -0.090375000000000011 0.15262500000000001 -0.13550000000000001 -0.054875000000000007 0 0.27781250000000002 -0.14250000000000004 -0.22799999999999998 -0.095125000000000001 0.027625000000000011 0.097500000000000017 -0.049874999999999982 0.045124999999999998 -0.092625000000000013 -0.049874999999999982 0.0049999999999999828 0.1045 0.12262500000000004 -0.27074999999999999 -0.038937499999999986 -0.14987500000000004 0.047625000000000028 0.17799999999999999 0.29012500000000002 0.22550000000000001 0.0023749999999999718 -0.23762499999999998 -0.017999999999999995 0.28012500000000001 -0.20268750000000002 -0.13037499999999999 0.047500000000000014 -0.098812499999999998 0.10000000000000001 0.096250000000000002 -0.23299999999999998 0.095125000000000001 -0.087875000000000023 -0.10300000000000004 -0.14300000000000002 0.247 0.11950000000000004 -0.22799999999999998 -0.0024999999999999914 0.045124999999999998 0 0.00012500000000001955 0 -0.0024999999999999914 -0.050031249999999999 -0.095125000000000001 0.24249999999999999 -0.15500000000000003
leaf_weight=580 3040 418 7252 764 2085 1750 18060 2664 156 3873 1013 84 1292 4449 71335 148 605 2280 573 545 799 3332 45809 8082 6166 3335 55 257 753 3294 255 478 1101 371 1127 3422 94 216 301 1340 1281 624 550 440 702 140 2724 332 207 267 94 85 124 5530 7140 119810 8405 29684 17791 750 786 211 69
leaf_count=580 3040 418 7252 764 2085 1750 18060 2664 156 3873 1013 84 1292 4449 71335 148 605 2280 573 545 799 3332 45809 8082 6166 3335 55 257 753 3294 255 478 1101 371 1127 3422 94 216 301 1340 1281 624 550 440 702 140 2724 332 207 267 94 85 124 5530 7140 119810 8405 29684 17791 750 786 211 69
internal_value=-0.000811103 -0.000393439 -0.000282162 -0.0121864 -0.0119933 1.54042e-05 -0.00274571 0.000439217 0.008712 -0.00474828 -0.00677827 -0.0186699 -0.0202453 0.000241259 0.0012767 0.00262542 -0.00138552 -0.0257848 -0.000515753 0.0175928 0.0209714 -0.00187881 0.00220248 -0.00328737 -0.00502882 -0.00176243 0.000558296 0.0111908 -0.0325895 -0.00489574 0.00295148 -0.00323873 0.0164674 0.0269301 0.0222859 -0.00156592 -0.00882389 0.0183374 0.0257929 -0.0231796 -0.0178006 0.0140543 -0.000305016 5.57479e-05 -0.000736969 -0.0171451 0.00165631 -0.00173798 -0.0200398 -0.0107287 0.00280638 -0.030973 -0.011693 0.00135852 -0.000263689 -0.00040567 -0.000664133 -0.000364916 -0.00146487 -0.00245174 -0.00430741 -0.000480364 0.0156908
internal_weight=401299 387087 385754 14212 9559 376195 50058 326137 7621 7391 6520 2584 6821 318516 134523 63188 6059 3781 183993 2998 2453 47474 61315 29414 17677 9501 5454 969 1333 8445 4623 1959 1873 1654 1283 4435 8176 774 558 3039 1699 1725 175548 1704 3996 195 54063 4485 1332 568 301 2489 209 51339 174998 167858 11737 167285 47475 834 1264 4153 280
internal_count=401299 387087 385754 14212 9559 376195 50058 326137 7621 7391 6520 2584 6821 318516 134523 63188 6059 3781 183993 2998 2453 47474 61315 29414 17677 9501 5454 969 1333 8445 4623 1959 1873 1654 1283 4435 8176 774 558 3039 1699 1725 175548 1704 3996 195 54063 4485 1332 568 301 2489 209 51339 174998 167858 11737 167285 47475 834 1264 4153 280
is_linear=0
shrinkage=0.05


Tree=3
num_leaves=64
num_cat=0
split_feature=5 2 33 0 5 8 10 6 22 13 13 22 5 2 6 2 8 27 20 1 1 13 6 2 4 13 38 1 14 5 6 13 41 0 6 10 29 14 35 2 47 25 0 10 33 25 38 33 2 13 30 25 20 21 0 4 30 10 6 29 41 33 0
split_gain=760.481 536.336 338.756 224.905 214.146 158.263 156.757 182.746 291.274 162.665 132.578 114.827 103.522 95.0991 87.9778 106.925 84.6265 81.8052 103.255 97.4172 80.1757 78.5366 71.9234 76.3799 69.0748 71.2489 66.6509 65.7767 64.6185 62.4613 58.0986 55.296 54.5518 54.0943 52.0651 51.1525 50.0405 50.7644 49.7081 49.008 48.1606 44.4575 43.9114 54.4639 43.6847 64.3111 65.5455 42.1982 39.3593 38.9307 38.0069 37.5944 54.3383 37.4114 36.5205 36.1296 35.9497 35.584 35.4915 35.2971 33.5569 36.3834 33.233
threshold=20.994505494505482 -0.4453181447307718 0.028985506584751051 7.3571428571428585 -17.749450549450568 0.82147904710691333 83.214285714285737 -0.53174470417247177 -2627.7397959183704 1.0260314762026594 -0.49394943888860482 5.3571428571428612 35.75274725274722 0.55653461550259176 -0.041392365335391645 0.16587676965364673 0.50889541990267506 0.17772449304496593 0.40119759918486392 0.6608576362924854 -0.37039752022955835 0.66337382271450263 -0.10899114085956628 0.25179852766096639 12.928571428571443 -0.61814639296444762 79.807700086909833 0.044943793807600656 -1.7499999999999958 -43.160439560439592 0.67680791104384208 1.1070614279103719 0.47393299128472061 8065.357142857144 0.085172030962750861 1106.8571428571429 0.080562327754586313 -50.732142857142911 -56.086734693877524 0.14515404088195763 52.63158301881554 111.64285714285715 107.64285714285715 3.6428571428571437 0.30348346818081307 908977.71428571444 69.230954172419061 0.40428939167202887 -0.050595246336598697 0.043678898714850152 22.154835465011775 5.6428571428571432 0.35211266923725471 1.1847231636061291 2143.3571428571431 50.01785714285716 0.85681184984387715 122.50000000000001 -0.60670182183596044 0.50440548710140198 10.869476879898267 0.0023133191923658003 15.071428571428573
decision_type=2 2 2 2 2 2 2 2 2 2 2 2 2 2 2 2 2 2 2 2 2 2 2 2 2 2 2 2 2 2 2 2 2 2 2 2 2 2 2 2 2 2 2 2 2 2 2 2 2 2 2 2 2 2 2 2 2 2 2 2 2 2 2
left_child=1 4 12 5 20 30 9 8 47 14 -6 50 -2 -10 15 38 -4 19 26 31 -1 -14 23 -13 25 42 35 -7 -17 34 -3 33 -15 -18 -9 59 37 -28 -5 44 -20 -22 43 -16 54 46 48 -8 49 -46 -11 52 56 55 -31 -41 -25 -43 -30 -19 -23 -62 -40
right_child=2 3 16 6 10 27 7 29 13 11 -12 22 21 32 24 28 17 18 40 -21 41 60 -24 51 -26 -27 36 -29 58 39 -32 -33 -34 -35 -36 -37 -38 -39 62 53 -42 57 -44 -45 45 -47 -48 -49 -50 -51 -52 -53 -54 -55 -56 -57 -58 -59 -60 -61 61 -63 -64
leaf_value=-0.21836875 -0.12159999999999999 -0.045124999999999998 -0.16897500000000001 0.045124999999999998 -0.13323750000000004 -0.25721250000000001 -0.197625 -0.050000000000000003 -0.047374999999999994 0.040625000000000001 0.0022562499999999818 0.090500000000000025 -0.12872499999999998 0.024118749999999967 -0.23750625000000003 -0.0087750000000000224 -0.042874999999999996 0.10361875000000001 0.15725000000000003 -0.23598125 -0.13085624999999998 -0.21660000000000001 0.043000000000000017 0.10500156249999999 -0.045250000000000012 0.00012500000000001955 -0.27087499999999998 -0.12094062500000002 0.21992187500000004 -0.00012499999999997515 -0.25721250000000001 -0.17359999999999998 0.21205625000000003 0.18037500000000001 -0.18324375000000004 -0.181675 -0.01119062500000001 0.25750000000000001 -0.0046312499999999982 -0.042506250000000016 -0.08781249999999996 0.15725625000000001 0.0024999999999999914 -0.052131250000000011 0.047624999999999987 -0.052374999999999977 0.047500000000000014 0.060118749999999999 -0.0024999999999999914 -0.002625000000000011 -0.19750000000000001 0.31080625000000001 0.22312499999999999 0.10774374999999999 -0.13786874999999998 -0.14013125000000001 -0.19499843750000001 -0.13336093750000003 0.123725 -0.140375 0.11352500000000001 -0.21660000000000001 0.042868750000000011
leaf_weight=1229 3040 3189 771 12783 1417 814 2547 1825 2890 2214 3346 711 1292 400 420 891 3054 936 109 318 3270 2280 933 137 8284 130707 23 606 362 87119 176 331 366 321 580 86 162 472 5160 18905 732 231 1421 2479 2799 1543 15630 103 9546 1259 131 304 981 447 413 382 67 130 3466 76 85 124 54474
leaf_count=1229 3040 3189 771 12783 1417 814 2547 1825 2890 2214 3346 711 1292 400 420 891 3054 936 109 318 3270 2280 933 137 8284 130707 23 606 362 87119 176 331 366 321 580 86 162 472 5160 18905 732 231 1421 2479 2799 1543 15630 103 9546 1259 131 304 981 447 413 382 67 130 3466 76 85 124 54474
internal_value=-0.000798893 -0.000381813 -0.0121583 -8.46306e-05 -0.0120382 -0.0108556 5.36521e-05 -0.00121867 -0.00954552 0.000880137 -0.00450232 0.00939103 -0.020194 -0.00039523 0.000668618 0.00203011 -0.00474151 -0.00291461 0.00400408 -0.00737929 -0.0194224 -0.0257187 0.0156538 0.0205877 -6.41611e-05 0.000207699 0.0109082 -0.0248539 0.00932275 -0.00084476 -0.00494636 -0.00509835 0.0152656 -0.00318361 -0.00883331 0.0033649 0.0235048 0.0313977 0.00155481 -0.000705541 -0.0103971 -0.0156826 -0.00610981 -0.0096392 -0.000320728 0.00129951 0.00182475 -0.0221671 -0.000712653 0.0034117 0.00102128 0.0270264 0.0229896 -0.0030123 -0.000890473 -0.00334394 -0.000465458 0.000955414 0.0121457 0.00651615 -0.0309128 -0.011693 0.000948199
internal_weight=401299 387087 14212 377464 9623 4785 372679 146754 6306 225925 4763 5478 6821 3656 220447 77136 7391 6620 2596 4024 4860 3781 3133 2200 143311 135027 1755 1420 4719 140448 3365 3706 766 3375 2405 1098 657 495 72417 138043 841 3631 4320 2899 118309 30777 29234 2650 13604 4058 2345 1489 1185 19734 87532 19287 204 361 3828 1012 2489 209 59634
internal_count=401299 387087 14212 377464 9623 4785 372679 146754 6306 225925 4763 5478 6821 3656 220447 77136 7391 6620 2596 4024 4860 3781 3133 2200 143311 135027 1755 1420 4719 140448 3365 3706 766 3375 2405 1098 657 495 72417 138043 841 3631 4320 2899 118309 30777 29234 2650 13604 4058 2345 1489 1185 19734 87532 19287 204 361 3828 1012 2489 209 59634
is_linear=0
shrinkage=0.05


Tree=4
num_leaves=64
num_cat=0
split_feature=7 7 3 3 5 33 12 14 6 7 3 14 3 10 24 7 20 25 12 5 5 1 10 23 3 35 20 7 5 10 3 1 22 27 10 22 21 6 47 14 25 5 46 3 5 3 3 5 7 33 10 5 6 27 6 45 6 20 10 20 10 3 35
split_gain=788.904 543.709 513.298 305.731 231.737 179.303 172.155 148.006 111.897 105.124 184.521 187.672 142.961 109.757 103.372 84.7105 83.9783 108.403 83.3388 82.1976 73.1086 72.8358 70.3758 67.7319 63.5476 61.6182 58.7455 57.8416 57.3611 59.4518 55.8148 53.6818 51.7327 51.2609 48.3256 46.9472 74.4899 55.6162 44.8168 42.8478 41.1444 40.3457 39.8504 38.2664 48.18 38.1931 37.6775 36.8169 36.1249 35.1153 34.7175 34.4459 34.1619 33.9523 33.7058 35.9509 32.6657 31.7228 32.8158 31.6077 30.7715 53.3231 43.8624
threshold=147.55026814150787 1.0000000180025095e-35 0.34300318682888015 -0.68118604763108359 -17.749450549450568 0.051179226117649357 -0.58485994420183773 -0.85714285714285643 0.20455589711881098 74.873907607069626 0.78663869651414353 -0.92857142857142771 0.61591235319110682 194.21428571428572 4.8333333333333348 44.032919030248685 0.27473367692244838 448.21428571428584 0.11861542195525142 -142.36593406593428 35.75274725274722 0.55214721783845866 150.6428571428572 -0.17301602348599993 0.029429542712939353 212.47959183673461 0.66890680831308014 1942.5986536628823 -7.8527472527473172 3.6428571428571437 -0.49704550344907039 -0.32577902015254306 -16928.517857142859 0.19999874000146986 150.6428571428572 147.35714285714292 -0.10796868385209019 0.020927828593497105 35.161660762753563 -50.732142857142911 1103866.1428571432 -0.030769230769231149 21.428571428571441 -0.29324618313081618 10.707692307692303 0.61591235319110682 1.0652389965096647 14.824175824175809 0.98974331861078702 0.21151884390210876 194.21428571428572 1.0000000180025095e-35 -1.7603246428825685 0.071898212107079765 0.47702522749441428 28.846164367613309 -0.60670182183596044 0.33172803477655527 198.07142857142858 1.1197092611623671 61.785714285714292 -0.025394067104188244 -46.048469387755667
decision_type=2 2 2 2 2 2 2 2 2 2 2 2 2 2 2 2 2 2 2 2 2 2 2 2 2 2 2 2 2 2 2 2 2 2 2 2 2 2 2 2 2 2 2 2 2 2 2 2 2 2 2 2 2 2 2 2 2 2 2 2 2 2 2
left_child=1 41 19 28 6 20 31 39 16 10 35 34 24 25 15 18 17 33 -13 23 26 27 46 -2 40 -14 52 43 -3 -30 -8 -5 -28 -9 -12 37 -37 60 -17 -7 -11 -1 -15 -21 56 -32 -16 -23 -39 -18 -29 -43 -4 -27 59 -56 -45 -20 -59 -26 62 -62 -6
right_child=2 3 5 4 9 7 30 8 -10 12 11 14 13 42 22 38 49 -19 57 21 -22 47 -24 -25 54 53 32 50 29 -31 45 -33 -34 -35 -36 36 -38 48 -40 -41 -42 51 -44 44 -46 -47 -48 -49 -50 -51 -52 -53 -54 -55 55 -57 -58 58 -60 -61 61 -63 -64
leaf_value=-0.24435187500000005 0.044999999999999978 -0.16920062499999999 -0.20882281250000001 -0.21182218750000004 0.04299374999999999 -0.25184375000000003 -0.140671875 0.089381250000000023 -0.2174012500000001 0.0023875000000000315 -0.0020218750000000176 0.035859375000000006 -0.085248515625000021 -0.20577000000000001 0.17674765625000008 0.16228781249999999 -0.012343593750000005 -0.025562187500000014 0.033599921874999959 -0.11830703125 -0.20327000000000003 -0.041681250000000031 0.014500000000000002 -0.18775 -0.045003125000000012 -0.14851234375 -0.17051999999999998 0.15517828124999999 -0.17645062500000003 -0.045256249999999998 -0.0048687500000000224 -0.1186978125 0.047056562499999989 0.26476875 -0.19281250000000003 -0.0048687500000000224 6.2499999999854339e-06 -0.097618750000000046 -0.075262500000000065 -0.16605375 -0.14607187500000002 -0.24435187500000005 -0.072847499999999996 -0.20257531250000002 -0.044881250000000032 -0.10238749999999999 0.25315624999999997 -0.1216821875 6.2499999999854339e-06 -0.13098124999999997 -0.019913749999999952 -0.24435187500000005 -0.14068734375 0.20749140625000001 -0.17539499999999997 0.044987500000000048 6.2499999999854339e-06 0.187975 -0.095131250000000028 0.10012187499999999 0.045356562500000003 -0.0022562500000000043 0.040725312499999999
leaf_weight=554 196 1277 581 662 10805 396 525 186 286 15400 1972 1038 1609 1044 385 153 412 368 271 860 3209 594 283 661 12052 70 193 304 596 2381 6619 1449 448 339 406 18196 69762 833 709 864 152 580 344 113 5828 637 750 1177 106581 119 187 199 2152 290 327 145 9933 1797 47 398 12285 37924 60386
leaf_count=554 196 1277 581 662 10805 396 525 186 286 15400 1972 1038 1609 1044 385 153 412 368 271 860 3209 594 283 661 12052 70 193 304 596 2381 6619 1449 448 339 406 18196 69762 833 709 864 152 580 344 113 5828 637 750 1177 106581 119 187 199 2152 290 327 145 9933 1797 47 398 12285 37924 60386
internal_value=-0.00073834 -0.000114939 -0.00862219 -2.56369e-07 0.000154502 -0.0181454 -0.00739428 -0.00794418 0.00163441 0.000364029 0.00063295 0.00822483 -0.00237802 -0.012137 0.0133524 0.00925133 0.00736957 0.0167338 0.0130491 -0.00403942 -0.0227469 -0.00335569 0.0249595 -0.0191868 -0.00122726 -0.00454268 -0.0176032 -0.00236254 -0.0133271 -0.00952101 -0.00395767 -0.0200583 -0.00396974 0.0313178 -0.00348808 0.000445731 -0.000535994 0.000823135 -0.00463403 -0.0209468 0.000925598 -0.0319893 -0.0229054 -0.00285913 -0.00230218 -0.00281763 0.0305215 -0.0130117 -5.53931e-06 -0.00836942 0.014549 -0.0393338 -0.0207987 0.0141488 -0.00381865 -0.016935 -0.000203562 0.0187438 0.0210916 -0.00332086 0.00155638 0.000608356 0.00222493
internal_weight=401299 371893 29406 370560 366306 9553 9892 2970 1710 356414 324583 7811 31831 3357 5433 4015 1424 893 3153 19853 6583 18996 1418 857 28474 1969 3374 17225 4254 2977 7781 2111 641 525 2378 316772 87958 228814 862 1260 15552 1333 1388 16734 15874 7256 1135 1771 107414 531 491 779 2733 360 12922 472 10046 2115 1844 12450 121400 50209 71191
internal_count=401299 371893 29406 370560 366306 9553 9892 2970 1710 356414 324583 7811 31831 3357 5433 4015 1424 893 3153 19853 6583 18996 1418 857 28474 1969 3374 17225 4254 2977 7781 2111 641 525 2378 316772 87958 228814 862 1260 15552 1333 1388 16734 15874 7256 1135 1771 107414 531 491 779 2733 360 12922 472 10046 2115 1844 12450 121400 50209 71191
is_linear=0
shrinkage=0.05


Tree=5
num_leaves=64
num_cat=0
split_feature=5 2 33 5 0 8 3 34 14 3 13 0 3 4 4 3 3 10 33 12 2 1 22 0 20 39 5 0 3 10 13 2 0 3 28 10 45 25 39 28 4 34 46 17 3 10 2 2 21 49 33 2 15 41 14 41 46 47 3 28 47 2 0
split_gain=708 533.085 289.508 197.253 193.556 157.834 140.385 134.866 120.465 271.861 98.5748 178.224 94.3316 92.9718 91.6631 89.7888 74.3063 74.2013 71.1973 70.4869 68.6763 68.211 67.273 63.6587 59.6678 57.9163 54.5695 52.0293 47.2145 47.1223 60.1019 75.5173 61.6446 57.7217 59.2239 55.7104 53.5114 46.7772 45.8249 45.7892 44.2404 43.4185 41.3896 41.1865 40.8935 42.433 40.707 40.5212 39.7346 38.1847 38.0945 41.1918 36.1436 36.041 35.6272 34.9928 34.6601 41.2702 41.6929 33.7861 33.594 33.5603 33.411
threshold=20.994505494505482 -0.4453181447307718 0.028985506584751051 -17.749450549450568 7.3571428571428585 0.9276729540300358 -0.57159678502113809 -0.50188800378598952 -23.732142857142858 0.47852643659297717 1.0260314762026594 181.07142857142858 1.216535760250016 0.75000000000000344 28.714285714285719 -0.31331891224696279 -0.84238459031585455 1106.8571428571429 0.0097370982949174512 0.33333323287037803 0.59667892254346333 -0.28719723676680103 0.26020408163265357 421.64285714285717 0.42632920142449043 61.403508771929829 -14.017582417582437 241.50000000000003 -0.16985046639002147 54.214285714285722 0.32505728089041463 0.0030487671087246503 15.071428571428573 0.35843010632059336 1.1666628750073731 99.214285714285722 38.647865925717859 111.64285714285715 50.684924038279604 0.082352807474066758 3.3571428571428599 -0.9183672485422858 59.615426007870035 39.189232142600524 -0.75071334250655108 3.6428571428571437 0.22066574506967093 0.24324306683713512 0.36005801930680631 1.0892623814798712 0.042016805074971207 0.2905833804825147 2.5593406593406578 9.3070373586406525 -1.6785714285714288 11.111014721484628 22.222188225193104 40.909118181904894 3.0713987689180597 0.24171393774536667 63.551418240466027 0.98430104615663117 697.78571428571433
decision_type=2 2 2 2 2 2 2 2 2 2 2 2 2 2 2 2 2 2 2 2 2 2 2 2 2 2 2 2 2 2 2 2 2 2 2 2 2 2 2 2 2 2 2 2 2 2 2 2 2 2 2 2 2 2 2 2 2 2 2 2 2 2 2
left_child=1 3 12 21 5 16 -5 -4 9 28 14 13 -2 59 15 26 -3 19 42 55 48 -1 -7 56 25 -21 -10 -11 62 30 32 -32 -17 34 -31 52 50 -23 49 -27 -34 -37 -13 47 45 -28 -16 -40 -20 -15 -33 -52 -35 -25 -22 -9 57 58 -14 -12 -26 -42 -6
right_child=2 4 7 6 8 22 -8 17 10 27 11 18 23 38 46 29 -18 -19 20 24 54 37 -24 53 60 39 44 -29 -30 33 31 36 40 35 -36 41 -38 -39 43 -41 61 -43 -44 -45 -46 -47 -48 -49 -50 -51 51 -53 -54 -55 -56 -57 -58 -59 -60 -61 -62 -63 -64
leaf_value=-0.19791594531250001 -0.10462524999999996 -0.23213428125000002 -0.15537918750000002 -0.13132593750000005 -0.0049940625000000072 -0.23213428125000002 0.00010717187499995618 -0.033613749999999977 -0.12357890625 -0.017404576171874964 -0.0063051562500000546 -0.099581324218750045 0.16886560937500003 0.16114842187500003 -0.042738124999999988 -0.0048815625000000031 -0.044351796875000044 -0.12695093749999997 -0.050125312500000033 0.055931421875000026 -0.12232856250000004 -0.11587854687500002 -0.13776265625000003 -0.19810650000000002 0.049281152343749995 0.027349390625000039 -0.21680840625000003 -0.20105524999999999 0.00011906250000000008 5.9374999999750603e-06 -0.0016859531249999726 0.038689046874999994 0.038689046874999994 -0.017192812499999998 -0.044878437500000007 0.070526312499999966 0.13582623437500005 0.025681171874999988 0.13393873437500001 0.23313031249999999 -0.0021378124999999583 -0.090612343750000032 0.2112234375 0.045681093750000006 -0.0023815625000000121 -0.047787187499999995 -0.088493281250000028 0.20744500000000007 0.047849687499999988 -0.011317515625000009 0.047618437499999992 0.1451184375 0.095362187500000056 -0.15159267968750001 0.19365718749999999 -0.1092623515625 0.060398964843750007 -0.1627315 -0.12994598242187499 0.088593437499999983 -0.10186407031250005 -0.1450128125 -0.14525656250000002
leaf_weight=1791 4061 268 1332 1212 535 543 3551 2962 1791 238 1476 1567 57 351 8477 10216 3590 605 1603 950 79 2748 384 1943 264 206 223 1439 6126 174023 6239 4663 86748 3176 4810 413 1803 321 463 417 20909 4141 77 438 17861 1245 1901 1577 1071 443 2337 850 1134 238 393 334 166 334 22 985 321 267 591
leaf_count=1791 4061 268 1332 1212 535 543 3551 2962 1791 238 1476 1567 57 351 8477 10216 3590 605 1603 950 79 2748 384 1943 264 206 223 1439 6126 174023 6239 4663 86748 3176 4810 413 1803 321 463 417 20909 4141 77 438 17861 1245 1901 1577 1071 443 2337 850 1134 238 393 334 166 334 22 985 321 267 591
internal_value=-0.000705322 -0.00030289 -0.0116658 -0.0119239 -6.6099e-06 -0.00999875 -0.00469127 -0.00480916 0.000121673 -0.00561591 0.000262529 0.00503131 -0.0190944 0.0109792 0.000120447 0.000260596 -0.00554548 -0.00164133 -0.0020866 0.000200766 0.00231874 -0.0190109 -0.0285244 -0.0262291 0.00722626 0.0122974 -0.00289748 -0.0237583 -0.00141959 0.000467925 0.00118401 0.00407089 0.000795623 -4.33944e-05 0.00015179 -0.00398179 0.00684184 -0.0144814 0.0165016 0.0241454 0.00114706 -0.00783799 -0.0105194 0.0198519 -0.00212348 -0.0101458 -0.00450901 0.0228396 -0.000783441 0.00603828 0.00505662 0.00927018 9.16452e-05 -0.030143 0.0199004 -0.00439762 -0.0114747 -0.0192326 0.0132111 0.00363455 -0.00640062 -0.000901724 -0.0108294
internal_weight=401299 387087 14212 9623 377464 4785 4763 7391 372679 8929 363750 10523 6821 5733 353227 342849 3858 6059 4790 5454 3146 4860 927 2760 2158 1573 21120 1677 7252 321729 134032 15892 118140 187697 178833 8864 9653 3069 3272 623 107924 4554 1644 2478 19329 1468 10378 2040 2674 794 7850 3187 4310 2181 472 3296 579 413 79 2461 585 21176 1126
internal_count=401299 387087 14212 9623 377464 4785 4763 7391 372679 8929 363750 10523 6821 5733 353227 342849 3858 6059 4790 5454 3146 4860 927 2760 2158 1573 21120 1677 7252 321729 134032 15892 118140 187697 178833 8864 9653 3069 3272 623 107924 4554 1644 2478 19329 1468 10378 2040 2674 794 7850 3187 4310 2181 472 3296 579 413 79 2461 585 21176 1126
is_linear=0
shrinkage=0.05


Tree=6
num_leaves=64
num_cat=0
split_feature=7 7 3 2 3 33 11 2 27 7 3 3 22 20 2 17 24 13 4 20 0 22 30 6 29 2 17 10 17 0 3 22 21 2 10 7 9 0 0 3 21 7 3 6 21 13 2 3 10 29 45 6 6 10 6 25 20 2 3 0 3 0 33
split_gain=667.866 493.128 388.122 346.753 150.945 142.359 119.587 114.373 102.967 101.484 162.792 159.098 193.773 93.5198 92.7091 94.1063 104.184 91.7026 88.5928 84.3813 77.6947 74.6398 72.1887 71.7474 63.583 57.9145 55.5196 51.4813 47.1759 45.7556 44.8973 45.1691 73.041 41.4804 53.1921 53.9636 72.8091 40.7547 56.655 42.7771 40.6034 40.3554 39.3487 38.7457 38.5698 38.2799 37.4777 46.0483 36.9778 36.8854 36.6671 36.4716 40.0558 39.527 35.4078 34.9488 34.6615 32.8452 32.7132 41.5305 32.4298 31.5898 31.3184
threshold=147.55026814150787 1.0000000180025095e-35 0.34300318682888015 -0.52491825587567653 -0.68118604763108359 0.050041017047637852 -0.16923079798816451 -0.39307621340157578 0.20430101861487238 74.873907607069626 0.50716487393518372 0.78663869651414353 -138.89540816326536 0.26112225817264983 0.09017873339754752 39.189232142600524 5.166666666666667 -0.39470220751021184 -12.178571428571423 0.33630518479487898 427.21428571428584 -1743.6122448979577 99.7551081449012 0.23277849267940168 0.20000039666414868 -0.074074090149176527 161.4330591238087 246.64285714285717 41.588852497971509 117.07142857142858 -0.20000000238102922 140.6377551020409 -0.091538156224062833 0.11031222550845476 1520.7857142857144 1942.5986536628823 6.5000000000000009 15.071428571428573 47.785714285714292 0.39040846252598982 -0.43424788811088944 884.05154563535905 4.5161107183231586 -0.50233740419437234 -0.11013817233899308 0.12639577477965666 0.41509419944821774 0.0076918956779524006 3.6428571428571437 -0.55442791889431708 33.333332522045779 -0.40921583704897085 -0.014260133658312949 60.500000000000007 0.67680791104384208 718.357142857143 1.4611130429438342 -0.20964932574954756 1.0652389965096647 140.92857142857147 -0.019678264863241996 1238.0714285714287 0.22946175553711318
decision_type=2 2 2 2 2 2 2 2 2 2 2 2 2 2 2 2 2 2 2 2 2 2 2 2 2 2 2 2 2 2 2 2 2 2 2 2 2 2 2 2 2 2 2 2 2 2 2 2 2 2 2 2 2 2 2 2 2 2 2 2 2 2 2
left_child=1 25 7 17 48 20 49 -2 40 11 46 30 28 22 -14 16 19 -3 50 -16 26 -12 24 33 -10 -1 -4 54 -13 -25 -6 37 -33 34 35 -9 -37 45 39 62 -8 -24 -22 -41 -21 -32 -11 -48 -5 -7 -19 -40 53 -53 -23 -36 -17 -34 59 -18 -55 -29 -39
right_child=2 3 5 4 9 6 8 23 13 10 21 12 14 -15 15 56 58 18 -20 44 42 27 41 29 -26 -27 -28 61 -30 -31 31 32 57 -35 55 36 -38 38 51 43 -42 -43 -44 -45 -46 -47 47 -49 -50 -51 -52 52 -54 60 -56 -57 -58 -59 -60 -61 -62 -63 -64
leaf_value=-0.22052756718750005 -0.18255074960937501 -0.14916198417968748 -0.13572286030273437 -0.15596798593750003 -0.0022624843750000067 -0.22919880000000004 -0.21517412500000008 -0.0019410148437499775 0.248598796875 -0.0001259218750000013 -0.18621922656250001 -0.016587878222656262 -0.0081402109375000361 -0.0640821484375 -0.034421130078124973 -0.054886242187500003 0.23468896093750002 -0.102450905859375 -0.0048981867187500418 0.09596862890625002 -0.14767353437499997 -0.0062277281249999879 0.19920797226562503 0.16839692968750006 -0.21439191562500001 -0.22052756718750005 0.034311051757812461 -0.13557617500000002 -0.20685155000000002 -0.083880582226562528 -0.0063168749999999996 -0.0045782656250000107 -0.042756859375000025 -0.069313424999999956 -0.03159434375000001 0.14599539062499997 -0.072221976562500026 0.036754594531250011 -0.013245405468749994 0.03450281249999998 -0.044491234375000049 -0.10863203593749998 -0.19127134374999999 0.12925459453125004 0.1784838359375 0.013686607421874997 0.029716887500000011 -0.088545371093749992 -0.077578734375000027 -0.13047429687500001 -0.18633528085937501 0.036754594531250011 5.6406249999696456e-06 0.045225625000000005 -0.14317732382812504 -0.16896842187500002 0.20744434804687498 0.00011907812500004944 0.23424155468749999 -0.0030853593749999852 0.00011876562499999466 0.22081720312500003 0.086754594531250007
leaf_weight=490 576 2176 882 511 41743 394 171 11860 363 29344 1325 1324 1089 394 562 588 180 658 2422 864 4454 1878 104 71 43 843 435 753 361 3599 8224 19954 1667 2567 379 309 189 20675 6141 696 717 144 770 1446 1572 5352 520 1344 2781 682 366 33496 78440 8655 246 303 72 60202 703 150 30231 34 1815
leaf_count=490 576 2176 882 511 41743 394 171 11860 363 29344 1325 1324 1089 394 562 588 180 658 2422 864 4454 1878 104 71 43 843 435 753 361 3599 8224 19954 1667 2567 379 309 189 20675 6141 696 717 144 770 1446 1572 5352 520 1344 2781 682 366 33496 78440 8655 246 303 72 60202 703 150 30231 34 1815
internal_value=-0.00063206 -5.84711e-05 -0.00788595 5.07205e-05 0.000240575 -0.016167 -0.00716942 -0.0039009 0.000255669 0.000337609 -0.00220333 0.000613715 0.0078291 0.0108721 0.0121789 0.0152299 0.0180956 -0.0122721 -0.00719509 0.0133735 -0.0203093 -0.0114008 0.022466 -0.00324452 0.0354469 -0.0304141 -0.00944879 -0.00692006 -0.0070886 -0.00953516 0.000444708 0.000675087 -0.000310976 -0.0017649 -0.000620777 0.000129065 0.0162518 0.00108851 0.00128608 0.00351553 -0.0122678 0.00118904 -0.0230461 0.010268 0.0174028 -0.00155383 -0.00095472 -0.00782952 -0.0104174 -0.0205325 -0.0195245 0.000936175 0.00108999 0.00193826 -0.00286945 -0.0142135 -0.00226481 0.000537344 0.0317927 0.018767 0.000853647 -0.017844 0.00287215
internal_weight=401299 371893 29406 370560 364938 9553 3012 19853 1936 361646 35444 326202 7465 1048 5780 4691 4031 5622 3446 2998 6541 4236 654 19277 406 1333 1317 2911 1685 3670 318737 276994 81823 15607 13040 12358 498 195171 181595 24632 888 248 5224 2142 2436 13576 31208 1864 3292 1076 1024 156963 150822 72382 2124 682 660 61869 1033 330 38886 787 22490
internal_count=401299 371893 29406 370560 364938 9553 3012 19853 1936 361646 35444 326202 7465 1048 5780 4691 4031 5622 3446 2998 6541 4236 654 19277 406 1333 1317 2911 1685 3670 318737 276994 81823 15607 13040 12358 498 195171 181595 24632 888 248 5224 2142 2436 13576 31208 1864 3292 1076 1024 156963 150822 72382 2124 682 660 61869 1033 330 38886 787 22490
is_linear=0
shrinkage=0.05


Tree=7
num_leaves=64
num_cat=0
split_feature=7 7 3 2 33 14 5 3 2 6 3 7 3 3 4 14 6 0 25 24 10 2 33 17 0 0 3 7 35 0 33 5 2 10 7 9 3 0 3 14 34 45 5 6 15 6 10 28 27 31 28 10 33 31 10 1 21 3 25 47 21 2 43
split_gain=617.317 491.051 376.187 305.012 132.007 137.395 119.801 113.444 103.805 97.958 97.9533 83.0477 243.08 170.921 157.542 84.0657 74.4654 72.5154 69.5355 60.7137 58.635 57.9145 55.1481 52.6583 46.8585 62.5321 57.0604 87.8895 53.0553 56.3501 46.1164 43.6272 43.4174 50.2052 54.1167 70.8685 43.0816 41.8121 39.9156 39.25 37.2262 40.012 36.876 36.5765 35.3063 41.969 41.0738 38.5218 54.8699 53.9513 44.4012 53.0352 47.7577 34.9167 48.0948 34.682 34.4388 43.0162 34.0641 33.9559 33.8454 38.7712 33.7916
threshold=147.55026814150787 1.0000000180025095e-35 0.34300318682888015 -0.4453181447307718 0.050041017047637852 -0.85714285714285643 -17.749450549450568 -0.57159678502113809 -0.39307621340157578 0.21342515509115836 -0.68118604763108359 55.730400598652714 0.78663869651414353 0.30359998591017201 0.071428571428572063 -10.321428571428561 0.23277849267940168 427.21428571428584 111.64285714285715 695.83333333333337 146.78571428571431 -0.074074090149176527 0.060924369609240712 161.4330591238087 15.071428571428573 62.500000000000007 0.22283625620123484 21.971224203825617 -104.16836734693904 350.9285714285715 0.013274336246067902 0.93626373626373061 0.11031222550845476 1520.7857142857144 1942.5986536628823 6.5000000000000009 4.5161107183231586 112.50000000000001 0.78663869651414353 -50.732142857142911 -0.091663559104325235 32.812500386047432 3.3197802197802089 -0.40921583704897085 18.792307692307691 0.67680791104384208 14.071428571428573 -0.85714307142821411 -0.014184433869019049 0.49999989583335586 0.66666083335601878 201.92857142857147 0.028985506584751051 0.52941174134948221 144.92857142857147 -0.37039752022955835 0.062080733434357105 -0.16985046639002147 836967.71428571444 32.258063652444505 -0.19671644699308302 0.25179852766096639 16.513760160760551
decision_type=2 2 2 2 2 2 2 2 2 2 2 2 2 2 2 2 2 2 2 2 2 2 2 2 2 2 2 2 2 2 2 2 2 2 2 2 2 2 2 2 2 2 2 2 2 2 2 2 2 2 2 2 2 2 2 2 2 2 2 2 2 2 2
left_child=1 21 8 6 17 39 18 -8 -2 19 62 12 24 40 30 38 32 23 55 53 22 -1 60 -4 -12 26 42 31 29 58 -14 -28 33 34 -10 -36 -19 -18 -15 -6 41 -13 -26 -30 45 46 -17 -48 -49 59 -51 52 -52 -7 -55 -3 -45 -58 -27 -50 -16 -62 -5
right_child=2 3 4 10 5 9 7 -9 16 -11 11 13 14 15 20 44 37 36 -20 -21 -22 -23 -24 -25 25 28 27 -29 43 -31 -32 -33 -34 -35 35 -37 -38 -39 -40 -41 -42 -43 -44 56 -46 -47 47 48 49 50 51 -53 -54 54 -56 -57 57 -59 -60 -61 61 -63 -64
leaf_value=-0.20950118882812505 -0.1734232121289063 -0.18151138477539061 -0.12893671728759767 -0.11490396171875 -0.21773886000000006 -0.10320263828125001 -0.11439706016113285 0.00059001949218742136 -0.0018439641015624898 -0.19216266640625002 -0.0043216406250000004 -0.042999157031250013 -0.057893636948242233 -0.12071668339843751 0.080126022460937571 0.12164131289062503 0.16133298945312502 -0.14028985765624996 0.092479035156250028 -0.063610078906250062 -0.0064789996093750357 -0.20950118882812505 0.21274371171875003 0.03259549916992182 0.034916864804687496 0.045117858593749997 0.039446880429687518 -0.11166376759765623 -0.044151578906249968 -0.0022746726562500098 0.072447677929687523 0.15178383277343746 -0.06584775374999996 -0.092813907031250018 0.13869562109374997 -0.06861087773437502 -0.18170777656250003 -0.07950827557617185 -0.19766629667968749 -0.14468521625000005 0.00013037421874999568 0.00475615546874999 -0.13846005937500003 -0.0017963835937500061 -0.11620997609374997 -0.12929258357421877 0.096205871093749992 -0.11571492531250001 0.098108824453124993 -0.035968867968749985 0.021468757617187497 -0.078831947421875007 0.22102568789062504 0.21063008710937503 0.087059458984375004 -0.10726402032226563 -0.0042028906250000109 0.037054052304687522 -0.004762485156250041 -0.08869982109375002 0.074139637792968754 0.17849931855468754 -0.035588828906249995
leaf_weight=490 576 683 882 1201 401 65 1186 3501 11860 290 17994 12211 1244 1030 687 229 63 4454 261 357 405 843 786 435 41425 23921 4263 410 4827 14069 907 1845 2567 682 309 189 770 3607 853 880 34217 3569 142 120948 699 448 433 1679 86 1723 332 254 411 304 715 2891 9636 51194 2891 1387 520 1451 1711
leaf_count=490 576 683 882 1201 401 65 1186 3501 11860 290 17994 12211 1244 1030 687 229 63 4454 261 357 405 843 786 435 41425 23921 4263 410 4827 14069 907 1845 2567 682 309 189 770 3607 853 880 34217 3569 142 120948 699 448 433 1679 86 1723 332 254 411 304 715 2891 9636 51194 2891 1387 520 1451 1711
internal_value=-0.000673924 -0.000122468 -0.0076479 -1.34796e-05 -0.0158006 -0.00713622 -0.0093633 -0.00399927 -0.00372461 0.00204783 0.000206594 0.000280667 0.000619715 -0.0014245 0.0105823 -0.00754854 -0.00309927 -0.0197895 -0.0159174 0.00738672 0.016639 -0.0304141 0.0187553 -0.00929694 0.000416075 0.00057751 0.00221576 0.00656556 0.000231201 0.0018626 -0.000253359 0.00807043 -0.0015919 -0.000421392 0.000307086 0.0164525 -0.0224335 -0.00950792 -0.0170172 -0.0195496 -0.000252915 -0.00226203 0.00153354 -0.000126176 -0.00522646 -0.00415276 -0.00313662 -0.00389288 -0.00495479 -0.00189478 0.00227749 0.010676 0.0174203 0.0132783 0.015548 -0.0177373 -1.20752e-05 0.000958325 0.00320732 -0.0096022 0.0153098 0.0186419 -0.00892655
internal_weight=401299 371893 29406 370560 9553 3012 8522 4687 19853 1731 362038 359126 299565 59561 6000 9564 19277 6541 3835 1441 3849 1333 3444 1317 293565 275571 48085 6518 227486 40881 2151 6108 15607 13040 12358 498 5224 3670 1883 1281 49997 15780 41567 186605 7681 6982 6534 6305 5872 4193 2720 997 743 1084 1019 3574 181778 60830 26812 1473 2658 1971 2912
internal_count=401299 371893 29406 370560 9553 3012 8522 4687 19853 1731 362038 359126 299565 59561 6000 9564 19277 6541 3835 1441 3849 1333 3444 1317 293565 275571 48085 6518 227486 40881 2151 6108 15607 13040 12358 498 5224 3670 1883 1281 49997 15780 41567 186605 7681 6982 6534 6305 5872 4193 2720 997 743 1084 1019 3574 181778 60830 26812 1473 2658 1971 2912
is_linear=0
shrinkage=0.05


Tree=8
num_leaves=64
num_cat=0
split_feature=7 7 3 3 14 33 5 12 27 7 3 9 3 5 8 20 5 5 8 3 7 23 7 24 14 7 24 10 6 3 20 20 38 20 0 0 3 7 5 35 1 1 5 20 0 30 0 10 32 24 18 13 6 3 3 5 20 28 24 12 42 7 10
split_gain=586.803 474.783 360.716 241.132 133.067 141.27 123.105 126.266 118.341 89.0823 215.868 161.821 148.397 83.9953 78.424 77.9109 72.1156 71.0545 67.4156 63.0235 61.4426 60.993 59.9107 79.4376 56.6125 56.217 55.9611 55.5868 51.3666 51.0164 48.1199 45.6547 52.4932 52.2945 45.2955 55.9854 55.1896 68.8495 45.3646 45.2073 44.8912 44.6916 44.1623 54.7602 43.88 40.6588 38.5108 37.8995 37.7952 34.8824 33.1453 32.5225 31.0734 30.6586 30.3275 30.2352 30.175 31.8272 29.9122 29.5553 29.3133 28.3964 28.2055
threshold=147.55026814150787 1.0000000180025095e-35 0.34300318682888015 -0.49704550344907039 -50.732142857142911 0.046826029890318761 -17.749450549450568 -0.58485994420183773 0.21212101928378066 55.730400598652714 0.78663869651414353 4.5000000000000009 0.30359998591017201 -17.749450549450568 0.81951219212373605 0.26112225817264983 -142.36593406593428 12.89890109890109 0.85507246164371242 -0.75071334250655108 1942.5986536628823 -0.15151515663457618 884.05154563535905 52.500000000000007 -1.6785714285714288 575.42583609436599 4.8333333333333348 150.6428571428572 -0.50233740419437234 -0.22934022600277695 0.3588881482304403 0.20384923999877333 79.807700086909833 0.8387095985085059 15.071428571428573 62.500000000000007 0.22283625620123484 21.971224203825617 0.93626373626373061 -97.08673469387756 -0.33486591382527731 0.55214721783845866 35.75274725274722 0.66890680831308014 382.21428571428584 0.58669952441239448 311.78571428571433 122.50000000000001 4.5000000000000009 574.50000000000011 0.68126244671317571 0.21073269459894559 0.19999997844556958 -0.68118604763108359 0.61591235319110682 1.0000000180025095e-35 0.11547599672924026 -0.33333566665759257 1.5000000000000002 0.38596484136144832 17.647067762406532 179.78467654028196 54.214285714285722
decision_type=2 2 2 2 2 2 2 2 2 2 2 2 2 2 2 2 2 2 2 2 2 2 2 2 2 2 2 2 2 2 2 2 2 2 2 2 2 2 2 2 2 2 2 2 2 2 2 2 2 2 2 2 2 2 2 2 2 2 2 2 2 2 2
left_child=1 18 16 13 44 42 7 40 25 10 34 24 -11 -3 27 22 21 29 53 -15 41 -2 23 -10 -12 -7 30 -14 60 45 -26 48 -33 -34 51 36 -36 38 -38 46 -5 -19 43 -6 -4 -18 -37 -32 -16 50 -24 -8 -25 -1 -9 -20 57 -13 -42 -41 -29 -45 -21
right_child=2 3 4 6 5 8 9 54 15 12 11 56 14 19 31 -17 17 20 55 62 -22 -23 49 52 26 -27 -28 28 -30 -31 47 32 33 -35 35 39 37 -39 -40 59 58 -43 -44 61 -46 -47 -48 -49 -50 -51 -52 -53 -54 -55 -56 -57 -58 -59 -60 -61 -62 -63 -64
leaf_value=-0.20077773563671875 0.02407474707031252 -0.14224442868115236 0.005011799699706998 -0.17347427477026367 -0.12523345071093747 -0.070557626921875019 -0.0056599492187500381 -0.0054610224311523849 -0.16185259621875009 -1.3660117187486165e-05 -0.0071246011132812372 -0.21051110526672359 -0.070334285556640674 -0.09707550714819338 0.22847294416015629 -0.065668513964843772 0.11303789601513672 -0.040370407302734425 -0.19902612938671879 -0.048538640896484388 0.14582246632763671 -0.16549331714746096 -0.19376751184375007 0.22309088408203126 -0.0077227992276611042 -0.21817007605468752 0.19199598667968748 -0.19462577765820313 -0.09158866661132814 0.00026698410351562175 0.16544859227539066 -0.09418205494531251 0.022945261109374962 -0.11649405091015629 0.033171021564453132 0.040927810195312511 0.037813720802734402 -0.10192931710839843 0.14419464113476557 -0.0017121894140624595 -0.11886400917919926 -0.10091018523486324 -0.13039306321093744 -0.12436805793688968 -0.20685191700000005 -0.087920883865234431 0.00010659222656248524 0.0032850681982421917 -0.024085745656249991 -0.1428975505078125 0.20469088408203123 0.037155040722656255 -0.039413479033203185 -0.077361639542968777 -0.087051032626953087 -0.19902612938671879 -0.0019394814824219343 0.24878350393884277 -0.046483248222167983 0.039295047384765663 -0.12276009964062498 0.094907043937988267 0.0023951593749999668
leaf_weight=157 223 1393 118 540 2135 1079 13307 6619 57 45555 441 22 3207 2363 302 500 125 5330 583 4435 369 634 25 475 430 295 923 806 1083 10747 1697 1093 1787 247 41137 23523 4556 434 1846 170247 583 1239 2684 109 1497 1186 17470 254 250 137 66 4590 50 423 637 170 2747 66 754 12850 342 326 2024
leaf_count=157 223 1393 118 540 2135 1079 13307 6619 57 45555 441 22 3207 2363 302 500 125 5330 583 4435 369 634 25 475 430 295 923 806 1083 10747 1697 1093 1787 247 41137 23523 4556 434 1846 170247 583 1239 2684 109 1497 1186 17470 254 250 137 66 4590 50 423 637 170 2747 66 754 12850 342 326 2024
internal_value=-0.000641031 -0.000103376 -0.00744046 3.76457e-06 -0.0154238 -0.0127606 0.000218527 -0.00551237 -0.00342573 0.00036757 0.000709499 0.00966475 -0.00148696 -0.00757163 -0.00730989 0.00732387 -0.00359868 -0.00295824 -0.029889 -0.00576903 -0.00698967 -0.0177867 0.0169053 0.0254166 0.0164869 -0.013678 0.0187328 -0.0111243 -0.0171866 -0.00063816 0.014676 -0.00167025 -0.0040117 0.000734969 0.000506259 0.000666555 0.00221676 0.00637717 0.0076842 0.000334664 -0.0170715 -0.00810537 -0.0175282 -0.012838 -0.0285091 -0.00994966 0.00183555 0.0180129 0.011583 -0.00480053 0.0191548 -0.0019302 0.0315083 -0.0170574 -0.00252133 -0.0397623 0.000650771 0.0294552 -0.0121494 -1.33809e-06 -0.024558 0.00332108 -0.00321175
internal_weight=401299 371893 29406 370560 9553 7938 360345 9133 2684 351212 296540 6580 54672 10215 9117 1310 19853 18996 1333 8822 6938 857 810 582 3745 1374 3304 5438 2231 12058 2381 3679 3127 2034 289960 272063 47973 6836 6402 224090 1877 6569 5254 2570 1615 1311 40993 1951 552 228 91 17897 525 580 7256 753 2835 88 1337 183097 1148 435 6459
internal_count=401299 371893 29406 370560 9553 7938 360345 9133 2684 351212 296540 6580 54672 10215 9117 1310 19853 18996 1333 8822 6938 857 810 582 3745 1374 3304 5438 2231 12058 2381 3679 3127 2034 289960 272063 47973 6836 6402 224090 1877 6569 5254 2570 1615 1311 40993 1951 552 228 91 17897 525 580 7256 753 2835 88 1337 183097 1148 435 6459
is_linear=0
shrinkage=0.05


Tree=9
num_leaves=64
num_cat=0
split_feature=5 12 33 5 3 1 5 34 10 6 13 4 6 17 8 12 20 4 3 3 6 39 14 27 10 0 0 25 5 20 46 3 35 12 3 3 17 15 5 0 45 6 28 10 33 3 45 3 6 20 12 47 10 35 1 28 44 8 8 24 49 29 13
split_gain=554.411 397.648 230.949 187.899 186.342 123.591 120.278 112.096 95.284 201.473 152.366 117.993 98.9938 98.8577 109.702 91.1669 77.9553 72.4402 68.381 65.4692 56.4651 56.2054 54.7471 53.785 76.1719 52.7149 50.6453 46.8776 45.0665 43.2572 41.1377 40.2506 40.0013 60.1984 69.5356 58.532 47.6032 45.3112 39.7078 42.5589 37.4631 83.5946 37.1252 36.2419 36.1317 36.0374 44.3864 38.5389 47.3192 40.5701 34.3629 33.7336 41.7891 33.5989 32.8649 31.4916 31.0828 31.0419 30.9596 30.4298 36.9097 30.3342 30.0381
threshold=15.987912087912081 -0.52631592036007058 0.028985506584751051 -12.356043956043964 -0.68118604763108359 -0.29411768339100158 35.75274725274722 -0.31218816636575181 137.92857142857147 -0.65629199787604486 1.0260314762026594 0.28571428571428659 -0.10899114085956628 1.3701566210955571 0.97826085361531234 0.33333323287037803 0.40361249421841089 0.035714285714285553 1.216535760250016 -0.68118604763108359 0.045509167504249007 53.246807289632535 -23.732142857142858 0.17772449304496593 417.07142857142867 2425.8571428571436 7.3571428571428585 1010.7142857142858 0.5208791208791026 1.8465987562346324 20.833314348930454 0.47852643659297717 -11.142857142857157 0.29333324280000717 0.37365749733347214 -0.025394067104188244 19.614655051644544 -0.22417582417582441 -7.8527472527473172 91.357142857142875 48.387132216544721 -1.4360024298316889 0.533332260000835 1520.7857142857144 0.0040816325655976008 0.34300318682888015 45.833373264005793 -0.27722602890298464 0.40937014741105443 0.29531651433169698 1.2499993906251661 63.38048018556141 190.64285714285717 -0.010204081632652949 1.4507855915496055 0.45504479826286054 34.286227700386057 0.55999999066666695 0.4843749943237306 7.5000000000000009 1.0717274061570141 0.12993104580929862 -0.13106228947301021
decision_type=2 2 2 2 2 2 2 2 2 2 2 2 2 2 2 2 2 2 2 2 2 2 2 2 2 2 2 2 2 2 2 2 2 2 2 2 2 2 2 2 2 2 2 2 2 2 2 2 2 2 2 2 2 2 2 2 2 2 2 2 2 2 2
left_child=1 3 6 5 26 -1 40 23 10 22 13 44 28 14 -6 58 21 53 -8 -5 32 -17 -10 -4 42 29 57 -7 -13 45 -20 -23 35 -34 50 37 -36 -15 -28 -40 -2 -42 -25 61 -12 47 -47 48 49 -11 -35 -18 -53 -16 -22 -48 -46 -3 -9 60 -30 -27 -49
right_child=2 4 7 19 8 27 18 15 9 25 11 12 -14 20 17 16 51 -19 30 -21 54 31 -24 24 -26 43 38 -29 59 -31 -32 -33 33 34 36 -37 -38 -39 39 -41 41 -43 -44 -45 56 46 55 62 -50 -51 -52 52 -54 -55 -56 -57 -58 -59 -60 -61 -62 -63 -64
leaf_value=-0.16926923383912351 -0.086158645956152358 -0.10271570282771608 -0.13390574273632813 -0.14483978805054934 -0.0151515466283203 -0.09248537136304931 -0.10154480992575686 -0.12911123342724615 -0.16474206557460938 -0.16052343088535156 -0.0631150645145752 0.043258102867089754 0.019846150391357467 0.043584753690429738 0.0016036958368652377 0.051744598961425761 0.043257710544921849 -0.053048137081054672 -0.16728335223789062 -0.0063413294356445609 -0.0015015799433593547 0.1429873273208008 -0.072624911415649376 -0.039666561684570389 -0.13334532032519528 -0.042517998695410175 -0.12521338878906252 0.10079278200234376 0.1888682067101837 0.047700993679687498 -0.13679952580664065 0.22348905847167966 0.00028141224414066638 0.035905907986230501 0.13039868725385742 0.030269596990234373 -0.0016479718213866957 -0.0017617345507812577 -0.070769605462902882 0.029467762896472127 -0.18283170618046873 0.077497910543701129 0.15722503587846681 -0.12831559337062989 -0.004666445861328139 -0.084740991093261719 0.034159283531347742 0.0029037325566406039 0.01795208972656246 -0.052083619005859408 -0.072365037525146475 0.14167900102656247 -0.092348601688281254 -0.18907482291738287 -0.073007729237792904 0.26650705189477542 0.081166571267480461 -0.18907482291738287 -0.032098730687597721 0.21392314047070313 0.1071761626616211 -0.14014797962677003 -0.0020983221308593868
leaf_weight=1898 4456 210 1769 692 5625 2728 1925 205 1023 402 1016 477 1164 12942 44 834 409 594 1198 5556 120853 424 1705 347 278 1398 809 171 738 2646 658 379 103600 7238 1984 35777 688 3767 1749 528 135 562 324 491 1277 2443 221 10787 813 1810 310 50 445 373 963 66 763 205 4478 575 1041 202 42061
leaf_count=1898 4456 210 1769 692 5625 2728 1925 205 1023 402 1016 477 1164 12942 44 834 409 594 1198 5556 120853 424 1705 347 278 1398 809 171 738 2646 658 379 103600 7238 1984 35777 688 3767 1749 528 135 562 324 491 1277 2443 221 10787 813 1810 310 50 445 373 963 66 763 205 4478 575 1041 202 42061
internal_value=-0.0006196 -0.000206695 -0.00898464 -0.00955582 7.13424e-05 -0.0169988 -0.0148191 -0.00374116 0.000180617 -0.00153925 0.000557124 0.00782077 0.0134778 0.000383348 -0.00565016 -0.000483797 0.00714061 -0.020814 -0.0215929 -0.00384037 0.000522331 0.0136491 -0.0148437 -0.0123965 -0.00278685 -0.000966134 -0.0114093 -0.0105015 0.0185246 -0.00069952 -0.028444 0.0230918 0.0011214 0.000594754 0.00425583 0.00226336 0.0111878 0.00470672 -0.00920093 -0.00581661 -0.00984747 0.000925262 0.00632544 -0.00877289 0.000423743 -0.000981945 -0.00659133 -0.000707765 -0.00619649 -0.00998825 0.00180112 -0.00463997 -0.0134215 -0.0367897 -0.000295486 0.0119993 0.00426205 -0.0278126 -0.00462194 0.0213649 0.0181243 -0.00512155 -0.000393486
internal_weight=401299 382423 18876 11045 371378 4797 8934 9942 367877 66068 301809 7051 3995 294758 6636 7224 2541 1011 3781 6248 288122 1637 2728 2718 949 63340 3501 2899 2831 61249 1856 803 166306 113820 10220 52486 2672 16709 3086 2277 5153 697 671 2091 3056 58603 2730 55873 3025 2212 7548 904 495 417 121816 287 2040 415 4683 2354 1779 1600 52848
internal_count=401299 382423 18876 11045 371378 4797 8934 9942 367877 66068 301809 7051 3995 294758 6636 7224 2541 1011 3781 6248 288122 1637 2728 2718 949 63340 3501 2899 2831 61249 1856 803 166306 113820 10220 52486 2672 16709 3086 2277 5153 697 671 2091 3056 58603 2730 55873 3025 2212 7548 904 495 417 121816 287 2040 415 4683 2354 1779 1600 52848
is_linear=0
shrinkage=0.05


Tree=10
num_leaves=64
num_cat=0
split_feature=12 10 3 1 3 14 4 13 22 33 0 8 9 27 1 33 34 3 3 3 46 10 15 0 3 34 20 21 3 13 9 45 8 20 3 0 36 49 45 33 24 12 27 20 33 30 0 41 22 45 33 20 3 22 21 13 32 13 8 3 20 13 15
split_gain=344.237 290.495 550.093 190.152 166.074 126.021 117.627 98.5403 184.561 84.7255 80.7872 92.5386 83.379 76.579 71.9748 71.769 70.4667 69.4378 69.2151 66.8803 66.8987 54.8607 54.2209 54.1766 51.6652 49.7875 49.3919 49.2251 61.3646 48.9558 67.061 65.1834 47.0219 58.6369 43.7172 43.1144 42.9659 42.6137 42.584 42.7595 41.0414 39.9436 39.4992 39.6129 38.1942 38.0804 52.9627 35.8975 34.952 65.9062 33.3706 32.8729 32.0894 31.5536 31.3311 31.3005 33.4222 31.2509 31.0419 31.0403 33.3361 30.8244 30.5377
threshold=-0.52631592036007058 180.78571428571433 0.45308637014544556 -0.37039752022955835 -0.68118604763108359 -32.249999999999993 30.571428571428569 1.1070614279103719 -1114.4693877551033 0.019859998601064754 15.071428571428573 0.8313252970314996 12.500000000000002 0.16074868934462314 0.057354768540041456 0.014897426615290801 -0.391434245792666 -0.23537657002530468 -0.32365516090041935 1.216535760250016 21.99998792864649 53.642857142857146 -6.2560439560439631 7.3571428571428585 0.086075590342105421 -0.32159234365920403 0.2975690810031188 -0.18901713404768253 -0.032587795853835193 0.32505728089041463 5.5000000000000009 22.857166881743989 0.86125519771123804 0.38670385589663669 0.50716487393518372 185.21428571428572 -0.17676562863347178 1.095884159663352 27.731074729878657 0.095317510024061414 616.50000000000011 0.22387316920503508 -0.15805526454391441 0.12896166490610142 0.057191645028149211 5.1705587994714239 156.6428571428572 0.51813057679331964 -227.14285714285771 21.15383219858667 0.19603397862232194 2.1980132115563218 -0.0039651005421238493 6.428571428571435 0.63730325611871319 0.8333328283180409 4.5000000000000009 0.16057983163144299 0.55999999066666695 1.0652389965096647 0.16474875043826567 -0.81199669291496546 1.1318681318681307
decision_type=2 2 2 2 2 2 2 2 2 2 2 2 2 2 2 2 2 2 2 2 2 2 2 2 2 2 2 2 2 2 2 2 2 2 2 2 2 2 2 2 2 2 2 2 2 2 2 2 2 2 2 2 2 2 2 2 2 2 2 2 2 2 2
left_child=3 4 17 22 23 -4 7 10 35 19 11 57 -13 37 -14 34 -8 26 61 -7 -21 29 -1 58 55 54 -3 28 -23 42 31 44 -27 40 -15 -9 -18 53 39 -35 -34 -17 43 -12 -31 -29 -47 -26 49 -20 -51 -49 -33 -10 -11 -19 -57 -6 -2 60 -38 -5 -46
right_child=1 2 5 18 6 9 16 8 13 25 21 12 14 15 -16 41 36 24 48 20 -22 27 -24 -25 47 32 -28 45 -30 30 -32 52 33 38 -36 -37 59 -39 -40 -41 -42 -43 -44 -45 62 46 -48 51 -50 50 -52 -53 -54 -55 -56 56 -58 -59 -60 -61 -62 -63 -64
leaf_value=-0.16128006198115169 -0.097579917686330286 -0.11485105608677218 -0.17446842738921886 -0.18010595092117862 -0.0053910223700195381 -0.069380174241602796 -0.097486096579514195 0.057321298877950434 0.035378627511751651 -0.1215188638852539 -0.045783906028139622 -0.048747482135644532 -0.1796210817715137 -0.11858216655633302 -0.001687517083007828 0.052957994128227506 -0.045769429364160175 -0.00014566373916018451 -0.0033087670703769059 -0.15891918462599608 -0.060731862943602916 0.0030131793760742155 -0.066115615897167329 -0.067231125189757712 0.00021190774521482326 -0.080643720584321232 -0.047516096510644527 -0.0017939770379882703 -0.049178865692285134 0.0097919590869531177 0.015882138895507849 -0.011792486258789037 0.19932951546997071 0.0023431154518858579 0.096117786179375053 -0.14251594766300971 0.0042501627324218029 -0.0043682126993530362 0.22437532492119147 -0.1417738100642304 -0.013252974112607441 0.17839777261128176 0.033381117140722651 0.002720879092871087 0.051973768574024692 0.046274776144628896 0.00063510749691164659 -0.049696526152294987 -0.0050598852860302751 -0.13284059849290714 0.01065559111617489 0.087949275431250001 0.1311852281168604 0.143130625806488 0.055982583904318872 0.13677433908154299 0.029907811228027326 0.041308273543066369 -0.1796210817715137 0.13993406694429325 -0.048232036308554729 -0.08303307930394227 0.17150800592627197
leaf_weight=1427 210 650 1833 701 10284 1853 2414 215 830 794 3792 3080 567 164 231 332 2499 27336 1180 1464 620 4286 517 2933 3890 898 2593 90624 9159 2976 6803 244 304 321 870 832 3164 1791 119 170 122 1346 74945 36927 1320 6167 59198 7644 4821 960 199 343 2264 908 164 477 1025 3889 205 326 1230 1446 403
leaf_count=1427 210 650 1833 701 10284 1853 2414 215 830 794 3792 3080 567 164 231 332 2499 27336 1180 1464 620 4286 517 2933 3890 898 2593 90624 9159 2976 6803 244 304 321 870 832 3164 1791 119 170 122 1346 74945 36927 1320 6167 59198 7644 4821 960 199 343 2264 908 164 477 1025 3889 205 326 1230 1446 403
internal_value=-0.00060739 -0.000358661 -0.00381404 -0.00922976 0.000180172 -0.0153306 0.000291233 0.000452909 0.0062012 -0.0122044 0.000320801 -0.00292752 -0.00977154 0.00946067 -0.0241762 0.0157793 -0.00515359 -0.00154454 -0.00625813 -0.0169782 -0.0231251 0.000516853 -0.023453 -0.0109002 -0.000983542 -0.00570347 -0.00858592 -7.55161e-05 -0.00297841 0.00129089 0.00408241 0.00744335 -0.00108319 0.00617218 0.0054105 -0.0132222 -0.0026797 0.00460316 -0.00376168 -0.0102729 0.020406 0.0221649 0.000952716 -0.000300719 0.00396778 0.00017466 0.00109454 -0.00375891 -0.0038959 -0.00891155 -0.0173799 -0.00567728 0.0139528 0.0101807 -0.0150245 0.000159338 0.00718661 -0.00105446 -0.0278126 0.000126057 -0.000977447 -0.014133 0.00989206
internal_weight=401299 390048 52620 11251 337428 8662 334080 324447 7288 6829 317159 18051 3878 6241 798 2712 9633 43958 9307 3937 2084 299108 1944 3348 40715 2892 3243 169434 13445 129674 14010 7207 1934 1036 1034 1047 7219 3529 610 491 426 1678 115664 40719 4699 155989 65365 11877 7160 2339 1159 7987 2508 1738 958 28838 1502 14173 415 4720 4394 2147 1723
internal_count=401299 390048 52620 11251 337428 8662 334080 324447 7288 6829 317159 18051 3878 6241 798 2712 9633 43958 9307 3937 2084 299108 1944 3348 40715 2892 3243 169434 13445 129674 14010 7207 1934 1036 1034 1047 7219 3529 610 491 426 1678 115664 40719 4699 155989 65365 11877 7160 2339 1159 7987 2508 1738 958 28838 1502 14173 415 4720 4394 2147 1723
is_linear=0
shrinkage=0.05


Tree=11
num_leaves=64
num_cat=0
split_feature=7 7 3 2 14 24 3 2 7 3 3 9 10 7 4 13 8 28 8 6 21 28 33 0 8 3 7 7 9 6 10 2 35 29 16 44 41 28 3 46 33 10 10 25 12 6 2 3 26 0 37 6 33 3 38 2 0 13 10 33 43 2 13
split_gain=526.834 468.904 325.313 223.635 115.308 129.379 104.107 88.9726 77.8201 197.878 157.59 143.355 79.6771 77.4015 72.0566 72.3425 68.6847 64.007 62.4668 56.412 56.1827 54.2289 64.3586 48.5875 47.6455 47.5334 46.7629 45.701 50.5477 45.4338 45.4284 80.9911 43.4381 42.9221 42.4964 40.3384 46.8542 39.824 39.798 45.2222 37.8437 37.1606 36.6281 42.4219 36.6013 35.3057 35.1259 36.955 34.4509 34.0196 34.0013 46.7846 32.5426 31.7928 31.6445 31.408 30.455 30.0727 29.9091 31.3224 27.7818 27.8903 27.3384
threshold=147.55026814150787 1.0000000180025095e-35 0.34300318682888015 -0.52491825587567653 -73.107142857142819 58.500000000000007 -0.68118604763108359 -0.39307621340157578 48.151758385462884 0.78663869651414353 0.30359998591017201 4.5000000000000009 150.6428571428572 884.05154563535905 -12.178571428571423 -0.39470220751021184 0.85507246164371242 0.74999540626339867 0.73664824944293528 0.10383658913915632 -0.089670632102059986 0.32131906492349288 0.018589680006648502 758.07142857142867 0.85106382698484573 -0.038321953971181141 1.7670358322806297 1942.5986536628823 6.5000000000000009 -0.03961802882018859 61.071428571428577 0.16128524363154215 -26.48469387755102 -0.091618806455213586 -0.84480790653787452 43.999997311998577 5.1094785595847645 0.59999664000784003 0.61591235319110682 22.222232234572466 0.14735535543768083 38.785714285714292 1520.7857142857144 631.64285714285722 0.36363626119146775 -0.12944419283585482 0.41509419944821774 -0.018281210963019545 -0.066666744444437584 117.07142857142858 49.509800767492628 -0.40921583704897085 0.0089216315669565019 -0.68118604763108359 79.807700086909833 0.017708352050428356 15.071428571428573 0.63333282518538281 122.50000000000001 0.070068744494834911 25.000000000000007 0.0096434787970208508 -0.18743048226661577
decision_type=2 2 2 2 2 2 2 2 2 2 2 2 2 2 2 2 2 2 2 2 2 2 2 2 2 2 2 2 2 2 2 2 2 2 2 2 2 2 2 2 2 2 2 2 2 2 2 2 2 2 2 2 2 2 2 2 2 2 2 2 2 2 2
left_child=1 16 7 14 -4 23 -5 -2 9 26 46 20 18 17 62 -16 53 41 50 25 37 45 -23 -6 38 42 -8 60 -29 30 31 32 -28 57 -24 36 48 -11 -14 -40 -15 -7 -9 -44 -33 -20 -10 -48 -19 -21 -12 -52 -39 -1 -26 -18 -34 -25 59 -22 61 -27 -3
right_child=2 3 4 6 5 13 8 19 10 11 12 -13 24 40 15 -17 55 35 21 49 58 22 34 33 54 27 29 28 -30 -31 -32 44 56 -35 -36 -37 -38 52 39 -41 -42 -43 43 -45 -46 -47 47 -49 -50 -51 51 -53 -54 -55 -56 -57 -58 -59 -60 -61 -62 -63 -64
leaf_value=-0.17648995565629644 -0.14100889260129765 -0.1519359877981098 -0.17998185635898631 -0.063869568930269835 -0.086267800928781821 0.16979281952370121 -0.044444638829643605 0.044386591356782204 4.7430215724153518e-05 0.0016959508241448874 -0.081822568024824294 0.00094992092258394667 -0.083072356257542418 -0.093008738259344331 -0.10211135222689854 -0.0029637018327599799 -0.17064002768293804 -0.019158070186991116 0.014758145060407714 0.1425604453755078 0.14746450882069148 -0.016674524766244137 0.24319785504560462 -0.025909519628863498 -0.11085555292445673 -0.036017874362846758 0.032970194835395497 0.12443087655009917 -0.071079028766279292 0.00015708623755670282 0.0003651470853955008 0.067235907676215817 -0.0051214712515185393 -0.15958437693645031 0.1399920098182745 -0.099330141034212838 -0.10617348753181149 0.035273247388624321 -0.16370704293217855 -0.065618820061662753 -0.19388394859460722 -0.058214542335775346 0.031413681851387931 -0.17692305883396364 0.12552346447648929 -0.10598383600778696 0.0067021295282543971 -0.084759105024418968 0.19740571702185028 -0.050070094520561576 0.16235039872475032 -0.08402365099565251 0.16313722557113378 -0.075019301846630887 -0.0068676245268239899 -0.17718370766473149 0.031362355919379907 -0.11866566618457997 0.04685318670455501 0.18403859473485845 -0.014538617558855617 -0.085706302289838915 -0.092912784930754055
leaf_weight=157 576 673 1156 3292 3192 151 4349 3321 61582 674 3568 2254 1366 514 1736 2422 582 81 762 72 1313 611 220 325 644 1719 7705 214 112 176276 45991 1899 5262 1092 459 130 89 243 1134 467 183 1137 127 123 1012 506 820 1452 404 6665 174 184 455 423 1335 171 38244 1099 314 371 5274 1650 791
leaf_count=157 576 673 1156 3292 3192 151 4349 3321 61582 674 3568 2254 1366 514 1736 2422 582 81 762 72 1313 611 220 325 644 1719 7705 214 112 176276 45991 1899 5262 1092 459 130 89 243 1134 467 183 1137 127 123 1012 506 820 1452 404 6665 174 184 455 423 1335 171 38244 1099 314 371 5274 1650 791
internal_value=-0.000572752 -6.33112e-05 -0.00701538 4.31644e-05 -0.0145968 -0.0125573 0.000195636 -0.00336698 0.000276223 0.000652303 -0.00115423 0.00993848 -0.00656118 -0.00351233 -0.00985308 -0.00649215 -0.0296639 0.00150344 -0.00291405 -0.00278802 0.0164669 0.00316446 0.0103829 -0.0168173 -0.0113413 -0.000805018 0.000466253 -0.00274777 0.015624 0.000547218 0.00139787 0.00237971 0.00191843 -0.0220162 0.0209763 0.0136273 0.0193259 0.00866919 -0.01535 -0.0207014 -0.0178525 -0.00511994 0.00407297 -0.0143743 0.0104926 -0.00417554 -0.000186284 -0.00629154 0.0254484 -0.00647831 -0.00687578 0.00780508 0.0170391 -0.0167126 -0.00532818 -0.0396295 0.00130545 -0.0162875 0.0218182 0.0244611 -0.00344147 -0.00698851 -0.0193942
internal_weight=401299 371893 29406 370560 9553 8397 364938 19853 361646 286362 75284 5624 11430 2689 5622 4158 1333 1992 6484 19277 3370 2558 1290 5708 4946 12540 280738 8969 326 276389 100113 54122 51211 2516 679 704 574 1372 2967 1601 697 1288 3571 250 2911 1268 63854 2272 485 6737 3926 358 698 580 1979 753 43506 1424 1998 1684 8643 3369 1464
internal_count=401299 371893 29406 370560 9553 8397 364938 19853 361646 286362 75284 5624 11430 2689 5622 4158 1333 1992 6484 19277 3370 2558 1290 5708 4946 12540 280738 8969 326 276389 100113 54122 51211 2516 679 704 574 1372 2967 1601 697 1288 3571 250 2911 1268 63854 2272 485 6737 3926 358 698 580 1979 753 43506 1424 1998 1684 8643 3369 1464
is_linear=0
shrinkage=0.05


Tree=12
num_leaves=64
num_cat=0
split_feature=7 7 3 3 7 24 20 27 7 3 9 3 22 8 10 6 8 6 7 15 3 33 47 3 3 21 29 8 3 7 6 0 28 21 3 21 0 4 33 18 28 4 49 22 3 20 33 37 45 24 25 20 32 4 21 10 17 6 0 33 28 28 0
split_gain=487.989 466.981 283.046 192.54 108.637 143.915 130.844 149.472 90.2602 163.615 141.962 128.247 108.643 69.7247 58.93 69.8466 58.2522 58.9748 55.5235 56.753 53.6088 111.628 55.0121 53.1225 52.9302 50.9208 45.3344 44.9206 46.1135 84.9142 69.0323 42.6414 41.9544 41.454 39.0137 38.9552 37.0562 37.3061 36.3849 36.1401 40.4286 34.7323 33.6933 33.0949 32.3675 31.609 31.4981 31.3405 35.2561 40.4343 30.6317 30.3001 30.2385 29.9646 29.8153 29.7359 29.4745 28.6951 30.3537 42.2165 28.5165 33.7233 32.083
threshold=147.55026814150787 1.0000000180025095e-35 0.34300318682888015 -0.53203247791027886 884.05154563535905 62.500000000000007 0.25883526137907475 0.19047602513229897 39.999234685742742 0.78663869651414353 4.5000000000000009 0.30359998591017201 -1743.6122448979577 0.85507246164371242 150.6428571428572 0.038752378936789754 0.27617846551067676 -0.082478551199454228 2.1092382450636 -1.5912087912087938 1.3837475083795654 0.023640661677723152 37.499995386615574 -0.24151967819763884 0.091030961703603308 -0.089670632102059986 0.20000039666414868 0.11557871750101022 0.21604930389803942 20.532701618315794 -0.45099248934482855 758.07142857142867 0.59999664000784003 -0.10583313363722628 0.39040846252598982 -0.13843723606292282 15.071428571428573 3.3571428571428599 0.0010473032210661004 0.62829541326498617 0.69999821500208248 11.035714285714301 1.3350811131883071 -76.505102040816297 -0.68118604763108359 0.16751193268449768 0.0015255530068580003 44.444720436299427 32.500006481255284 20.500000000000004 125.78571428571431 0.7296700537570403 9.5000000000000018 37.910714285714299 0.85885925029062116 89.071428571428584 27.600280958242383 -0.014260133658312949 308.50000000000006 0.24929546805178879 -0.85714307142821411 0.24171393774536667 396.21428571428584
decision_type=2 2 2 2 2 2 2 2 2 2 2 2 2 2 2 2 2 2 2 2 2 2 2 2 2 2 2 2 2 2 2 2 2 2 2 2 2 2 2 2 2 2 2 2 2 2 2 2 2 2 2 2 2 2 2 2 2 2 2 2 2 2 2
left_child=1 13 23 18 5 31 7 -7 9 27 25 16 50 44 15 20 17 -10 -3 35 60 22 -22 46 -25 32 -9 -5 36 30 -30 33 -11 51 -32 -20 -29 57 -33 -6 -41 -18 -37 -36 -1 -31 -2 48 49 -43 -13 -4 -23 -26 -21 -24 -34 58 59 -38 -14 -62 -63
right_child=2 3 4 8 39 6 -8 26 11 10 -12 12 14 -15 -16 -17 41 -19 19 54 21 52 55 24 53 -27 -28 28 29 45 34 38 56 -35 43 42 37 -39 -40 40 -42 47 -44 -45 -46 -47 -48 -49 -50 -51 -52 -53 -54 -55 -56 -57 -58 -59 -60 -61 61 62 -64
leaf_value=-0.16766545787348161 0.027412054534372832 -0.17206807509724348 -0.13664705488190754 -0.0615764374549094 -0.17812294133507031 -0.048533442441685053 -0.10470182073351227 0.1975065394913168 -0.10583919212998012 -0.014585309318065188 0.0064921392038526987 -0.13011330198548504 0.1111131276478184 -0.16210802629879115 -0.059655700642055942 -0.087903098087137643 0.00033500655458520436 0.0073728756593733902 0.0030423217989082652 -0.010676090483756352 0.17265222376983644 0.21476959932237613 0.028065652506122519 -0.0045630899072483634 -0.042955611401168305 0.14049496591965688 -0.1117769847637728 -0.0044588859589042244 -0.0034718295912770981 0.089187624871469945 0.043673643572394699 -0.15972832059211381 0.15571312293618661 -0.046659835348257177 -0.037899623376279702 -0.11479130715824822 0.029794238123410911 -0.0018141492127127902 -0.10625650540001597 -0.18814645699114368 -0.032733801925103605 -0.043749009668137266 -0.0018685023610134799 0.11636063145930496 -0.071268336754299361 -0.0080064944475852339 -0.093094638501605043 -0.046782784890727319 0.005541588580517543 7.6341015833092385e-05 0.013525653861210119 0.027888381804936292 -0.11438930376110434 -0.069260132406299899 -0.1471253153222099 -0.11913840845877242 -0.063257321367886116 0.00045111703133016157 -0.0037131081710007675 0.039176827084409949 -0.047598733675830479 -0.00084533002225506415 0.16661606006907906
leaf_weight=157 287 685 1389 1098 1083 597 920 498 1188 583 2707 3175 308 753 3564 1523 55913 755 569 4478 183 432 342 13087 3012 1743 63 15541 4113 631 7979 523 504 1852 331 2445 50193 49637 1844 230 383 7794 418 2753 423 8307 1512 3557 4617 10613 372 171 39 1955 160 295 89 99196 8383 9441 2077 1387 442
leaf_count=157 287 685 1389 1098 1083 597 920 498 1188 583 2707 3175 308 753 3564 1523 55913 755 569 4478 183 432 342 13087 3012 1743 63 15541 4113 631 7979 523 504 1852 331 2445 50193 49637 1844 230 383 7794 418 2753 423 8307 1512 3557 4617 10613 372 171 39 1955 160 295 89 99196 8383 9441 2077 1387 442
internal_value=-0.000539361 -4.90598e-05 -0.00673993 5.71972e-05 -0.0138117 -0.0113331 -4.57148e-05 0.0111346 0.000234505 0.000717797 0.00915288 -0.00105599 -0.00546322 -0.0295889 -0.00292624 -0.000269632 -0.000317929 -0.00887499 -0.00726948 -0.00610835 0.00235146 0.0112656 0.00011584 -0.00333676 -0.00251993 0.0168014 0.0296649 0.000533553 0.000576772 0.00265799 0.00493506 -0.0153908 0.00875351 -0.0118094 0.00699126 -0.0109831 0.000360793 0.000529836 -0.0205505 -0.0252904 -0.0155684 -0.000116311 -0.0133579 0.0117684 -0.0165403 -0.00120775 -0.0115308 -0.00160434 -0.000929244 -0.00190932 -0.0130374 -0.0178162 0.0306623 -0.0069145 -0.00249995 -0.00681997 0.0181167 0.000887161 0.00167818 0.00207423 -0.000378491 -0.00153478 0.00341425
internal_weight=401299 371893 29406 370560 9553 7857 2078 1158 361805 263229 5626 98576 14139 1333 10592 7028 84437 1943 8755 8070 5505 1291 820 19853 18054 2919 561 257603 256505 24114 15176 5779 1176 3412 11063 3432 232391 216850 2367 1696 613 82494 2863 3084 580 8938 1799 26581 23024 18407 3547 1560 471 4967 4638 637 593 167213 68017 59634 4214 3906 1829
internal_count=401299 371893 29406 370560 9553 7857 2078 1158 361805 263229 5626 98576 14139 1333 10592 7028 84437 1943 8755 8070 5505 1291 820 19853 18054 2919 561 257603 256505 24114 15176 5779 1176 3412 11063 3432 232391 216850 2367 1696 613 82494 2863 3084 580 8938 1799 26581 23024 18407 3547 1560 471 4967 4638 637 593 167213 68017 59634 4214 3906 1829
is_linear=0
shrinkage=0.05


Tree=13
num_leaves=64
num_cat=0
split_feature=5 12 5 34 13 14 6 17 8 10 13 6 22 8 6 14 10 25 27 5 6 4 5 6 20 8 13 20 39 35 12 5 16 25 12 17 49 28 9 13 9 6 6 22 25 25 10 21 25 29 46 17 25 10 46 10 28 16 20 23 17 6 28
split_gain=422.426 316.837 165.277 148.279 126.877 104.619 99.3143 71.6129 89.8068 80.9797 137.077 107.941 75.7273 68.7648 67.0267 69.4712 66.9001 65.3046 76.5767 61.0814 54.9779 54.8212 54.2205 68.8355 65.6657 54.0656 53.7433 51.3809 57.7708 45.3138 60.5646 79.7814 41.4162 40.8717 40.2859 46.5658 39.178 37.0933 37.09 34.4439 33.8167 33.3284 32.8526 32.8385 31.8772 42.7448 31.2992 31.0656 45.2714 30.9831 34.8103 30.3309 30.1396 30.1152 29.2188 29.0628 28.9406 30.5853 29.8782 28.9104 28.7562 27.9053 27.6077
threshold=14.824175824175809 -0.52631592036007058 -12.356043956043964 -0.50188800378598952 -0.75094210212129564 -17.196428571428562 -0.21570799029190157 1.3701566210955571 0.97826085361531234 83.214285714285737 1.1070614279103719 -1.2212473088411244 0.26020408163265357 0.35630826664360887 -0.13586465866750178 -0.96428571428571341 143.07142857142858 9.6428571428571441 0.20430101861487238 35.75274725274722 0.0098057204404966517 -37.35714285714284 -17.749450549450568 0.066168258170064817 0.16751193268449768 0.96715328202421558 -0.81199669291496546 0.8387095985085059 45.000012859378039 -26.48469387755102 0.27868841453911314 0.29010989010988492 0.36109680244356251 908977.71428571444 0.49999944583353845 221.39792376216943 0.69314518363043132 -0.5000026249846875 6.5000000000000009 0.22662518864913769 4.5000000000000009 0.85460804561725945 -0.089155630073665629 134.08163265306129 142.07142857142858 1.3571428571428574 97.500000000000014 0.85885925029062116 6.2142857142857153 -2.0534209024272401 19.354845046840843 1.1427175913319838 217.07142857142858 296.21428571428578 34.5864695432196 19.214285714285719 -0.22727293216247799 -0.25596811586549456 0.24761903523809592 -0.13466778846554722 39.189232142600524 -1.7603246428825685 -0.6666678333287962
decision_type=2 2 2 2 2 2 2 2 2 2 2 2 2 2 2 2 2 2 2 2 2 2 2 2 2 2 2 2 2 2 2 2 2 2 2 2 2 2 2 2 2 2 2 2 2 2 2 2 2 2 2 2 2 2 2 2 2 2 2 2 2 2 2
left_child=1 2 13 19 25 6 -5 8 -6 10 20 16 -10 21 15 -12 60 53 32 55 29 -1 23 59 -24 -3 62 28 46 -9 43 -32 -19 37 -30 -36 -27 -26 42 -23 -17 47 -33 -31 45 -16 -20 61 -49 -18 -51 -28 -48 -7 -43 -2 57 -22 -59 -13 -11 -21 -4
right_child=3 4 26 5 7 17 -8 9 12 11 14 22 -14 -15 44 40 49 18 27 41 56 39 24 -25 33 36 51 -29 34 30 31 38 -34 -35 35 -37 -38 -39 -40 -41 -42 54 -44 -45 -46 -47 52 48 -50 50 -52 -53 -54 -55 -56 -57 -58 58 -60 -61 -62 -63 -64
leaf_value=-0.1504527714412299 0.17823409076524466 -0.059108042600193533 -0.15928218497980751 -0.17618461624213078 -0.016770290382044761 -0.046754629420371119 -0.051874218513124015 0.033739387179546124 -0.15400262498385159 0.070092215891713439 0.021094049705278197 0.013315778366483722 -0.045315749201441595 -0.002551630879555367 -0.057085306973908082 0.15425658865887817 -0.17292538056090589 -0.03735434130674007 0.087588039710816704 -0.16112582287474431 0.048271704095339853 -0.11065750816362599 0.045059827406853797 -0.11540775838147672 0.011431613326448509 -0.15400262498385159 -0.098349914639938349 -0.085954118249435885 0.059963945212766268 0.02823499285007729 -0.0028971727734523169 0.14876218679477024 0.043262832104808482 -0.087959278879405023 0.17135000280062315 -0.0094939583344030975 -0.047013290797213038 -0.0018019371721302191 0.0057762485778934947 -0.041251523643459298 0.074864172581083785 -0.17389899955295518 0.071945842398909707 -0.0039406983044250948 -0.15948117017777008 0.099807037457911446 -0.12271176639942577 -0.13293484502307074 0.10278100927854812 -0.133618412124796 -0.011640824463542955 -0.00073469410090978295 0.059451148930446118 -0.1091145321843825 -0.068390983498435268 -0.076640238987259898 0.0017117225243072022 -0.039440158765284485 -0.0020653066267793288 -0.044288138768128163 -0.10188226090403085 -0.094326843580844311 -0.01774736813270561
leaf_weight=1322 81 3052 352 746 5649 2399 811 22586 413 433 914 1869 563 702 653 1501 263 5316 316 474 1786 1977 6587 1749 6378 177 832 186 957 53534 3659 2102 1134 1001 828 209 131 115944 938 796 757 627 1503 18231 108 588 490 112 150 617 269 4831 219 750 123 3062 78453 5770 25935 5498 242 1423 221
leaf_count=1322 81 3052 352 746 5649 2399 811 22586 413 433 914 1869 563 702 653 1501 263 5316 316 474 1786 1977 6587 1749 6378 177 832 186 957 53534 3659 2102 1134 1001 828 209 131 115944 938 796 757 627 1503 18231 108 588 490 112 150 617 269 4831 219 750 123 3062 78453 5770 25935 5498 242 1423 221
internal_value=-0.000504723 -0.000129159 -0.00847858 -0.00751209 0.000119899 -0.00474511 -0.0169835 0.000208585 -0.00494257 0.000303431 0.000904925 -0.000631842 -0.0189479 -0.0154562 0.00952091 0.0134911 -0.0127159 -0.00325638 -0.00121646 -0.0140769 0.000723296 -0.0179348 -0.000473256 -0.00420081 -0.000211646 -0.0095518 -0.00311012 0.00509968 0.00667252 0.00155963 0.00100097 0.00507126 -0.00435575 -0.000471485 0.0116318 0.0184601 -0.0295196 -0.000389096 0.00949682 -0.0139357 0.0181989 -0.0192998 0.0118013 0.000535706 0.000181603 0.00245347 -0.00297044 -0.0161387 0 -0.0200548 -0.0155682 -0.0016325 -0.00880694 -0.00950907 -0.0283895 -0.00924088 -4.28339e-05 -0.00127332 -0.00163207 -0.00208291 -0.000214783 -0.0183675 -0.017702
internal_weight=401299 380886 11033 20413 369853 14361 1557 366493 6625 359868 219018 140850 976 4797 4521 3172 1824 12804 9655 6052 214497 4095 139026 9116 129910 3360 6236 3205 3019 102553 79967 8202 6450 123323 1994 1037 308 122322 4543 2773 2258 2909 3605 71765 1349 1241 1025 2159 262 1149 886 5663 709 3149 750 3143 111944 33491 31705 7367 675 1897 573
internal_count=401299 380886 11033 20413 369853 14361 1557 366493 6625 359868 219018 140850 976 4797 4521 3172 1824 12804 9655 6052 214497 4095 139026 9116 129910 3360 6236 3205 3019 102553 79967 8202 6450 123323 1994 1037 308 122322 4543 2773 2258 2909 3605 71765 1349 1241 1025 2159 262 1149 886 5663 709 3149 750 3143 111944 33491 31705 7367 675 1897 573
is_linear=0
shrinkage=0.05


Tree=14
num_leaves=64
num_cat=0
split_feature=5 2 0 8 34 5 13 14 3 0 1 10 6 3 8 0 25 1 6 25 27 6 21 22 0 3 0 8 3 0 13 3 39 15 21 45 49 25 3 22 28 0 8 2 10 41 11 6 22 31 13 0 6 29 3 14 1 28 46 30 0 21 34
split_gain=386.889 311.39 157.73 161.987 136.335 136.269 104.433 103.23 100.615 75.2502 71.5973 66.1295 126.809 110.548 120.167 90.0693 75.7927 65.285 61.6006 59.6455 90.4511 55.5377 48.6113 48.5186 48.2742 47.8148 84.1385 50.0619 49.674 64.5683 51.3957 46.2112 45.4707 42.369 40.8408 41.6033 37.7253 37.1992 36.7736 36.4202 35.9772 35.9459 35.8249 34.9587 34.6134 31.7059 32.6592 31.5283 31.5148 31.285 31.0895 37.8629 30.8213 55.5551 29.6557 54.7424 30.3625 29.6473 29.5751 29.1181 32.0328 29.0049 28.9286
threshold=14.824175824175809 -0.39307621340157578 7.3571428571428585 0.85507246164371242 -0.74785064563938264 -23.775824175824201 -0.49394943888860482 -17.196428571428562 0.78663869651414353 758.07142857142867 -0.28719723676680103 83.214285714285737 -1.2212473088411244 0.78663869651414353 0.61212121073002768 241.50000000000003 6.0714285714285721 0.044943793807600656 0.67680791104384208 9.6428571428571441 0.20430101861487238 0.0098057204404966517 -0.49597749491168558 120.79591836734686 15.071428571428573 0.35843010632059336 185.21428571428572 0.76190475132275159 -0.18760355160945147 585.357142857143 -0.35763304432363385 0.091030961703603308 45.000012859378039 0.8175824175824129 -0.67027227183661731 30.769267899581138 1.3138845193384818 111.64285714285715 0.9558943285916357 3847.9234693877561 -0.5127128935313886 608.78571428571433 0.98682473876873866 0.2905833804825147 97.500000000000014 17.213109625432782 0.24628702153327744 -0.93202951507340004 -76.505102040816297 0.43076922579881666 -0.61814639296444762 107.64285714285715 0.22799757138841734 -1.3498211945769267 -0.025394067104188244 -6.2142857142857002 -0.23443934691034227 2.52409840839106 21.64178908331424 91563.219865637802 175.21428571428575 0.28523967069381501 0.15791572173259724
decision_type=2 2 2 2 2 2 2 2 2 2 2 2 2 2 2 2 2 2 2 2 2 2 2 2 2 2 2 2 2 2 2 2 2 2 2 2 2 2 2 2 2 2 2 2 2 2 2 2 2 2 2 2 2 2 2 2 2 2 2 2 2 2 2
left_child=1 5 3 18 9 10 -7 8 -6 52 49 13 15 21 -15 -13 34 -5 -3 -9 31 23 -23 24 -4 28 27 -27 29 58 -30 -21 44 -25 -16 57 -17 -12 -29 -38 41 -28 -34 54 -22 46 -31 -37 -45 -1 51 -24 53 -2 55 -26 -57 -36 59 -14 -61 -58 -42
right_child=4 2 11 17 7 6 -8 19 -10 -11 37 12 25 14 16 36 -18 -19 -20 20 32 22 50 33 43 26 40 38 30 45 -32 -33 42 -35 35 47 39 -39 -40 -41 62 -43 -44 48 -46 -47 -48 -49 -50 -51 -52 -53 -54 -55 -56 56 61 -59 -60 60 -62 -63 -64
leaf_value=-0.13783189177887065 -0.11330322634915563 -0.023990553218073619 -0.0060542030335012601 -0.14630249373465901 -0.0649160145274887 -0.092197326310563432 -0.00071653287100443836 -0.062848346104010674 -0.16807808090742057 -0.13440501714985434 -0.082514529628170283 0.018090065770167873 0.00063793813197126075 -0.010999607008105407 -0.11215517020509794 -0.15822503393229989 0.19533002755579831 -0.12218587596733453 -0.15038927456393944 -0.01493224784411229 0.085171189724025473 -0.047254021587074035 -0.057186883829558832 -0.0044768730938319129 0.083270263989527082 -0.038693322697242419 0.13278928687161615 0.045476191639903935 0.050593266448182211 -0.094540953511034739 -7.9296157111041768e-05 -0.058514607929668429 0.042607472760158464 0.041939446459360076 0.057666972350421508 0.019132777159106107 -0.10822503393229987 0.026360260883540754 0.13929280603122299 0.2713917952670139 -0.089232768928000777 -0.14458833902307708 0.12572024312170629 -0.021850961778339742 -0.067513262120992873 0.15331473760682504 0.0061770271841697479 0.18599417373801774 0.10587480828992596 -0.049484966010096158 0.00040592026110264356 0.013873273030955558 -0.11052134182246323 0.010018666796001097 0.026892776574736522 0.04467927873319813 0.031081648893630898 0.15406399170150797 -0.0480746501474697 0.19125027547689555 -0.19389998828835131 -0.02300293415373025 -0.03352831526618949
leaf_weight=1498 345 3197 6401 670 973 2176 5656 3797 762 1622 2723 510 7760 2003 185 745 511 575 193 3605 354 3533 2419 14780 1238 1098 330 618 2824 2523 114509 3390 1339 6326 1313 125 339 401 330 33 3442 45 977 313 812 60 496 420 821 248 108617 1247 1480 957 52259 2354 15998 360 3386 25 92 1284 1877
leaf_count=1498 345 3197 6401 670 973 2176 5656 3797 762 1622 2723 510 7760 2003 185 745 511 575 193 3605 354 3533 2419 14780 1238 1098 330 618 2824 2523 114509 3390 1339 6326 1313 125 339 401 330 33 3442 45 977 313 812 60 496 420 821 248 108617 1247 1480 957 52259 2354 15998 360 3386 25 92 1284 1877
internal_value=-0.000487529 -0.000128109 0.000137418 -0.00902785 -0.00719366 -0.00782508 -0.00374038 -0.00504994 -0.0165668 -0.0149849 -0.0143929 0.000254285 -0.000592695 0.000791188 0.00820504 -0.0144705 0.0146855 -0.0244519 -0.00336126 -0.00364962 -0.00170324 0.000623627 -0.000125155 0.00147577 0.0020342 -0.000430692 -0.00424995 0.00444504 -0.000206151 -0.00298387 0.000133338 -0.00498134 0.00488068 -0.00065834 0.0109629 0.0128466 -0.0224197 -0.00985724 0.0128626 -0.00939264 -0.00737518 0.00758464 0.00893528 0.00239332 -0.00316868 -0.00940047 -0.0101173 0.0248487 0.0111057 -0.0225044 5.65089e-05 -0.00447205 -0.00999065 -0.0043737 0.00225814 0.00385142 0.00320812 0.00893252 -0.00122924 0.000450039 -0.0242955 0.00248205 -0.00843094
internal_weight=401299 380886 368184 4635 20413 12702 7832 16009 1735 4404 4870 363549 141042 222507 4917 1627 2914 1245 3390 14274 10477 217590 115816 101774 80668 139415 7740 2046 131675 14342 117333 6995 3482 21106 2403 2218 1117 3124 948 372 5694 375 2316 74267 1166 3079 3019 545 1134 1746 112283 3666 2782 1302 73133 20874 19636 1673 11263 7877 117 17282 5319
internal_count=401299 380886 368184 4635 20413 12702 7832 16009 1735 4404 4870 363549 141042 222507 4917 1627 2914 1245 3390 14274 10477 217590 115816 101774 80668 139415 7740 2046 131675 14342 117333 6995 3482 21106 2403 2218 1117 3124 948 372 5694 375 2316 74267 1166 3079 3019 545 1134 1746 112283 3666 2782 1302 73133 20874 19636 1673 11263 7877 117 17282 5319
is_linear=0
shrinkage=0.05


Tree=15
num_leaves=64
num_cat=0
split_feature=7 7 3 2 14 24 13 27 20 7 5 8 2 6 10 3 4 3 10 13 33 47 6 2 30 0 29 8 17 20 46 6 5 0 33 45 27 6 7 9 10 29 20 20 7 2 39 7 20 2 13 6 9 33 3 3 24 16 45 21 20 13 0
split_gain=442.117 433.193 226.942 182.174 134.55 92.4944 86.3248 74.9968 78.2981 115.074 71.4622 67.5725 66.8736 62.9117 67.9852 164.12 112.963 62.9449 142.145 79.4625 116.389 65.8079 59.2527 57.9778 51.6354 51.1195 47.768 47.5584 46.5128 44.2858 40.8825 48.2264 40.4669 40.2806 39.9071 38.9706 38.6465 38.5312 40.2421 68.096 38.4664 37.291 36.3446 36.1542 36.1328 35.6362 35.4905 34.7562 33.6017 33.5828 32.7029 32.6818 32.4646 32.3088 40.3993 45.861 36.2797 35.0072 43.0571 37.7915 44.0297 33.5165 48.8673
threshold=1.0000000180025095e-35 147.55026814150787 0.34300318682888015 -0.4453181447307718 -73.107142857142819 58.500000000000007 -0.39470220751021184 0.20430101861487238 0.25652791543538217 884.05154563535905 -26.672527472527495 0.85507246164371242 -0.39307621340157578 0.67680791104384208 60.500000000000007 0.78663869651414353 0.071428571428572063 0.35843010632059336 150.6428571428572 1.0260314762026594 0.012658227006889951 35.161660762753563 -0.036216787726045439 0.20166992649981608 3.3775959110309932 17.642857142857149 0.21904717952443861 0.81176470190311434 1.7378924776793192 1.2765614285035918 14.917123099416008 -0.93202951507340004 -5.9538461538461602 758.07142857142867 0.0097370982949174512 26.428560806880231 0.16074868934462314 0.23277849267940168 1942.5986536628823 6.5000000000000009 190.64285714285717 -0.091618806455213586 0.61832484711808056 0.36105424157772353 451.77190212548265 0.0096434787970208508 46.666660462961737 0.98974331861078702 0.67504724529697657 0.017708352050428356 0.29883343997622175 -0.40921583704897085 5.5000000000000009 0.24929546805178879 -0.0039651005421238493 -0.15987581886179106 895597.00000000012 0.36109680244356251 37.179487867357295 -0.048107662871371644 0.38184152570133473 0.20066335359628865 202.50000000000003
decision_type=2 2 2 2 2 2 2 2 2 2 2 2 2 2 2 2 2 2 2 2 2 2 2 2 2 2 2 2 2 2 2 2 2 2 2 2 2 2 2 2 2 2 2 2 2 2 2 2 2 2 2 2 2 2 2 2 2 2 2 2 2 2 2
left_child=11 3 12 6 -4 33 32 44 9 26 35 -1 -3 14 15 22 34 53 19 -19 21 -21 23 25 43 -5 -9 29 -15 30 31 -20 -2 48 -17 -8 -22 38 45 40 -40 -35 -23 -18 -7 -14 -38 52 -6 -13 -49 -27 -24 -16 55 57 -57 58 59 -55 -61 -56 -63
right_child=1 2 4 13 5 7 10 8 -10 -11 -12 49 37 28 17 16 24 18 27 20 36 42 47 -25 -26 51 -28 -29 -30 -31 -32 -33 -34 41 -36 -37 46 -39 39 -41 -42 -43 -44 -45 -46 -47 -48 50 -50 -51 -52 -53 -54 54 61 56 -58 -59 -60 60 -62 62 -64
leaf_value=-0.14286981083574246 -0.1081940722246395 -0.1190721274604349 -0.15200365941083921 -0.0057514928818262149 -0.084606209118392076 -0.030170724217185543 -0.042363483969620024 0.18660928582562836 -0.062830883974094046 -0.076744047462370846 0.0029962805328972888 -0.13898736904792605 9.6952923841531205e-05 -0.15014750923458009 -0.0016168383581422587 -0.067429199923625324 0.046791916979487307 -0.029055629491686764 -0.1659242575877059 0.16296437029975464 0.053362543961202907 -0.096958720242201785 -0.25063373122874089 0.084588482677811855 0.18837321867404538 -0.012178371006593093 -0.10278590929266983 -0.032776592378286874 -0.033604507846617108 0.095231322715239222 -0.067896267383687994 -0.11360207522019516 -0.032550520824945341 -0.087330314181099655 0.071976823325015538 -0.10567383095565436 0.031008847098776517 -0.056961819256374363 0.14227810046171671 -0.080844646822945745 0.022783728614664156 -0.13277300681396023 0.046835855133004548 0.12486053691558555 -0.15155563441652667 -0.036461177045980085 0.16566610771592344 -0.00067973433618586656 0.0035055912775762369 -0.14520386503062985 0.036927130608253526 0.026183306293977627 -0.038332270134079499 0.045995606524543112 -0.0038976040754137523 0.045151366786778606 -0.007153962632195832 0.047928235352512782 -0.10186089619331709 -0.093393982002354117 0.0032669063797376554 0.097857211185215565 0.0024279352827138116
leaf_weight=580 2213 576 1156 7829 2605 771 1073 486 537 346 3616 582 8440 419 130469 730 567 6006 526 198 364 776 147 2380 388 4656 62 2588 4954 175 1249 871 840 1424 657 780 125 3670 252 237 139 1092 441 1402 487 6539 719 94870 587 171 7614 44668 839 986 15586 18110 1482 1121 587 793 763 884 5099
leaf_count=580 2213 576 1156 7829 2605 771 1073 486 537 346 3616 582 8440 419 130469 730 567 6006 526 198 364 776 147 2380 388 4656 62 2588 4954 175 1249 871 840 1424 657 780 125 3670 252 237 139 1092 441 1402 487 6539 719 94870 587 171 7614 44668 839 986 15586 18110 1482 1121 587 793 763 884 5099
internal_value=-0.000467345 -0.000371519 -0.00621283 9.20094e-05 -0.0125451 -0.0103423 -0.00713381 -0.00269421 0.00513242 0.0141986 -0.00337258 -0.0292139 -0.0031655 0.000262113 0.000343025 0.00107975 0.01143 -0.000303789 -0.00352576 0.000457174 0.00771797 -0.00201046 0.000841978 0.00209875 0.0180921 0.00178022 0.0284528 -0.00988057 -0.00510785 -0.0143721 -0.0159839 -0.0218631 -0.0138695 -0.0139442 0.000104535 -0.0113566 0.0191168 -0.00266352 -0.00157909 0.0108183 0.0236385 -0.0186777 -0.00636349 0.0148012 -0.0116008 -0.00209926 0.0249911 0.000118827 -0.0102111 -0.0390984 0.000208764 0.00237602 -0.0092232 -4.65942e-05 0.00110204 0.00252054 0.00354199 -0.00218701 -0.00490397 -0.00208292 -0.00693721 -0.000465713 0.00271515
internal_weight=401299 399966 29406 370560 9553 8397 8522 2689 1431 894 5469 1333 19853 362038 356665 166747 3744 189918 14038 8629 2623 1415 163003 59533 2357 57153 548 5409 5373 2821 2646 1397 3053 5708 1387 1853 1208 19277 15607 628 391 2516 1217 1969 1258 14979 844 103470 3192 753 102484 49324 986 175880 45411 23842 19592 4250 3129 2542 1556 21569 5983
internal_count=401299 399966 29406 370560 9553 8397 8522 2689 1431 894 5469 1333 19853 362038 356665 166747 3744 189918 14038 8629 2623 1415 163003 59533 2357 57153 548 5409 5373 2821 2646 1397 3053 5708 1387 1853 1208 19277 15607 628 391 2516 1217 1969 1258 14979 844 103470 3192 753 102484 49324 986 175880 45411 23842 19592 4250 3129 2542 1556 21569 5983
is_linear=0
shrinkage=0.05


Tree=16
num_leaves=64
num_cat=0
split_feature=7 7 3 2 14 33 8 5 8 13 3 7 3 3 4 14 2 25 34 0 25 5 6 3 8 38 6 25 1 3 7 33 0 17 2 45 9 18 2 6 43 0 45 17 6 33 37 7 46 25 0 0 17 37 34 45 45 34 13 5 3 21 33
split_gain=424.286 395.07 215.326 165.216 127.489 84.3081 76.0432 73.0185 68.2098 67.9637 66.927 66.4159 156.193 120.943 119.551 67.4422 62.5963 59.7816 49.9628 47.2077 49.6649 45.9334 40.0546 39.9103 38.6483 44.2352 38.1695 36.9053 36.4353 35.5065 34.8414 34.8277 33.7189 34.57 35.0936 43.2179 33.7113 33.6774 33.5828 33.4372 32.4595 30.7489 30.3723 30.2802 56.9002 34.7563 34.0127 30.2689 30.247 34.9802 29.6702 29.1964 29.0681 29.0638 27.9468 31.2374 27.8776 27.7039 27.4282 26.2803 26.1099 25.8727 25.4398
threshold=1.0000000180025095e-35 147.55026814150787 0.34300318682888015 -0.48104706297623789 -73.107142857142819 0.046826029890318761 0.85507246164371242 -23.775824175824201 0.86981131952385204 -0.49394943888860482 -0.68118604763108359 48.151758385462884 0.78663869651414353 0.30359998591017201 0.071428571428572063 -10.857142857142845 -0.48104706297623789 99.071428571428584 -0.72396844982301334 160.50000000000003 5.0714285714285721 -13.124175824175916 -0.03961802882018859 4.5161107183231586 0.81951219212373605 53.881374283222861 0.10162278301661691 631.64285714285722 -0.42187502032470614 -0.68118604763108359 0.98974331861078702 0.013274336246067902 15.071428571428573 14.73784507037014 0.063870028694060124 47.727270279786033 5.5000000000000009 0.44444443973063985 0.017708352050428356 -0.39045557834104822 6.8181848992799212 280.35714285714295 43.28358766206447 36.45041361021719 -0.70971183074271249 0.026280300038039602 20.312496723632218 884.05154563535905 18.461538681656915 2.0714285714285716 107.64285714285715 112.50000000000001 262.89112665517342 23.999880515674025 -0.091663559104325235 32.812500386047432 7.2948953105777461 -0.65838141451081211 0.027777671193427302 -55.741758241758291 0.13198653205710345 -0.091538156224062833 0.51349233873800093
decision_type=2 2 2 2 2 2 2 2 2 2 2 2 2 2 2 2 2 2 2 2 2 2 2 2 2 2 2 2 2 2 2 2 2 2 2 2 2 2 2 2 2 2 2 2 2 2 2 2 2 2 2 2 2 2 2 2 2 2 2 2 2 2 2
left_child=6 3 16 7 61 23 29 17 47 -9 -5 12 21 54 31 -15 -3 28 -10 20 -16 -12 32 41 25 39 37 -20 -2 -1 36 -14 -23 34 62 -36 -24 60 -8 -17 -27 52 -30 44 45 -26 -45 -7 -35 -50 -46 -28 -6 -32 55 -13 -25 -31 -51 -53 -18 -4 -34
right_child=1 2 4 10 5 8 38 9 18 -11 11 13 14 15 19 24 26 -19 27 -21 -22 22 30 56 43 40 51 -29 42 57 53 -33 33 48 35 -37 -38 -39 -40 -41 -42 -43 -44 46 50 -47 -48 -49 49 58 -52 59 -54 -55 -56 -57 -58 -59 -60 -61 -62 -63 -64
leaf_value=-0.1398134903596763 -0.12249312627733283 -0.13059149727716896 -0.14778362110393667 -0.051508787437846419 -0.049952708280632988 -0.05251535421023075 -0.13203800059552975 -0.080278178146646312 -0.12808847045586139 0.0041552973147664929 -0.043888809643489762 -0.037904810885837303 -0.054234671717313845 -0.12176494725183665 0.11183904240252573 0.1451517068938053 0.047475802190590888 0.10032161473281112 0.1379126091398705 0.027032333129245779 0.15596006179206157 -0.0054639182377349107 -0.23800068490167883 -0.089280506132979776 0.064472343494278217 0.062787818769255016 0.16679193248559085 -0.040614128946704978 -0.072452853553650345 0.097014619572552807 0.0029514451990913407 0.046703423756354084 0.024029528815356117 -0.0018441356993275982 0.04141796842116148 0.13529424190372277 -0.039171974973838002 -0.024242613682760927 -0.13794367177909836 -0.062794396468186436 -0.075530793742504335 -0.084616384348705623 -0.12251742529149022 -0.00060290201522166247 -0.23638428683422266 0.20337901758560728 -0.07965090689883253 -0.15574615158561966 -0.0079423125732245529 0.052588827041089248 0.0078882316865960707 -0.10968572135231743 0.14768691890729652 -0.0016698753702854676 0.00037175424485291764 0.0044901115854213639 -0.1241520949754754 -0.1486016336890344 0.027381908252456035 -0.03756373059925773 -0.044583309243186653 -0.11081453191306921 0.040801404801968637
leaf_weight=157 357 390 688 3110 448 1351 582 1346 157 2910 3350 15601 1146 2038 2285 240 2626 218 786 719 500 7159 156 267 219 262 64 243 1761 157 86162 875 40019 24547 5595 687 787 9261 171 233 4430 4436 496 1607 80 195 699 250 3746 4605 1310 414 87 90725 43604 4499 372 266 7840 6387 711 468 4442
leaf_count=157 357 390 688 3110 448 1351 582 1346 157 2910 3350 15601 1146 2038 2285 240 2626 218 786 719 500 7159 156 267 219 262 64 243 1761 157 86162 875 40019 24547 5595 687 787 9261 171 233 4430 4436 496 1607 80 195 699 250 3746 4605 1310 414 87 90725 43604 4499 372 266 7840 6387 711 468 4442
internal_value=-0.000452892 -0.000359018 -0.00593737 8.36437e-05 -0.0121055 -0.00996118 -0.0286138 -0.00747662 -0.00285063 -0.00333521 0.000231091 0.000294135 0.000642187 -0.0010297 0.00896726 -0.00579373 -0.00296906 -0.0136983 0.00623472 0.014553 0.0175021 0.000477789 0.000548323 -0.0134926 -0.00398325 -0.0068624 -0.00257128 0.0102468 -0.015797 -0.0149888 0.000100067 -0.000714957 0.0013564 0.00161503 0.00248595 0.00598446 -0.00948468 -0.000936252 -0.0390984 0.0077045 -0.00833209 -0.0119782 -0.0134442 -0.000363738 0.004487 0.0207559 -0.0041607 -0.00958404 0.000530093 0.00220769 -0.000356089 -0.00557093 -0.000644739 0.000151198 -0.000183583 -0.00172611 -0.0252621 -0.00743323 0.0034829 -0.00588802 0.00336969 -0.0276749 0.00199152
internal_weight=401299 399966 29406 370560 9553 8397 1333 7088 2787 4256 363472 360362 285345 75017 5525 11313 19853 2832 1186 3504 2785 279820 276470 5610 9275 5165 19463 1029 2614 580 177830 2021 98640 91481 50743 6282 943 12598 753 473 4692 4971 2257 4110 1804 414 2306 1601 40738 16191 1390 6865 535 176887 63704 20100 639 423 12445 6801 3337 1156 44461
internal_count=401299 399966 29406 370560 9553 8397 1333 7088 2787 4256 363472 360362 285345 75017 5525 11313 19853 2832 1186 3504 2785 279820 276470 5610 9275 5165 19463 1029 2614 580 177830 2021 98640 91481 50743 6282 943 12598 753 473 4692 4971 2257 4110 1804 414 2306 1601 40738 16191 1390 6865 535 176887 63704 20100 639 423 12445 6801 3337 1156 44461
is_linear=0
shrinkage=0.05


Tree=17
num_leaves=64
num_cat=0
split_feature=7 7 3 2 14 24 27 5 20 7 2 3 10 13 2 6 2 13 14 28 28 25 3 7 2 33 10 24 3 18 10 5 0 29 45 7 6 28 7 9 10 5 3 27 21 1 13 35 24 47 13 33 7 7 0 41 35 11 47 24 14 21 20
split_gain=413.578 362.431 205.959 154.797 126.47 84.3839 69.847 69.5729 64.4882 85.1062 63.854 62.7385 64.6467 106.875 90.8054 88.6136 62.1561 61.4925 60.8334 59.3096 57.2717 55.8236 55.6618 79.7125 65.8348 50.7237 49.6548 47.2701 46.0399 72.9207 57.1594 42.6648 39.8831 38.7344 38.407 37.069 36.5606 36.4729 36.4254 60.7989 53.4396 46.1304 41.8239 36.0013 35.4613 35.3098 35.0953 34.5895 33.7063 46.2583 35.3303 32.193 32.0258 31.2794 30.7304 30.5958 30.3649 29.6597 28.2933 28.2678 27.9416 27.7068 27.1811
threshold=1.0000000180025095e-35 147.55026814150787 0.34300318682888015 -0.48104706297623789 -23.732142857142858 67.500000000000014 0.20430101861487238 -23.775824175824201 0.25652791543538217 884.05154563535905 -0.074074090149176527 -0.68118604763108359 55.357142857142868 0.32505728089041463 0.15301680055183267 -0.11460386433804469 -0.48104706297623789 -0.49394943888860482 -0.92857142857142771 0.99999370002009014 -0.1785717366070145 99.071428571428584 0.091030961703603308 50.098270775485638 0.59667892254346333 0.013913043351228652 695.92857142857144 5.8333333333333348 0.50716487393518372 0.74324324031379363 155.21428571428575 1.0000000180025095e-35 246.78571428571433 0.20000039666414868 50.632912889761407 575.42583609436599 -0.037819059098994641 1.1666628750073731 1942.5986536628823 6.5000000000000009 190.64285714285717 12.89890109890109 -0.24151967819763884 -0.75000018229152832 -0.67027227183661731 -0.31693594002118902 -0.55810897406026339 -46.048469387755667 3.8333333333333335 35.714286676385079 1.0260314762026594 0.032786885047328906 451.77190212548265 1.4069609934103131 1110.5714285714287 0.83681872087287723 0.030612244897958652 0.46989675949372545 29.23077234793093 2.8333333333333335 84.535714285714292 -0.12593736562504018 0.3588881482304403
decision_type=2 2 2 2 2 2 2 2 2 2 2 2 2 2 2 2 2 2 2 2 2 2 2 2 2 2 2 2 2 2 2 2 2 2 2 2 2 2 2 2 2 2 2 2 2 2 2 2 2 2 2 2 2 2 2 2 2 2 2 2 2 2 2
left_child=10 3 16 7 19 35 52 21 9 33 46 -5 13 20 -15 18 -3 -9 -16 26 53 45 37 24 -24 58 -4 34 -25 32 48 -12 -30 -8 62 57 47 60 41 40 51 42 43 -18 -17 -2 -1 -22 49 -31 -50 -40 -7 56 -34 -32 -13 -6 -26 -46 -14 -21 -20
right_child=1 2 4 11 5 6 8 17 -10 -11 31 12 22 14 15 44 38 -19 27 61 36 -23 23 28 25 -27 -28 -29 29 30 55 -33 54 -35 -36 -37 -38 -39 39 -41 -42 -43 -44 -45 59 -47 -48 -49 50 -51 -52 -53 -54 -55 -56 -57 -58 -59 -60 -61 -62 -63 -64
leaf_value=-0.13607617272956823 -0.11636846996346617 -0.12406192241331049 -0.070014737331856661 -0.048933348065954091 -0.08046491054124022 -0.014277512085245504 0.17157019131079734 -0.076264269239313981 -0.051982791110263361 -0.037210261273341726 -0.12543610056575324 -0.042757095059072908 0.00034604027950608797 0.024177014884610548 0.010821899754517351 -0.09285213632034206 0.12241056753525409 0.0039475324490281681 0.034075812530097636 -0.14571339949750764 0.027686155654886503 0.095305533996170547 -0.0019412050793041757 -0.032812959560295417 0.15129350122808313 0.12134708904072056 -0.14362862263062293 0.17085321450689556 -0.036834310340006796 0.16732994473068327 -0.099600240718811517 -0.13104648819014342 -0.11673364722972988 -0.094562396351674072 0.17488873156622731 -0.12372639582880095 0.0063161760549229175 -0.045204114073178793 -0.093739679502777937 -0.079176204591328014 -0.0051920001170272069 -0.035736672356582358 6.2392501890462534e-05 -0.0670201453564995 0.029161854706015334 -0.076051541288137167 -0.041046296136582353 0.022888364995706723 0.012166119777599071 -0.03691755978867084 0.18345895962758521 0.14773758967277556 -0.14444305392811355 -0.0022664556289185844 0.14638362974295022 -0.0027185369959542571 -0.22556974028931631 -0.025886204154587845 -0.0096976321783183387 0.091716263986343693 0.092318056714829053 -0.11184144855495576 0.11205213444477283
leaf_weight=206 715 390 1264 3110 2438 633 444 1346 433 299 644 1234 146344 12624 645 375 81 2910 471 575 5881 218 32665 14689 77 668 373 548 882 87 678 199 2356 54 283 799 57526 3319 30 275 214 6569 10818 1215 3174 1899 284 24838 229 509 279 261 407 45076 85 676 213 1411 715 1312 599 423 1305
leaf_count=206 715 390 1264 3110 2438 633 444 1346 433 299 644 1234 146344 12624 645 375 81 2910 471 575 5881 218 32665 14689 77 668 373 548 882 87 678 199 2356 54 283 799 57526 3319 30 275 214 6569 10818 1215 3174 1899 284 24838 229 509 279 261 407 45076 85 676 213 1411 715 1312 599 423 1305
internal_value=-0.000435448 -0.000342767 -0.00568573 8.12149e-05 -0.0117182 -0.00816626 -0.000262103 -0.00723678 0.00780018 0.0162401 -0.0282387 0.000223937 0.000284977 0.00105363 0.00439526 0.00852264 -0.00278269 -0.00319424 0.0149119 -0.0210409 0.000539408 -0.0133099 -0.000298476 -0.00166581 -0.000185934 0.0102014 -0.0151762 0.0183135 -0.00413261 -0.00791285 -0.00138115 -0.0365852 -0.0127426 0.0288998 0.0148342 -0.0120253 0.00128783 0.000198287 -0.00238631 0.00819767 0.0185013 -0.00282849 -0.000998423 -0.00948615 0.00424698 -0.015338 -0.0138645 0.00268058 0.00706005 -0.000998155 0.0165223 0.0324459 -0.00980194 -0.0008801 -0.0160358 -0.00826748 -0.00811623 -0.00998805 0.00163489 0.00548249 0.000315394 -0.0306532 0.0121024
internal_weight=401299 399966 29406 370560 9553 6918 2270 7088 1230 797 1333 363472 360362 155505 20737 8113 19853 4256 3252 2635 134768 2832 204857 54595 34125 1460 1637 2607 20470 5781 2458 843 3323 498 2059 4648 88245 150262 19463 780 505 18683 12114 1296 4861 2614 490 30719 1104 596 508 291 1040 46523 2441 1354 1447 3849 792 4486 146943 998 1776
internal_count=401299 399966 29406 370560 9553 6918 2270 7088 1230 797 1333 363472 360362 155505 20737 8113 19853 4256 3252 2635 134768 2832 204857 54595 34125 1460 1637 2607 20470 5781 2458 843 3323 498 2059 4648 88245 150262 19463 780 505 18683 12114 1296 4861 2614 490 30719 1104 596 508 291 1040 46523 2441 1354 1447 3849 792 4486 146943 998 1776
is_linear=0
shrinkage=0.05


Tree=18
num_leaves=64
num_cat=0
split_feature=7 7 3 14 2 8 24 2 3 6 13 13 0 21 32 5 0 4 45 0 6 1 21 29 35 14 20 24 3 5 12 3 45 4 33 2 10 10 0 6 2 24 7 6 30 2 28 46 33 28 21 33 6 21 14 20 2 10 10 29 24 7 20
split_gain=405.602 344.498 244.73 142.352 136.31 82.1117 78.4424 76.1642 69.2147 64.917 61.1944 59.2417 115.896 66.909 59.2845 52.6244 57.607 50.0926 54.1393 49.6249 49.4055 47.9427 46.9676 45.5452 44.9716 44.3201 68.4406 78.1051 42.4307 65.912 40.0375 39.863 39.7078 38.509 37.2597 36.7828 36.5088 35.1883 46.0356 50.727 56.4372 39.0565 40.9136 35.4964 42.1073 39.6792 56.9871 35.115 34.825 34.7652 34.043 33.5947 32.8953 31.5152 31.0205 30.8394 40.6378 30.2595 28.9057 28.8716 28.704 28.4364 28.3519
threshold=1.0000000180025095e-35 109.38632157143816 0.34300318682888015 -23.732142857142858 -0.57888404604191412 0.85507246164371242 53.500000000000007 -0.52491825587567653 -0.84238459031585455 -0.93202951507340004 -0.36559140912404747 1.2096722848042496 181.07142857142858 0.3037306923890965 4.5000000000000009 12.89890109890109 8065.357142857144 8.0000000000000036 39.024412489619898 737.07142857142867 0.24350649392825949 1.4507855915496055 -0.12844082071282586 -0.11848833082605835 71.224489795918473 -0.71428571428571097 0.28392917337605816 574.50000000000011 -0.24151967819763884 -7.5296703296703908 -0.010000051974996949 -0.68118604763108359 40.931442571677565 -4.3571428571428426 0.0046392950341132009 0.017708352050428356 905.50000000000011 53.642857142857146 15.071428571428573 0.0098057204404966517 0.2905833804825147 7.8333333333333348 18.811633364582327 -0.42937065565614002 24.016575904712706 -0.087440148959792741 0.43695872090281795 24.324333761878293 0.18626210958949263 -0.22727293216247799 -0.12593736562504018 0.042016805074971207 -0.22825822519349992 -0.12593736562504018 84.535714285714292 0.13730785661185563 0.59667892254346333 285.64285714285717 161.92857142857147 -0.098600896124050944 1.5000000000000002 884.05154563535905 0.43958182200040752
decision_type=2 2 2 2 2 2 2 2 2 2 2 2 2 2 2 2 2 2 2 2 2 2 2 2 2 2 2 2 2 2 2 2 2 2 2 2 2 2 2 2 2 2 2 2 2 2 2 2 2 2 2 2 2 2 2 2 2 2 2 2 2 2 2
left_child=5 4 7 9 10 31 19 -3 -6 53 -2 17 14 24 -13 36 -17 28 21 22 25 50 -5 60 47 -8 27 30 29 -10 -27 -1 59 -12 -15 -7 -9 38 -30 40 -40 42 -42 44 -39 46 -45 52 -36 -31 -19 -32 58 -4 -50 -26 -57 -11 -14 62 -21 -29 -28
right_child=1 2 3 6 8 35 20 15 11 57 33 12 13 34 -16 16 -18 18 -20 23 -22 -23 -24 -25 55 26 32 61 37 49 51 -33 -34 -35 48 -37 -38 43 39 -41 41 -43 -44 45 -46 -47 -48 -49 54 -51 -52 -53 -54 -55 -56 56 -58 -59 -60 -61 -62 -63 -64
leaf_value=-0.12601900720521408 -0.098016057014130298 -0.11103878066652173 -0.1372188950465798 -0.092618933109456597 -0.096590964111185063 -0.1191642955374656 -0.082528558765280036 0.00016492332245663378 -0.056523002255265721 -0.033925849689000857 -0.06578588394694336 0.11682067798437781 -0.089367566443331201 -0.078471043928260945 0.049064087126035008 -0.035351756805158431 0.090850787428980811 -0.042712202389719338 0.041854339370855302 -0.13641225760699197 -0.13788755459273669 -0.11827413409608961 -0.017250766614643011 -0.1171963389544797 0.20333559462102835 -0.028711236753603299 0.0011403502188171212 0.037413360544169195 -0.0037607886259211523 -0.0053313570105737009 -0.04605404881525519 -0.055594667220373629 0.20908207356647976 0.02578826450815579 0.12703474024003944 -0.12449416378063625 -0.054942881112631417 -0.042448214845209886 0.023207099865739746 0.02868104179506048 0.10644952772253423 0.12054688292187393 -0.092464082056965199 0.036034236249701437 0.092199574139400345 -0.00051480450060927831 -0.02279583163401553 0.0060409169087991543 -0.056951331969331775 0.0081592588006234486 -0.002012485482642168 0.17076389889763488 -0.016055100930080092 -0.10536442689174089 0.094121751855868047 -0.052029458240145848 0.096796519159371736 -0.11079606539898773 -0.15097768688740576 0.030095358509167936 -0.046398274878115743 -0.093917685333982426 -0.11237875382702747
leaf_weight=157 1762 460 770 1577 953 582 620 19299 4881 588 1095 1464 467 258 3137 8256 472 8803 5758 245 359 489 2250 1049 68 118 150 224 14460 13331 62 423 84 1175 736 171 1516 5469 54646 48859 981 249 303 26309 361 110878 2628 509 301 13417 32463 546 356 829 123 468 369 789 476 203 1033 176 289
leaf_count=157 1762 460 770 1577 953 582 620 19299 4881 588 1095 1464 467 258 3137 8256 472 8803 5758 245 359 489 2250 1049 68 118 150 224 14460 13331 62 423 84 1175 736 171 1516 5469 54646 48859 981 249 303 26309 361 110878 2628 509 301 13417 32463 546 356 829 123 468 369 789 476 203 1033 176 289
internal_value=-0.000404798 -0.000313014 -0.00459905 -0.0106466 0.00018937 -0.0279386 -0.00750632 -0.00218794 0.000293513 -0.0201253 -0.00895191 0.000329857 0.00439699 -0.00168115 0.00985525 -0.00187336 -0.00513227 0.000226687 -0.00128059 -0.010675 -0.000616368 -0.00190743 -0.00717123 -0.0164346 -0.00628248 0.0018992 0.00577453 0.0134935 0.000468019 -0.00126292 0.0232681 -0.0137821 -0.00619061 -0.00352187 0.00711868 -0.0388328 -0.000506603 0.000674523 0.00131044 0.00167458 0.00269931 0.0121616 0.00864029 0.000152734 -0.00366975 0.000312162 0.00196098 -0.0108373 0.010943 -0.000287684 -0.00172284 0.028441 -0.015199 -0.0269808 -0.000459797 0.00281184 0.000173217 -0.0121596 -0.020088 -0.0104267 -0.0100892 -0.00423644 -0.0176384
internal_weight=401299 399966 41964 11961 358002 1333 8985 30003 353970 2976 4032 353017 8732 4131 4601 29543 8728 344285 47513 6154 2831 41755 3827 2327 2713 2472 1852 1126 296772 31629 726 580 726 2270 1418 753 20815 265143 119498 105038 56179 1533 1284 145645 5830 139815 28937 1808 1160 26748 41266 608 1299 1599 424 905 837 1377 943 642 1278 400 439
internal_count=401299 399966 41964 11961 358002 1333 8985 30003 353970 2976 4032 353017 8732 4131 4601 29543 8728 344285 47513 6154 2831 41755 3827 2327 2713 2472 1852 1126 296772 31629 726 580 726 2270 1418 753 20815 265143 119498 105038 56179 1533 1284 145645 5830 139815 28937 1808 1160 26748 41266 608 1299 1599 424 905 837 1377 943 642 1278 400 439
is_linear=0
shrinkage=0.05


Tree=19
num_leaves=64
num_cat=0
split_feature=7 7 16 2 14 6 5 33 2 7 13 2 13 2 7 28 5 6 2 18 5 34 16 33 2 17 47 2 45 47 45 0 6 18 20 24 25 46 17 20 13 7 20 6 39 20 33 34 28 17 14 33 49 39 33 0 25 0 34 30 17 46 4
split_gain=396.636 322.398 158.819 140.509 116.939 96.6138 73.7403 70.5925 69.5389 59.2068 100.022 66.3786 54.7018 52.2045 51.1695 48.5475 47.3884 44.7753 57.6204 44.5884 41.6695 40.4437 40.1738 60.9481 88.459 52.8354 51.5892 48.1827 53.0472 44.9866 51.2611 73.5258 52.641 39.6108 38.0269 37.4791 39.914 37.0863 45.7122 36.8152 34.9325 34.7555 32.4715 31.9639 29.6332 29.7501 28.279 33.4251 32.635 32.5122 28.2678 27.6527 49.6396 29.4134 27.5121 57.3033 34.3032 34.2405 27.4506 27.4963 27.1162 26.6289 26.4903
threshold=1.0000000180025095e-35 147.55026814150787 -0.79707864950484064 -0.57888404604191412 -23.732142857142858 0.27509754453875024 35.75274725274722 0.019859998601064754 -0.074074090149176527 39.999234685742742 1.1070614279103719 0.2905833804825147 -0.03862534732083029 -0.52491825587567653 1.7670358322806297 0.99997900024499697 -12.356043956043964 -0.03961802882018859 0.32806505511009426 0.26086955671077544 1.0000000180025095e-35 -0.74785064563938264 -0.62299151275572184 0.010269923282621702 0.59667892254346333 46.470750046479012 77.906983386292765 0.41509419944821774 34.782603610581354 28.408960378338715 24.999978697877637 193.64285714285717 -1.0621576585142167 0.9479166611810379 0.086204379196264613 7.8333333333333348 21.642857142857149 41.666674222229197 221.39792376216943 0.35658609904058042 -0.69870863033086095 31.069375951530112 0.17355371770893183 0.62510259528213952 39.165253471272194 0.65250651745526966 0.029577699235229155 -0.32159234365920403 -0.23913060845931317 4.7186122372967843 59.357142857142875 0.059617989443908906 1.1128248475405256 42.331331775783177 0.51349233873800093 308.50000000000006 887800.64285714296 158.50000000000003 0.045670813330090453 22.154835465011775 4.8571410398052279 3.4481517591853721 -6.392857142857129
decision_type=2 2 2 2 2 2 2 2 2 2 2 2 2 2 2 2 2 2 2 2 2 2 2 2 2 2 2 2 2 2 2 2 2 2 2 2 2 2 2 2 2 2 2 2 2 2 2 2 2 2 2 2 2 2 2 2 2 2 2 2 2 2 2
left_child=8 3 4 12 15 13 19 -6 40 10 14 60 -2 -4 43 -3 -16 18 54 -7 -10 -8 23 29 26 -26 50 -24 46 -11 -31 -32 -33 37 -20 39 -37 38 -9 61 -1 -36 -15 -5 -35 -46 -29 49 -49 -48 -25 52 -44 -53 58 56 -56 -58 59 -18 -12 -13 -14
right_child=1 2 5 9 7 6 21 33 20 22 11 35 62 42 16 -17 17 -19 34 -21 -22 -23 27 24 25 -27 -28 28 -30 30 31 32 -34 44 41 36 -38 -39 -40 -41 -42 -43 51 -45 45 -47 47 48 -50 -51 -52 53 -54 -55 55 -57 57 -59 -60 -61 -62 -63 -64
leaf_value=-0.1212208916087789 -0.08039934167305858 -0.10178615249442685 -0.10632808861069175 -0.038281641425619163 -0.079352137744365406 0.026555152221168846 -0.13169187536175975 0.03203068214162199 -0.11320608076059231 0.099538237636882659 0.10647890357367183 0.15618913705275805 -0.062812708742077297 0.00050166223897574191 -0.042356967943962889 -0.13059031753077846 0.0074048007412453659 0.00030708965312429285 0.17702729491210545 -0.075243840498934872 -0.11826945559160446 -0.052816011034211921 -0.0009841556450133071 -0.014229486841725137 0.1571777624867183 0.0072743734677649385 -0.099743319048248236 -0.075434328425577679 0.036211641629035722 -0.048932424887300922 0.022906263917827754 -0.14668857544640132 -0.09435016713335842 -0.052263837171333608 0.094590750080885536 0.15401821417029438 0.020272826761157405 -0.13339341073586097 -0.10530869348304457 0.096458787963584758 -0.040722972653829896 -0.046466025801768979 0.047920200309315097 -0.17493223437765018 0.15445348680037574 -0.032333641432835104 0.13736916108004668 -0.22033336228677733 0.06742858444255502 -0.083928079977548573 0.18542870050178337 -0.042348696052913359 -0.065345909649239517 0.0051513039470866056 0.064554203669153501 -0.0092641362763206565 0.067048220856653504 -0.057088808483546721 0.022289002227422385 -0.052888110553983882 0.0034905010722585672 -0.12392529405358732 0.040960801777902046
leaf_weight=163 2595 1163 338 4385 1459 933 1057 797 644 204 471 54 677 10482 3634 810 40935 162858 86 2078 199 855 84600 3404 383 379 745 3255 1225 1888 250 519 402 96 1364 273 124 137 226 1734 327 292 535 254 279 86 72 24 589 924 111 1801 3189 3085 5687 2019 424 741 38731 515 2621 198 914
leaf_count=163 2595 1163 338 4385 1459 933 1057 797 644 204 471 54 677 10482 3634 810 40935 162858 86 2078 199 855 84600 3404 383 379 745 3255 1225 1888 250 519 402 96 1364 273 124 137 226 1734 327 292 535 254 279 86 72 24 589 924 111 1801 3189 3085 5687 2019 424 741 38731 515 2621 198 914
internal_value=-0.000410778 -0.000320015 -0.00535926 7.98656e-05 -0.0134264 -0.00368516 -0.00994191 -0.0073358 -0.0276386 0.000183951 0.000570662 0.00725923 -0.00902869 -0.00209958 0.000430829 -0.0229309 0.000524688 0.000605928 0.00149564 -0.00506293 -0.036348 -0.017622 -0.000860781 -0.00419367 -0.000735748 0.0149521 -0.00354334 -0.000556241 -0.00485211 -0.00951396 -0.011031 -0.0192511 -0.025779 -0.000151132 0.0105017 0.0135307 0.0275623 -0.00508146 -0.00180334 0.010722 -0.0126403 0.00881287 -0.00175439 -0.00477356 0.0122425 0.0187483 -0.00719455 -0.00176807 0.00741315 -0.00742395 -0.00100851 -0.00402957 -0.00727558 -0.00155441 0.0013194 0.00396174 0.00614337 -0.00166938 0.00102699 0.000132569 0.00242392 -0.00712019 -0.00172522
internal_weight=401299 399966 29406 370560 5053 24353 4923 3080 1333 366374 267400 5475 4186 19430 261925 1973 257286 253652 90794 3011 843 1912 98974 8285 5022 762 4260 90689 6089 3263 3059 1171 921 1621 1742 2383 397 1160 1023 1986 490 1656 19092 4639 461 365 4864 1609 613 996 3515 8610 3724 4886 89052 8871 6852 1165 80181 41450 3092 252 1591
internal_count=401299 399966 29406 370560 5053 24353 4923 3080 1333 366374 267400 5475 4186 19430 261925 1973 257286 253652 90794 3011 843 1912 98974 8285 5022 762 4260 90689 6089 3263 3059 1171 921 1621 1742 2383 397 1160 1023 1986 490 1656 19092 4639 461 365 4864 1609 613 996 3515 8610 3724 4886 89052 8871 6852 1165 80181 41450 3092 252 1591
is_linear=0
shrinkage=0.05


Tree=20
num_leaves=64
num_cat=0
split_feature=7 7 3 2 14 24 2 4 34 6 2 13 7 20 28 7 13 14 10 3 3 14 10 28 2 6 33 2 2 2 34 3 33 42 45 20 22 29 10 6 12 18 14 7 9 4 10 2 7 37 13 33 28 20 7 10 24 19 20 24 15 24 33
split_gain=397.464 305.39 169.026 125.092 116.246 73.408 69.5389 65.1135 57.0538 56.9493 54.1212 53.8296 51.9728 62.0507 69.9602 45.5787 61.1479 64.3274 61.038 49.8683 44.3033 43.881 41.4981 55.3841 58.4175 60.8062 43.2005 65.4259 40.8455 39.2521 38.8113 38.0528 35.8553 35.7597 35.3962 34.7855 32.7719 32.6293 31.6166 31.221 38.021 31.2149 31.1909 30.9306 59.622 40.2683 38.2331 30.8251 30.3066 30.1146 28.7717 28.5613 28.2036 28.1268 27.7338 27.4384 27.3981 27.2235 29.8991 27.0663 28.8883 26.627 31.8014
threshold=1.0000000180025095e-35 147.55026814150787 0.34300318682888015 -0.4453181447307718 -23.732142857142858 72.833333333333357 -0.074074090149176527 -12.57142857142858 -0.024128774662765296 -1.2212473088411244 -0.48104706297623789 -0.40625007792967266 884.05154563535905 0.24528301544836048 0.533332260000835 54.886153038497298 0.38666302989600293 -0.74999999999999634 134.6428571428572 0.30359998591017201 -0.46747490813247977 -7.2857142857142767 57.642857142857146 -0.19230787352066767 0.24324306683713512 -0.37309043898173283 0.018589680006648502 0.59667892254346333 0.0070296749325450504 0.25179852766096639 -1.0094025316573647 -0.68118604763108359 0.11340205929827826 10.588231600690923 36.409272231147732 0.26339831852572398 -191.43367346938786 0.28472207906144137 60.500000000000007 -0.12633935985900965 0.43573417386294971 0.60493826600365819 -140.6964285714285 1942.5986536628823 5.5000000000000009 50.01785714285716 190.64285714285717 0.37529184845395464 575.42583609436599 31.249991764316707 0.22106722777334428 0.11808777836322207 -0.71428588095228163 0.62745095024990571 451.77190212548265 144.92857142857147 1342.8333333333335 7.5000000000000009 0.12006611452698156 970935.50000000012 -15.443956043956062 253.16666666666671 0.019432593054474152
decision_type=2 2 2 2 2 2 2 2 2 2 2 2 2 2 2 2 2 2 2 2 2 2 2 2 2 2 2 2 2 2 2 2 2 2 2 2 2 2 2 2 2 2 2 2 2 2 2 2 2 2 2 2 2 2 2 2 2 2 2 2 2 2 2
left_child=6 3 10 7 9 48 31 34 15 -4 -3 -9 13 14 57 16 20 -18 28 52 37 -21 23 -10 36 -26 41 33 -19 -16 -8 -1 56 -28 38 -33 -25 -5 50 40 -30 55 -11 45 46 54 -45 49 -6 -47 -2 -35 -17 -38 -12 -24 61 58 -7 60 -53 -14 -63
right_child=1 2 4 8 5 12 30 11 22 42 43 -13 32 -15 29 19 17 18 -20 21 -22 -23 26 24 25 -27 27 -29 39 -31 -32 35 -34 51 -36 -37 53 -39 -40 -41 -42 -43 -44 44 -46 47 -48 -49 -50 -51 -52 59 -54 -55 -56 -57 -58 -59 -60 -61 -62 62 -64
leaf_value=-0.11393345537716533 -0.125534210986954 -0.10774970953868801 -0.11995918436251432 -0.04159033014735003 -0.055150643060584939 0.223450041881918 -0.087147885623189425 -0.061634887879392475 -0.003448765480224525 -0.12015589527202604 -0.0012407985511033283 0.00051774439282823435 -0.11506409743483587 -0.042911062799923363 -0.011512942554431095 0.016915182960806074 -0.010136097460619543 0.0073597472307939341 -0.031489686668985821 -0.11275250100730952 -0.001206377717239482 -0.028393603805665801 -0.011329398599336528 0.031759779092048239 0.14021333068802583 0.043599478319502574 -0.0020052348418987619 0.11337213451958968 0.074722831570676274 0.15496699120859647 -0.11050258634939354 -0.17743694547325042 -0.13685778002100502 0.00030089033408970957 -0.11089580105028474 0.012337924449750527 0.018085260733697029 -0.12846759194153093 -0.02841178872403868 0.044878753720944589 0.1085239217965222 -0.00027269965089780083 -0.063318072189957844 0.14098129891348851 -0.039894446386179075 -0.011726434382350482 0.010993511962662428 -0.1074018441508035 -0.10834405530133846 -0.054143795810090392 0.0004673257966671063 0.095569265631188574 -0.024734190487102792 0.037309734125381189 -0.081569242894658375 -0.080937722800211054 -0.14040208894193909 -0.080097285007729502 -0.052476619624695034 -0.044652765860930727 0.038398771837655055 -0.11982604205211954 0.09351699219451684
leaf_weight=142 399 390 1179 3868 3900 140 82 2444 17700 216 11987 4069 127 636 90 1814 5141 2109 1313 1237 126862 4422 8133 8278 496 3284 31336 562 1855 360 761 54 164 22133 581 294 42622 525 888 3928 1454 15507 1240 255 345 3224 180 838 812 1440 141 835 21830 5890 1194 2568 56 217 170 870 25466 34 212
leaf_count=142 399 390 1179 3868 3900 140 82 2444 17700 216 11987 4069 127 636 90 1814 5141 2109 1313 1237 126862 4422 8133 8278 496 3284 31336 562 1855 360 761 54 164 22133 581 294 42622 525 888 3928 1454 15507 1240 255 345 3224 180 838 812 1440 141 835 21830 5890 1194 2568 56 217 170 870 25466 34 212
internal_value=-0.000382371 -0.000291512 -0.00519603 9.76765e-05 -0.0106609 -0.0072556 -0.0276386 -0.00588998 0.000238635 -0.0195989 -0.0025661 -0.00346149 0.000269707 0.0049253 0.012839 -0.000405397 -4.65472e-05 0.00289207 0.00510784 -0.00220608 -0.000400327 -0.0064224 0.00085036 0.00172601 0.00244502 0.00846406 0.000212224 0.000781938 0.00652625 0.0273162 -0.036348 -0.0126403 -0.0123841 0.00066338 -0.0137599 -0.0037202 0.00204428 -0.00533678 -0.00951964 0.00831065 0.0118899 -0.00155276 -0.0129764 -0.00219621 0.00755672 -0.00260369 0.019869 -0.00619672 -0.0107797 -0.00460861 -0.0190613 0.00150282 -0.0011967 0.00154796 -0.00110347 -0.00363 -0.00476579 0.000464807 0.00998065 0.00258896 0.00287612 0.000120611 0.00973182
internal_weight=401299 399966 29406 370560 9553 6918 1333 8522 362038 2635 19853 6513 2206 1613 977 176358 147055 15800 10659 29303 131255 5659 185680 78270 60570 3780 107410 81202 9346 450 843 490 593 80640 2009 348 56790 4393 1428 7237 3309 26208 1456 19463 780 18683 435 5502 4712 4664 540 49304 23644 48512 13181 10701 429 527 310 27171 26301 373 246
internal_count=401299 399966 29406 370560 9553 6918 1333 8522 362038 2635 19853 6513 2206 1613 977 176358 147055 15800 10659 29303 131255 5659 185680 78270 60570 3780 107410 81202 9346 450 843 490 593 80640 2009 348 56790 4393 1428 7237 3309 26208 1456 19463 780 18683 435 5502 4712 4664 540 49304 23644 48512 13181 10701 429 527 310 27171 26301 373 246
is_linear=0
shrinkage=0.05


Tree=21
num_leaves=64
num_cat=0
split_feature=7 7 3 14 5 8 13 32 6 12 6 8 10 6 7 33 27 17 5 3 6 10 35 15 29 3 23 1 23 3 7 9 29 5 39 3 37 8 19 15 3 33 3 29 4 1 45 25 10 45 29 22 7 8 9 3 11 32 33 13 5 25 37
split_gain=397.362 291.849 231.625 155.311 119.25 84.6571 72.3934 70.9754 63.6986 60.7097 59.6606 59.0485 56.1959 52.9662 52.0469 49.7306 74.3408 48.635 46.7012 53.6465 43.3369 51.6336 44.1991 55.777 43.285 41.8068 40.9902 40.7012 37.2078 37.091 36.9466 48.2125 36.6538 34.6082 34.442 34.2301 33.8957 38.6316 32.8256 32.3245 32.0068 31.9306 31.8627 31.3408 31.0607 30.9375 30.4599 29.8799 29.3856 39.0079 29.2274 29.1897 30.9307 28.5469 28.1606 28.1168 27.9562 27.844 27.0307 39.7549 25.9075 25.0181 24.5765
threshold=1.0000000180025095e-35 81.749118445298819 0.34300318682888015 -23.732142857142858 -14.017582417582437 0.85507246164371242 1.2096722848042496 4.5000000000000009 0.74519525119988972 -0.58485994420183773 -0.93202951507340004 0.88259109107555578 143.07142857142858 -0.032652933254529143 0.98974331861078702 0.029577699235229155 0.22676155873770334 15.445096955722908 -142.36593406593428 0.086075590342105421 -0.014260133658312949 61.071428571428577 -37.28571428571437 0.92087912087912105 -0.24270174765308442 -0.68118604763108359 -0.16666666906114089 2.3662751994236051 -0.14734533747586523 -0.025394067104188244 1942.5986536628823 5.5000000000000009 -2.4941468056914098 1.0000000180025095e-35 65.853662630577745 -0.23537657002530468 30.769083312789153 0.9910714219347897 4.5000000000000009 -3.4879120879120915 0.03619908212874446 0.013274336246067902 -0.32365516090041935 0.10714283847966576 50.01785714285716 0.85844675219000999 38.647865925717859 2.6428571428571437 370.78571428571428 51.612904521333256 -0.99999898620498651 147.35714285714292 4.0203531608800827 0.16772189888799596 5.5000000000000009 -0.53203247791027886 -0.036963676363887893 4.5000000000000009 0.18626210958949263 -0.81199669291496546 -77.658241758241815 323.50000000000006 80.000348203171072
decision_type=2 2 2 2 2 2 2 2 2 2 2 2 2 2 2 2 2 2 2 2 2 2 2 2 2 2 2 2 2 2 2 2 2 2 2 2 2 2 2 2 2 2 2 2 2 2 2 2 2 2 2 2 2 2 2 2 2 2 2 2 2 2 2
left_child=5 4 18 10 9 25 14 12 11 60 28 32 24 -14 54 34 45 -9 26 30 21 22 -16 51 -8 -1 -3 36 -4 47 35 43 -5 -7 -13 39 58 -38 46 -20 -25 -19 62 -32 -21 -17 -37 -23 49 -34 -30 52 -24 -10 -6 -56 -12 -41 -22 -60 -2 -59 -11
right_child=1 2 3 8 6 33 7 17 53 42 56 15 13 -15 20 16 -18 41 19 44 27 29 23 40 -26 -27 -28 -29 50 -31 31 -33 48 -35 -36 38 37 -39 -40 57 -42 -43 -44 -45 -46 -47 -48 -49 -50 -51 -52 -53 -54 -55 55 -57 -58 61 59 -61 -62 -63 -64
leaf_value=-0.10796033949565619 -0.0043466533989588996 0.02588891431684286 -0.12609890502868457 -0.10308459762922298 -0.21312500316157212 -0.10202064740509303 0.13117097937232833 0.065232997756535002 -0.019568429246986388 -0.082494720372222677 -0.082713423074760151 -0.080336990480073214 -0.054552640104388567 0.15840706386531378 0.022974813737676715 -0.011976050675176221 0.089047194025013335 -0.057891919691580009 -0.091040060184934518 -0.035134630598310145 7.61780693428138e-05 -0.0059023270394881425 -0.0056658142923934124 -0.019077239865628551 0.091438719807446667 -0.050645572127231732 -0.09605312291430107 -0.14303735462359563 -0.11372035022687083 -0.0016507382407040972 0.14956927319478752 -0.030555691516306174 -0.046478806121613508 -0.10741472101270966 7.6171711086558966e-05 -0.03033998565256768 -0.0017362305966752258 -0.0088226488311053952 0.0041097052382168325 -0.076360981148239512 0.084204699288453491 0.025621019060135031 -0.0067004883767689538 -0.032027570294392453 -0.055687462920586066 -0.16104473420777607 0.052121297487755673 0.039358812684996684 -0.079932619341847075 0.079553871963967224 -0.0790907879512463 -0.0091184403824328582 0.02042280159626042 -0.11966238676858088 -0.15405914519222239 -0.029950853246290612 0.11123692942847883 0.015846704451144313 -0.09678838429994957 0.036574722224261967 -0.08150806608733939 -0.085166963859990785 0.12428132804504183
leaf_weight=157 411 203 413 543 174 583 617 1910 255 1644 1411 836 630 237 9176 589 1234 1473 1299 9179 94268 2955 6672 812 1121 423 737 252 533 56734 237 134 4531 170 1111 9890 60161 7512 17364 550 4275 1494 6013 72 1898 101 1265 8017 992 388 779 6000 41219 968 250 1239 82 1472 368 23287 1724 223 32
leaf_count=157 411 203 413 543 174 583 617 1910 255 1644 1411 836 630 237 9176 589 1234 1473 1299 9179 94268 2955 6672 812 1121 423 737 252 533 56734 237 134 4531 170 1111 9890 60161 7512 17364 550 4275 1494 6013 72 1898 101 1265 8017 992 388 779 6000 41219 968 250 1239 82 1472 368 23287 1724 223 32
internal_value=-0.000385859 -0.000295013 -0.00353261 -0.00895937 0.000268421 -0.0276386 0.000429632 0.00529196 -0.00625168 -0.00516027 -0.0186741 -0.00497283 0.0119554 0.00155115 0.000317112 -8.9122e-05 0.00561042 0.00173156 -0.0017327 -0.00149473 0.000362736 0.00104148 0.00201301 0.00151065 0.0171423 -0.013265 -0.0127593 -0.000133415 -0.0250101 6.34359e-05 -0.000470527 0.0138682 -0.00790118 -0.0387 -0.0057239 -0.000668837 -0.000106118 -0.000998107 -9.27449e-05 -0.00530318 0.0065155 -0.00227326 -0.00308814 0.0247331 -0.00449982 -0.00752789 -0.0022093 0.00272464 -0.00675763 -0.00517269 -0.0208787 0.00103811 0.00145006 -0.0170428 -0.0085052 -0.0062756 -0.0113489 -0.00166808 0.000405731 0.00191692 -0.01262 0.00150139 -0.00918501
internal_weight=401299 399966 59289 14766 340677 1333 330853 7482 11548 9824 3218 10325 2605 867 323371 3871 1924 4877 44523 43583 321708 135860 68154 58978 1738 580 940 185848 1725 67706 32506 443 6454 753 1947 32063 185596 67673 28519 3544 5087 2967 7689 309 11077 690 11155 10972 5911 4919 1312 53891 47891 1223 1663 1489 1493 2245 117923 23655 2135 1695 1676
internal_count=401299 399966 59289 14766 340677 1333 330853 7482 11548 9824 3218 10325 2605 867 323371 3871 1924 4877 44523 43583 321708 135860 68154 58978 1738 580 940 185848 1725 67706 32506 443 6454 753 1947 32063 185596 67673 28519 3544 5087 2967 7689 309 11077 690 11155 10972 5911 4919 1312 53891 47891 1223 1663 1489 1493 2245 117923 23655 2135 1695 1676
is_linear=0
shrinkage=0.05


Tree=22
num_leaves=64
num_cat=0
split_feature=5 12 1 14 17 8 34 22 6 6 2 14 6 5 14 33 2 20 17 24 2 6 39 22 6 20 5 5 6 16 37 4 33 5 22 2 23 25 22 21 6 5 2 14 33 21 20 2 27 39 21 4 20 49 24 25 33 47 6 20 24 8 48
split_gain=229.083 216.704 136.071 106.838 106.644 117.123 95.211 86.6051 84.2316 49.9606 133.081 63.2984 62.0369 60.0578 53.4316 47.1772 86.9165 65.8163 47.0462 46.9098 45.766 45.7513 45.6116 43.4026 42.0288 41.9917 41.2023 39.2015 42.3905 35.7575 34.8164 44.6751 34.3254 34.0002 32.7971 31.5183 30.775 29.8052 29.1698 29.0767 29.0594 28.8999 28.1073 55.5114 45.312 28.4415 27.6743 27.6053 27.4978 26.6194 26.4947 26.2314 26.187 25.3378 25.2377 28.4576 31.3706 38.6378 42.7724 35.8626 26.5271 25.1908 32.3279
threshold=14.824175824175809 -0.52631592036007058 -0.38599717931014343 -17.196428571428562 1.3701566210955571 0.97826085361531234 -0.50188800378598952 0.26020408163265357 -0.93202951507340004 -0.014260133658312949 0.46210691389892183 -1.5714285714285714 -1.0621576585142167 -17.749450549450568 -23.732142857142858 0.030170473324954754 0.55653461550259176 0.8387095985085059 14.73784507037014 5.5000000000000009 0.27999998065454584 0.85460804561725945 59.523820399663968 -375.20153061224488 -0.40921583704897085 0.070791252585127862 35.75274725274722 -12.356043956043964 0.62510259528213952 0.31878654009226032 30.769083312789153 3.6785714285714266 0.15425818700452129 9.5494505494505404 -9.0069670701869134e-14 0.55653461550259176 -0.14939164258538618 1010.7142857142858 340.35714285714147 -0.041811208637521545 -0.22168985909561509 9.0978021978021868 -0.10644074012491783 -6.0357142857142767 0.024137930597502955 -0.11013817233899308 1.0832560465261811 0.11863023646851452 0.011246480757664051 84.000082800080776 -0.071349734582659835 -1.7857142857142845 0.43142435900060666 1.0927248741403972 726.16666666666686 356.50000000000006 0.067341620197825566 75.409869959718634 -0.18408355117193281 0.075999905963296213 115.50000000000001 0.92228275086307809 98.780631107013406
decision_type=2 2 2 2 2 2 2 2 2 2 2 2 2 2 2 2 2 2 2 2 2 2 2 2 2 2 2 2 2 2 2 2 2 2 2 2 2 2 2 2 2 2 2 2 2 2 2 2 2 2 2 2 2 2 2 2 2 2 2 2 2 2 2
left_child=1 2 23 8 5 21 26 34 -2 10 12 -12 14 25 36 40 29 22 20 33 38 -3 -18 -1 51 -11 53 37 61 32 -15 -32 54 -13 -7 41 -6 -4 46 -27 49 -21 43 44 -26 -44 -14 -10 -39 -8 -46 -20 -24 -5 55 56 59 58 -58 60 -17 -29 -63
right_child=3 4 27 6 9 7 15 -9 47 13 11 19 18 30 -16 16 17 -19 24 35 -22 -23 52 -25 42 39 -28 28 -30 -31 31 -33 -34 -35 -36 -37 -38 48 -40 -41 -42 -43 45 -45 50 -47 -48 -49 -50 -51 -52 -53 -54 -55 -56 -57 57 -59 -60 -61 -62 62 -64
leaf_value=-0.10552957023216121 -0.11606102278456626 -0.01944383549392277 -0.063221358335457681 0.021352550091249079 -0.12150896602130822 0.002747913356652032 -0.080724589854718518 -0.044939154575186317 0.018631654391667942 0.025144112511162487 -0.042727671536196388 0.099205168203241281 0.019739680586046804 0.00069322894493539788 -0.018793857750208743 0.17258964591391265 0.033252596184588604 -0.094147400092104858 -0.050361431901898839 0.11438836015030739 0.080488501597921869 -0.1425220726005598 0.15713579177281592 -0.058605339863901151 0.0045039074912545775 -0.016261392439445778 -0.080546205447600078 -0.0012556969044396739 -0.10674340241875427 0.04677133060150003 -0.0013262504774181228 -0.0065081479365151299 -0.036442257250286492 -0.0099180979284160479 -0.096919615034838369 0.13428177298874289 -0.069590967558553873 0.13762726638470299 -0.0062483513711874663 -0.094896387916789407 -0.023606175361075454 -0.08801252125661839 -0.010104371531995816 0.0012297844427771932 0.087316990366369404 0.00095794327465266178 -0.025905874407592445 -0.0826464280553489 -0.079863620063845134 0.025725105883171229 0.044090380734696469 0.0012887010471819061 0.08835924178000272 -0.062442416045735576 -0.13499398439553656 0.15071248807074011 0.22090213142772699 -0.091758621669670956 0.045386505439468788 -0.060350766536175972 -0.070026144072417293 -0.012337139091190608 -0.11756698505039512
leaf_weight=1079 690 5957 3331 629 119 52 1351 581 283 897 608 1483 63829 127464 3075 120 592 97 4608 131 1286 125 385 680 2384 1055 2469 5045 157 1388 51587 20695 3299 422 468 509 553 143 5335 2258 3013 87 9313 13724 1361 42760 1743 1349 43 213 2550 2834 208 2189 38 301 175 129 682 752 61 375 180
leaf_count=1079 690 5957 3331 629 119 52 1351 581 283 897 608 1483 63829 127464 3075 120 592 97 4608 131 1286 125 385 680 2384 1055 2469 5045 157 1388 51587 20695 3299 422 468 509 553 143 5335 2258 3013 87 9313 13724 1361 42760 1743 1349 43 213 2550 2834 208 2189 38 301 175 129 682 752 61 375 180
internal_value=-0.000372652 -9.60786e-05 -0.00700121 -0.00553297 0.000109895 -0.00592293 -0.00423661 -0.0209291 -0.0156302 0.000229396 0.000894659 0.010924 0.000685613 -0.000288273 -0.00566972 -0.00190525 0.000357963 0.0123196 0.000842598 0.0142833 0.00176672 -0.00320531 0.0155641 -0.0197516 3.7091e-06 -0.00619819 -0.0098816 -0.00458212 -0.00204009 -0.00184951 -0.000163683 -0.0010403 -0.00364309 0.0101543 -0.0357527 0.0250928 -0.0184422 -0.00874158 0.00159709 -0.0087969 -0.00597431 0.00914718 0.000373064 0.00196537 0.00585297 -0.000238991 0.0018864 -0.00943263 0.01072 -0.011505 0.00916494 -0.00357359 0.0253667 -0.00574678 0.00110491 0.00179947 -0.000440311 0.00577528 0.00961965 -0.00701425 0.0129486 -0.00132051 -0.0114304
internal_weight=401299 380886 11033 20413 369853 7183 18091 1101 2322 362670 158714 3240 155474 203956 3747 12804 8227 1282 151727 2632 72193 6082 1185 1759 79534 4210 5287 9274 5757 6945 199746 72282 5557 1905 520 727 672 3517 70907 3313 4577 218 72092 20019 6295 52073 65572 1632 186 1564 3911 7442 593 2818 2258 2220 1919 986 857 933 181 5600 555
internal_count=401299 380886 11033 20413 369853 7183 18091 1101 2322 362670 158714 3240 155474 203956 3747 12804 8227 1282 151727 2632 72193 6082 1185 1759 79534 4210 5287 9274 5757 6945 199746 72282 5557 1905 520 727 672 3517 70907 3313 4577 218 72092 20019 6295 52073 65572 1632 186 1564 3911 7442 593 2818 2258 2220 1919 986 857 933 181 5600 555
is_linear=0
shrinkage=0.05


Tree=23
num_leaves=64
num_cat=0
split_feature=5 12 1 14 3 0 8 6 5 17 0 0 3 13 3 6 33 32 33 28 20 37 1 2 25 22 8 6 37 46 24 1 8 49 3 20 0 30 4 4 41 22 17 36 28 25 30 20 3 20 20 28 0 17 24 0 17 37 3 25 21 28 28
split_gain=210.636 192.237 122.837 103.739 93.1679 82.6543 135.375 77.4888 69.0605 62.5954 53.5035 49.4334 118.001 101.691 65.875 57.2831 53.1162 53.0579 41.5187 70.3218 91.6974 71.5052 48.9072 38.2809 37.2651 37.1838 43.4329 36.7793 47.64 41.5893 36.4942 36.2393 35.7588 35.1999 35.0192 34.6506 32.8076 32.6252 32.2322 32.112 31.576 31.1984 31.1806 30.9513 30.7797 30.6365 33.3748 30.5186 31.706 30.2597 37.2419 29.5978 29.3242 40.0685 44.7868 27.2528 38.4331 27.114 27.8419 29.7957 26.8927 26.6471 33.7799
threshold=14.824175824175809 -0.48326344243810698 -0.29411768339100158 -17.196428571428562 1.0652389965096647 7.3571428571428585 0.82147904710691333 0.85460804561725945 -14.017582417582437 0.6693653886118528 6.7857142857142865 263.21428571428578 0.50716487393518372 1.2096722848042496 -0.24750405096147129 -0.014260133658312949 0.24260963627770232 4.5000000000000009 0.030170473324954754 0.74999540626339867 0.43142435900060666 30.519477043767235 0.85844675219000999 0.46210691389892183 22.928571428571434 -1743.6122448979577 0.29059828921843173 -0.37309043898173283 7.9469819123922507 7.986106122804455 574.50000000000011 -0.66424393143261651 0.61818180975206638 1.095884159663352 -0.038321953971181141 0.6999999951585697 421.64285714285717 1.2615764140771792 17.357142857142858 85.910714285714292 0.42918342546354643 3847.9234693877561 4.0682937599332467 -0.13931365048129732 -0.15492970243997142 4.6428571428571432 0.71414278565422451 0.69343835001802778 -0.37835925181493868 0.086204379196264613 0.37021275860570418 1.39999496001176 15.071428571428573 4.5914733707175062 181.16666666666671 16.357142857142858 11.961673458397945 25.714289463266713 -0.84238459031585455 38.500000000000007 -0.49597749491168558 0.49999212504593732 -0.30405409794253363
decision_type=2 2 2 2 2 2 2 2 2 2 2 2 2 2 2 2 2 2 2 2 2 2 2 2 2 2 2 2 2 2 2 2 2 2 2 2 2 2 2 2 2 2 2 2 2 2 2 2 2 2 2 2 2 2 2 2 2 2 2 2 2 2 2
left_child=1 2 8 4 -2 6 47 18 31 -8 60 13 14 15 42 16 23 -15 27 22 21 32 -20 55 -22 26 51 28 35 -29 40 -1 -21 -19 43 -5 -30 -36 41 -9 -23 57 -13 -16 -39 46 -11 -3 -49 -25 -51 -14 -18 54 -54 -7 -57 58 -17 -60 -4 62 -27
right_child=3 5 10 7 -6 11 9 39 -10 45 -12 12 25 17 34 38 52 33 19 20 24 30 -24 49 -26 61 -28 29 36 -31 -32 -33 -34 -35 37 -37 -38 44 -40 -41 -42 -43 -44 -45 -46 -47 -48 48 -50 50 -52 -53 53 -55 -56 56 -58 -59 59 -61 -62 -63 -64
leaf_value=-0.11412153300478423 -0.05479100316159187 -0.042231296277125012 -0.11168863579787536 0.08618477693245713 -0.10799466841738803 -0.0078482912198901029 -0.09207363428309645 -0.063021307285443751 -0.042091672115371216 -0.09207363428309645 -0.01430429004076459 0.094772177945593367 0.0031406780083248599 0.08959954783740201 -0.0011955732763962558 -0.10181535280331887 -0.016507341041191049 0.073909584849777207 -0.011367869059313085 -0.091772343105731624 0.069668569530826827 0.13826742857047289 -0.13675937187641579 0.18192651410507699 -0.071892477740790259 0.094773496747908942 -0.10817697827196274 0.019374337387838669 -0.037362666081962169 -0.047088800017822813 -0.11998059812203753 -0.085604620306552082 0.15431268246906815 -0.0053386908048500105 0.014878899773238552 -0.10623668923713148 -0.094888342408165571 -0.043247530010166679 -0.04523384738233354 -0.12562393011793835 -0.059320295243448798 -0.1500109653573708 -0.045923484735897739 0.030871402166856556 -0.001871572597572957 0.091518823721668516 -0.10835978515016845 -0.087959654081678593 0.057981311302384556 -0.066916763297308807 0.10074790810861581 -0.08974322093759346 0.11139526757228357 0.03033362451106867 -0.041386530402011817 0.018752696556744476 -9.4158349817075049e-07 -0.0021854437280822482 0.00062424777450558193 0.038991683659928222 -0.092453336427113078 0.033739213538284643 -0.075534306304382681
leaf_weight=392 1332 2092 169 310 990 5403 320 821 1250 647 10356 214 684 1778 18606 378 934 1772 7244 45 185 91 422 59 416 165 1445 1582 632 3240 123 1634 662 1878 5782 104 1522 4995 2568 563 129 56 7346 24556 64399 75 212 193 813 251 876 199 675 12187 202 34609 39806 56294 66014 6729 367 644 862
leaf_count=392 1332 2092 169 310 990 5403 320 821 1250 647 10356 214 684 1778 18606 378 934 1772 7244 45 185 91 422 59 416 165 1445 1582 632 3240 123 1634 662 1878 5782 104 1522 4995 2568 563 129 56 7346 24556 64399 75 212 193 813 251 876 199 675 12187 202 34609 39806 56294 66014 6729 367 644 862
internal_value=-0.000344743 -7.95382e-05 -0.00579435 -0.00529292 -0.0152427 0.000141239 -0.00670826 -0.00401551 -0.0142838 -0.0205685 -0.00324042 0.000223517 -0.000557711 0.000660066 -0.000289083 0.000498346 0.00143465 0.00742341 -0.00307324 -0.000852733 0.00850645 0.0174222 -0.00286913 0.0009431 -0.00706205 -0.00901328 -0.0130987 -0.00587205 -0.0107064 -0.00329628 -0.001297 -0.0199867 0.0265097 0.00397112 0 0.00481768 -0.0136925 -0.000651736 -0.000175289 -0.0153854 0.0108814 -6.52269e-05 -0.00481409 0.00113514 -0.000952458 -0.0140188 -0.0166977 -0.00109583 0.00605805 0.00986005 0.00802502 -0.00435398 0.00427879 0.00489088 0.0152149 0.00081053 0.00105953 -4.90283e-05 0.000585946 0.000656351 -0.0186439 -0.00331817 -0.00831954
internal_weight=401299 380886 14168 20413 2322 366718 4352 18091 3276 1254 10892 362366 129897 232469 125898 227041 95002 5428 16707 9317 1651 1050 7666 81004 601 3999 2328 7390 2568 4822 343 2026 707 3650 118338 414 2154 75176 132039 1384 220 129471 7560 43162 69394 934 859 3098 1006 1186 1127 883 13998 13064 877 79818 74415 129415 73121 72743 536 1671 1027
internal_count=401299 380886 14168 20413 2322 366718 4352 18091 3276 1254 10892 362366 129897 232469 125898 227041 95002 5428 16707 9317 1651 1050 7666 81004 601 3999 2328 7390 2568 4822 343 2026 707 3650 118338 414 2154 75176 132039 1384 220 129471 7560 43162 69394 934 859 3098 1006 1186 1127 883 13998 13064 877 79818 74415 129415 73121 72743 536 1671 1027
is_linear=0
shrinkage=0.05


Tree=24
num_leaves=64
num_cat=0
split_feature=7 7 3 11 5 8 0 12 6 6 2 33 10 2 5 10 0 2 25 33 27 20 7 3 7 29 10 3 12 3 8 46 20 5 7 11 1 2 7 25 18 10 37 4 5 18 10 13 27 25 13 6 21 45 2 3 15 35 12 7 7 20 29
split_gain=383.496 236.494 185.421 111.6 97.451 78.5759 65.0568 60.249 59.7616 56.5556 88.4741 80.8872 70.0371 82.4966 60.1925 56.0328 55.2309 51.5841 47.3311 46.9566 50.0115 70.2097 46.6761 46.4366 45.9106 43.9765 47.0233 41.8068 40.8287 40.6384 40.5555 39.2402 39.0721 38.7272 52.4473 38.2308 37.8737 37.1779 35.9523 35.1219 34.1523 31.8162 31.3794 38.5223 30.6903 28.6465 28.3838 28.2073 28.0076 28.0006 27.8752 27.6981 27.0594 25.867 25.8346 25.4551 36.7847 25.3657 26.8302 26.4715 25.9921 25.2991 25.2167
threshold=1.0000000180025095e-35 106.38829534606698 0.40993111973141605 -0.093457962988033189 -13.124175824175916 0.85507246164371242 433.21428571428584 -0.58485994420183773 0.52423912307308185 -0.03961802882018859 0.59667892254346333 0.010557345569652153 61.071428571428577 0.2905833804825147 8.6769230769230745 144.92857142857147 16.357142857142858 -0.52491825587567653 7.0714285714285721 0.041143879165343962 0.21212101928378066 0.43405624220269001 0.98974331861078702 -0.0053768964629730487 33.024418895272071 -1.2379261071446999 695.92857142857144 -0.68118604763108359 -0.25289800053862643 -0.20903707754121539 0.59274213193823144 66.071441268343634 0.66326530227314162 10.707692307692303 1942.5986536628823 0.37499993094308387 1.4507855915496055 0.017708352050428356 884.05154563535905 480.64285714285717 0.74999995781250239 2562.5714285714289 23.809512712015788 3.2500000000000075 -77.658241758241815 0.56521738577504743 561.64285714285722 1.6430213351930223 0.99999915073565504 2.6428571428571437 1.6430213351930223 0.74519525119988972 -0.38758820423877488 24.999999224999851 0.41509419944821774 -0.31331891224696279 -0.73186813186813182 -26.48469387755102 0.12182277938853266 70.354495959421385 13.886566679850061 0.18221898122800931 0.10714283847966576
decision_type=2 2 2 2 2 2 2 2 2 2 2 2 2 2 2 2 2 2 2 2 2 2 2 2 2 2 2 2 2 2 2 2 2 2 2 2 2 2 2 2 2 2 2 2 2 2 2 2 2 2 2 2 2 2 2 2 2 2 2 2 2 2 2
left_child=5 4 17 6 7 27 28 44 19 10 12 24 13 16 23 18 -6 -3 45 35 -21 38 -11 49 -12 -8 -27 -1 -4 -9 -15 -26 40 55 54 47 42 -7 -22 -40 -16 -31 50 -44 -2 -13 -25 -5 -41 -14 -24 -45 -37 -32 -35 56 -19 59 60 -18 -59 -38 -36
right_child=1 2 3 8 9 37 25 29 -10 22 11 15 14 30 32 -17 57 33 -20 20 21 -23 36 46 31 26 -28 -29 -30 41 53 -33 -34 34 62 52 61 -39 39 48 -42 -43 43 51 -46 -47 -48 -49 -50 -51 -52 -53 -54 -55 -56 -57 -58 58 -60 -61 -62 -63 -64
leaf_value=-0.096509937897897413 2.0897572083833363e-05 -0.090332055222773086 -0.095429824976429004 -0.040699309765693518 -0.0067683010492259228 -0.088568107465490514 -0.10159456140392008 -0.057665630208058462 -0.10412320469445198 -0.079058174945633497 0.08404522852868633 -0.025529643506809932 -0.0035106789290998645 -0.0016593964218839297 -0.078256710364623144 0.0080300369922654113 0.019603472341902274 -0.086217253855921328 0.13576396339064764 -0.040494187416481746 0.12836366497491722 -0.048835787052802095 0.0017216891553327508 -0.0026686960938313575 -0.065317719902452928 -0.068818214082225992 -0.1011277092609237 -0.046786499476179903 0.0047878042855013184 -0.0026273180411225507 0.088042346130270677 0.18237384763681638 -0.11169281592942859 -0.022545732535482022 0.14454000325372171 -0.089418157088270764 -0.17904709471450891 -0.093178190014332543 0.12644533914305986 -0.11247928122328586 0.0040820012154975105 0.19079073376255007 -0.00015638790266230275 -0.0033840312044808975 -0.073586509944969292 0.11837660909002788 0.069060273297102057 -0.088608424259817464 0.04549486006498691 0.04012684704067071 0.085232925251451708 -0.089511726453673293 0.0056740099969288197 0.14784743564494951 -0.065172441893036351 0.00032920670623115544 0.015689987430996945 0.017581331930841059 0.030254721231485718 -0.058306073854160582 -0.0039824874681197555 -0.048869596756330805 -0.044810681446955596
leaf_weight=157 502 502 327 949 8310 582 858 3372 921 1124 552 167 2793 475 1244 388 8334 885 465 784 614 335 103810 47106 841 2359 533 423 903 7432 979 60 513 8156 286 232 104 171 101 75 1402 39 76700 33492 1983 547 910 607 46 7382 627 435 1522 467 2227 19646 540 19225 7532 503 15857 785 101
leaf_count=157 502 502 327 949 8310 582 858 3372 921 1124 552 167 2793 475 1244 388 8334 885 465 784 614 335 103810 47106 841 2359 533 423 903 7432 979 60 513 8156 286 232 104 171 101 75 1402 39 76700 33492 1983 547 910 607 46 7382 627 435 1522 467 2227 19646 540 19225 7532 503 15857 785 101
internal_value=-0.000340507 -0.000251259 -0.00373129 -0.00928659 0.000173499 -0.0271135 -0.0148581 -0.0040212 -0.00480028 0.000336448 0.00117884 0.00963379 0.000971251 0.002161 -0.000224857 0.0175132 0.00183305 -0.00181322 0.022937 -0.00274354 0.0033988 0.00994364 -0.000152688 0.00013997 0.00113206 -0.0181315 -0.0151776 -0.013265 -0.00487359 -0.00241121 0.0123601 -0.00582066 -0.0069466 -0.00156229 -0.00400136 -0.00637292 -9.9767e-05 -0.0377705 0.0176953 0.000427735 -0.00449529 -0.000354031 -5.7169e-05 -0.00064401 -0.0110438 0.0148369 -0.000510141 -0.0120783 -0.0177126 0.00320832 0.000564407 -0.00204689 -0.00130836 0.0165238 -0.00467539 -0.000315361 -0.00676795 0.00244397 0.00193821 0.00488226 0.00135667 -0.0103982 0.0140661
internal_weight=401299 399966 43509 11166 356457 1333 4980 13328 6186 343129 126052 3020 123032 61682 61350 1567 59761 32343 1179 5265 1955 1171 217077 58191 1453 3750 2892 580 1230 10843 1921 901 3159 31841 10770 3310 215953 753 836 222 2646 7471 215064 110627 2485 714 48016 1556 121 10175 104437 33927 1754 1446 10383 21071 1425 51451 42614 8837 35082 889 387
internal_count=401299 399966 43509 11166 356457 1333 4980 13328 6186 343129 126052 3020 123032 61682 61350 1567 59761 32343 1179 5265 1955 1171 217077 58191 1453 3750 2892 580 1230 10843 1921 901 3159 31841 10770 3310 215953 753 836 222 2646 7471 215064 110627 2485 714 48016 1556 121 10175 104437 33927 1754 1446 10383 21071 1425 51451 42614 8837 35082 889 387
is_linear=0
shrinkage=0.05


Tree=25
num_leaves=64
num_cat=0
split_feature=7 7 3 14 3 6 2 2 10 13 0 2 1 2 25 20 33 27 20 38 23 47 22 21 34 20 3 27 10 6 29 31 6 10 23 20 17 11 25 20 3 11 29 2 7 9 15 13 30 2 7 12 9 13 10 23 34 42 23 7 12 6 25
split_gain=381.713 222.462 181.043 150.822 81.7703 72.8863 64.0765 63.5431 57.1477 56.0084 63.8552 49.4064 48.2959 46.7865 61.4507 47.1114 43.7424 63.495 52.9095 46.6452 42.729 41.2422 39.6552 44.0372 39.4621 38.8726 38.0528 37.8089 53.0771 41.6415 37.4799 37.1716 36.665 36.5489 35.4554 34.7855 34.5012 33.0731 30.7827 36.9941 30.3735 30.2024 28.1516 36.9112 70.4012 31.8786 37.5885 30.4425 28.11 40.0678 28.0004 27.4447 27.0949 26.8893 30.0553 26.2142 25.7718 29.2598 25.5258 25.3807 25.3407 25.2771 37.7043
threshold=1.0000000180025095e-35 81.749118445298819 0.45308637014544556 -3.0714285714285605 -0.53203247791027886 0.74519525119988972 -0.074074090149176527 -0.52491825587567653 285.64285714285717 1.2096722848042496 241.50000000000003 -0.37317007823576648 0.55214721783845866 0.32806505511009426 6.2142857142857153 0.33630518479487898 0.029577699235229155 0.21987167819367784 0.38921072806514118 69.230954172419061 -0.17955295482239186 56.549982753170362 147.35714285714292 -0.10796868385209019 -1.0094025316573647 0.74656943915469343 -0.68118604763108359 -0.15805526454391441 85.357142857142875 -0.020831109879463249 -2.4941468056914098 0.65972943960549102 -0.45099248934482855 2562.5714285714289 -0.5533465412354357 0.26339831852572398 21.340294352156178 0.37499993094308387 20.785714285714288 0.81545216913187835 1.9015236560719784 0.3374232944220712 0.065815771363503126 0.0096434787970208508 1942.5986536628823 7.5000000000000009 1.4241758241758238 6.3341292195929233 0.9035079029052514 0.49050717985856424 259.16006387518934 0.83486707172620911 11.500000000000002 -0.41900960064101483 1.3571428571428574 -0.36885067317381315 -0.31218816636575181 10.416624622225831 0.020165256479084303 6.0693271346387254 -0.41966217984926807 0.037113772310507255 7.9285714285714297
decision_type=2 2 2 2 2 2 2 2 2 2 2 2 2 2 2 2 2 2 2 2 2 2 2 2 2 2 2 2 2 2 2 2 2 2 2 2 2 2 2 2 2 2 2 2 2 2 2 2 2 2 2 2 2 2 2 2 2 2 2 2 2 2 2
left_child=6 4 7 8 11 16 26 -3 25 22 13 52 42 -11 15 -15 37 56 19 -19 -10 -20 27 -24 -8 30 -1 32 29 48 -4 -22 58 41 -13 -28 59 40 -16 -40 -5 -12 43 45 47 -9 -47 53 -29 -50 -44 -36 -2 -45 -55 -31 57 -18 -6 -17 -57 -34 -63
right_child=1 2 3 5 9 -7 24 12 20 10 33 34 -14 14 38 36 17 18 21 -21 31 -23 23 -25 -26 -27 35 28 -30 55 -32 -33 61 -35 51 -37 -38 -39 39 -41 -42 -43 50 44 -46 46 -48 -49 49 -51 -52 -53 -54 54 -56 60 -58 -59 -60 -61 -62 62 -64
leaf_value=-0.092642450585084857 -0.0045825305555431189 -0.080401408508857714 -0.10173868163458638 -0.031320002054643768 -0.052883378214985788 -0.097173131339867477 -0.068333299291883393 0.014922648673068384 -0.10907888582184998 0.022522865460339637 -0.052701937903800178 -0.13028459322569727 -0.040249874512607003 -0.10444438541786555 0.12309844075404808 -0.071390109871117519 -0.001461016111878788 0.012681352855864338 0.14953390379127526 0.13300997774092965 -0.089747787685111324 -0.0417623446260613 -0.0087427957512157713 -0.00011332307436742185 -0.087351545477305698 0.071970270932496888 -0.16030217593221777 0.010604199058323861 -0.0014287574032932238 -0.007124613623409215 -0.068805434995727763 -0.023176103469593423 0.015310567588326274 0.21068081192575205 -0.0042959814579914381 0.01967638839598598 0.032300599761985363 -0.0036431109713126911 0.10889949479429406 -0.08136763289210909 -0.082251821072305734 0.068605622819871703 -0.013759780462425521 0.065450878023410458 0.093753629909011024 0.0060773594532582912 -0.045342136502634744 -0.16038245766400616 0.020377349091282637 0.13229856547931701 -0.052757105965997433 -0.11629422591587356 -0.08282068058822678 -0.19221135849398768 -0.025763420034218901 -0.052474427186512344 0.0010849712995220308 -0.13831116205988236 -8.8504340826811589e-05 0.09549069676221783 0.032982882440962105 -0.0012011164970378019 -0.049633030109680322
leaf_weight=142 562 693 298 1280 3493 942 82 5277 599 2887 1804 188 3556 260 355 104 186 362 128 644 1140 466 19224 71727 761 223 54 10840 46473 9444 2535 433 38969 62 5379 294 797 1965 110 60 589 428 10694 562 234 8822 1855 38 35644 227 2210 162 2084 34 12713 675 532 279 2284 1017 52011 29523 3884
leaf_count=142 562 693 298 1280 3493 942 82 5277 599 2887 1804 188 3556 260 355 104 186 362 128 644 1140 466 19224 71727 761 223 54 10840 46473 9444 2535 433 38969 62 5379 294 797 1965 110 60 589 428 10694 562 234 8822 1855 38 35644 227 2210 162 2084 34 12713 675 532 279 2284 1017 52011 29523 3884
internal_value=-0.000327798 -0.000238758 -0.0030654 -0.00838379 0.000253158 -0.00377657 -0.0270385 -0.00162986 -0.0148802 0.000376149 0.00454015 -0.00462621 -0.0014033 0.00742294 0.0121509 0.00844543 -0.00187293 0.00313619 0.00930879 0.0162956 -0.0210833 -0.00251641 0.000274938 -0.000610713 -0.0353991 -0.0104692 -0.0126403 0.00061998 0.00107135 0.00167533 -0.0120522 -0.0167472 -0.000276956 -0.00248245 -0.00201515 -0.0037202 0.0111543 -0.00526721 0.027509 0.00996473 -0.0100289 -0.00353703 -0.000934162 -8.27829e-05 -0.00199873 0.00154788 -2.29463e-05 -0.00247582 0.0028033 0.00347759 -0.00288242 -0.00128946 -0.0102774 -0.00234764 -0.00281986 0.000827216 -0.00676462 -0.0153623 -0.00411019 0.0168094 0.0012621 2.8946e-05 -0.000980181
internal_weight=401299 399966 59289 12601 340677 7373 1333 46688 5228 332302 7884 8375 45995 5590 2703 2178 6431 2597 1600 1006 2172 594 324418 90951 843 3056 490 233467 155314 108841 2833 1573 78153 2294 5729 348 1918 3834 525 170 1869 2232 42439 29535 13581 15954 10677 13347 46711 35871 12904 5541 2646 13309 12747 62130 997 465 5777 1121 52686 72376 33407
internal_count=401299 399966 59289 12601 340677 7373 1333 46688 5228 332302 7884 8375 45995 5590 2703 2178 6431 2597 1600 1006 2172 594 324418 90951 843 3056 490 233467 155314 108841 2833 1573 78153 2294 5729 348 1918 3834 525 170 1869 2232 42439 29535 13581 15954 10677 13347 46711 35871 12904 5541 2646 13309 12747 62130 997 465 5777 1121 52686 72376 33407
is_linear=0
shrinkage=0.05


Tree=26
num_leaves=64
num_cat=0
split_feature=7 7 2 5 20 8 8 37 6 7 4 6 2 10 3 22 5 24 27 20 22 35 2 7 2 30 3 45 31 7 30 6 20 3 17 2 3 3 4 13 14 25 45 8 10 25 6 3 28 19 28 11 3 20 39 3 13 20 28 8 34 7 7
split_gain=378.032 209.705 107.801 96.1772 86.6165 77.9798 61.9896 66.4925 59.1638 55.6772 52.9714 52.5672 135.463 62.149 71.1493 60.0256 50.5968 45.626 44.7153 45.5946 44.1315 43.7048 49.7976 41.5173 40.5395 40.0702 40.0629 38.0648 37.3318 40.0831 37.0512 34.8622 48.8038 34.4326 34.9759 33.6936 33.4082 33.157 40.7977 33.0349 32.7425 32.521 37.5972 30.9897 30.8579 30.5987 34.0239 30.5114 36.465 31.8611 30.357 29.9087 29.542 29.5255 29.0684 38.8393 28.0698 28.0338 87.7163 27.671 26.9422 29.4636 26.7322
threshold=1.0000000180025095e-35 451.77190212548265 -0.52491825587567653 9.0978021978021868 0.032674047971190306 0.85507246164371242 0.80761154430027915 33.333275499908936 -1.4360024298316889 884.05154563535905 -12.178571428571423 0.014457002457056051 0.46210691389892183 58.214285714285722 0.39040846252598982 -1858.6147959183663 -7.5296703296703908 6.166666666666667 0.098901035502962656 0.72190907660739778 418.41326530612275 -37.28571428571437 0.23529407333281058 35.305951396302881 0.017708352050428356 5.5604259762859636 -0.68118604763108359 7.1428468276165864 0.40698078949940747 1942.5986536628823 1.7378924776793192 -0.23486278844298386 0.32930867900126332 -0.19147314508358868 3.2826072265931598 -0.39307621340157578 0.093530121883047768 -0.054484563472855241 -6.7857142857142749 -0.45990617496463743 -73.107142857142819 210.78571428571433 36.409272231147732 0.6923076803254441 121.21428571428572 421.92857142857144 0.26179907451082868 -0.025394067104188244 0.2757419107523984 8.5000000000000018 1.2832999386245159 -0.30337080412826606 -0.84238459031585455 0.33172803477655527 78.378477166050587 1.0652389965096647 0.015384451360976053 0.21621620485350315 0.30769199082847992 0.36521738892249533 0.22990142320683846 100.35488049580619 4.0203531608800827
decision_type=2 2 2 2 2 2 2 2 2 2 2 2 2 2 2 2 2 2 2 2 2 2 2 2 2 2 2 2 2 2 2 2 2 2 2 2 2 2 2 2 2 2 2 2 2 2 2 2 2 2 2 2 2 2 2 2 2 2 2 2 2 2 2
left_child=5 2 10 11 28 26 8 18 27 35 -2 12 13 21 47 50 33 23 -8 25 -9 37 62 53 -7 54 -1 -5 30 40 -3 32 -27 34 -13 -6 -10 38 -4 -12 -30 -36 -43 -24 -29 46 -42 48 51 -49 -16 -15 -18 -14 -20 -56 -35 58 -37 -46 -17 -62 -23
right_child=1 4 3 6 9 24 7 20 36 -11 39 16 17 14 15 60 52 -19 19 -21 -22 22 43 -25 -26 31 -28 44 29 -31 -32 -33 -34 56 41 57 -38 -39 -40 -41 45 42 -44 -45 59 -47 -48 49 -50 -51 -52 -53 -54 -55 55 -57 -58 -59 -60 -61 61 -63 -64
leaf_value=-0.087052318473748308 -0.072678769141001756 0.077875120900764372 0.073642749459266341 -0.017514380238170004 -0.10145273128168025 -0.079724914691136364 -0.01382548324676236 0.017633352994120589 -0.0027230937750010401 -0.08901906145175148 -0.056275967769027394 0.098371425281710834 -0.054257413224136644 0.069404559899073751 -0.054020866868371265 -0.037189457446796872 -0.085180503555278453 0.10223328359135726 -0.01764889427233518 -0.041024933313688908 -0.055499101951698007 -0.0063889302957421019 0.0078091767142104643 -0.055011299840258904 -0.085102615549021751 0.15782034979087378 -0.045430993922170204 0.019004079841524371 0.040367627198570566 0.064331255033832288 -0.11003021127694752 0.048366278948921537 0.050327940150184741 0.041021415864705493 -0.046329309024894141 -0.062181206701844273 -0.048886759581941198 0.015755924612364771 0.01584077195708522 -7.4598312173401745e-05 0.069688634047006648 -0.068435198242046316 -0.16498037760803472 0.10149647448038251 -0.038297108354139159 -0.093246485585760305 -0.12756023436587038 0.0021363298270540734 -0.016220145767743378 -0.0054966630450043359 -0.10558025391836756 0.027722764514227217 -0.0005075393584117238 0.094233712349076459 0.00077234670724908312 0.12105719839775292 -0.10627067554197389 -0.065338959313668052 0.12400666943995989 -0.10842345289566227 0.0087436947063352921 0.19643244681150085 0.015160404552528695
leaf_weight=157 1913 74 1458 245 178 582 7844 734 3253 1936 1595 174 197 2332 2287 3334 749 468 2063 765 3192 7588 848 352 171 369 423 94 30 676 149 1834 479 2402 5348 962 6837 10062 1245 2596 255 614 213 1420 69 347 49 43375 2306 29220 555 18382 163414 1361 472 310 758 1244 358 435 1665 161 56321
leaf_count=157 1913 74 1458 245 178 582 7844 734 3253 1936 1595 174 197 2332 2287 3334 749 468 2063 765 3192 7588 848 352 171 369 423 94 30 676 149 1834 479 2402 5348 962 6837 10062 1245 2596 255 614 213 1420 69 347 49 43375 2306 29220 555 18382 163414 1361 472 310 758 1244 358 435 1665 161 56321
internal_value=-0.000306866 -0.000218256 -7.38999e-05 2.99145e-05 -0.00929915 -0.0268885 -0.00273995 -0.00094092 -0.00571155 -0.0127178 -0.00666683 0.000253884 0.000840529 0.000686052 -0.000119141 -0.00464815 -0.000370785 0.0126971 0.000657536 0.00379762 -0.00669749 0.00174299 0.00122618 0.00926391 -0.037505 0.00538166 -0.0130926 -0.0184379 0.000819568 0.00393855 -0.0181309 0.0097666 0.0181523 -0.00391677 -0.00603944 -0.00813063 -0.00464762 0.00442182 0.00933928 -0.00351817 -0.00461753 -0.00666305 -0.0158929 0.00850712 -0.0252383 -0.00698049 0.00458731 0.000259844 0.001846 -0.00024306 -0.0104834 0.00251013 -0.000165354 0.0127688 0.001246 0.00945531 0.000346508 -0.00666706 -0.001587 -0.0301428 -0.00143311 0.00344724 0.000967703
internal_weight=401299 399966 393708 387604 6258 1333 28995 18062 10933 4678 6104 358609 184937 182559 103617 8002 173672 2378 14136 6292 3926 78942 66177 1910 753 5527 580 843 1580 1357 223 2682 848 9509 6349 2742 10090 12765 2703 4191 681 6175 827 2268 598 651 304 95615 23020 72595 2842 20714 164163 1558 2845 782 3160 2564 1320 504 5160 1826 63909
internal_count=401299 399966 393708 387604 6258 1333 28995 18062 10933 4678 6104 358609 184937 182559 103617 8002 173672 2378 14136 6292 3926 78942 66177 1910 753 5527 580 843 1580 1357 223 2682 848 9509 6349 2742 10090 12765 2703 4191 681 6175 827 2268 598 651 304 95615 23020 72595 2842 20714 164163 1558 2845 782 3160 2564 1320 504 5160 1826 63909
is_linear=0
shrinkage=0.05


Tree=27
num_leaves=64
num_cat=0
split_feature=7 7 7 3 5 3 9 20 8 21 14 2 3 8 7 11 3 3 2 33 46 25 9 24 35 0 2 42 24 28 2 8 20 37 28 33 49 20 12 10 1 4 3 0 37 47 2 25 3 13 7 2 45 0 2 20 20 24 2 25 20 14 1
split_gain=376.234 200.739 102.331 109.758 89.348 86.5515 90.4416 77.8785 77.1328 74.8311 66.7094 65.7972 58.2529 51.881 50.0236 47.5225 45.071 40.0629 40.0376 39.0182 37.6741 36.6785 38.4873 88.7939 34.4709 47.5615 34.2811 32.9415 32.7988 30.9838 30.7684 30.2464 41.5358 50.678 44.2168 33.3769 33.887 32.8432 34.1065 31.64 29.4745 29.0165 29.7612 32.0025 29.4428 32.506 29.0118 28.8263 28.548 28.234 48.0837 49.4053 34.8594 31.7886 30.5875 27.8441 26.7501 29.5949 26.7119 30.5279 28.8603 26.472 25.9577
threshold=1.0000000180025095e-35 451.77190212548265 44.606671039246386 0.091030961703603308 -13.124175824175916 0.78663869651414353 4.5000000000000009 0.032674047971190306 0.85507246164371242 -0.30449862072351364 -5.6785714285714182 -0.4453181447307718 0.9558943285916357 0.43636363517355375 884.05154563535905 0.065420548301161827 -0.84238459031585455 -0.68118604763108359 0.017708352050428356 0.11574073917788351 18.918890595298809 1643.5000000000002 7.5000000000000009 143.50000000000003 -104.16836734693904 311.78571428571433 -0.050595246336598697 6.5217017059807327 5.5000000000000009 -0.28668272858663546 -0.2804409702522887 0.87407406921810715 0.72190907660739778 33.846131439038317 0.49999212504593732 0.019040773518304906 1.2047564019628705 0.35439760628492784 0.51808589716780584 103.78571428571431 0.49999984464287334 10.714285714285722 -0.15671647297560201 564.50000000000011 44.444720436299427 71.875065237736422 -0.31205027733978818 836967.71428571444 0.021438975216788354 0.22662518864913769 20.734965041398613 0.16128524363154215 51.612904521333256 15.071428571428573 0.98430104615663117 0.18490134460376653 0.75563908283043191 16.166666666666668 -0.11967932553008674 5.3571428571428585 0.010381373823780951 -0.71428571428571097 -0.50909922682167064
decision_type=2 2 2 2 2 2 2 2 2 2 2 2 2 2 2 2 2 2 2 2 2 2 2 2 2 2 2 2 2 2 2 2 2 2 2 2 2 2 2 2 2 2 2 2 2 2 2 2 2 2 2 2 2 2 2 2 2 2 2 2 2 2 2
left_child=8 2 4 11 29 16 15 19 17 -5 12 -4 -11 56 46 -7 -6 -1 -10 21 -15 22 23 -3 25 26 27 -18 -17 -2 -24 39 33 34 40 36 -36 -37 -39 -12 -33 42 43 -13 45 -43 -9 -28 -25 53 51 -51 -53 -26 -55 -27 -14 -58 59 -44 -61 -52 -31
right_child=1 7 3 9 5 6 -8 14 18 10 31 41 13 20 -16 28 24 -19 -20 -21 -22 -23 30 48 49 55 47 -29 -30 62 -32 32 -34 -35 35 37 -38 38 -40 -41 -42 44 58 -45 -46 -47 -48 -49 -50 50 61 52 -54 54 -56 -57 57 -59 -60 60 -62 -63 -64
leaf_value=-0.082699702550060886 -0.070160169993682936 -0.10675262409277414 -0.065107718221437724 -0.065031867346870387 -0.076717143623357228 0.024902975388011006 -0.0030496247494625987 -0.089009735009962884 -0.075738668956579547 -0.044324982808500307 0.00063859593734207911 0.0026118680289323407 -0.062753351441965519 -0.11322293029279891 -0.084568108379163898 0.096138103607705902 0.0035297483109600681 -0.043159444226061709 -0.080847484771570666 -0.10465248694500494 -0.051554414277632077 -0.091283885550373575 0.17270073886144452 0.10435529494767515 -0.0070945690664057761 0.035209628851936348 0.032476563537687131 0.038049812913153902 0.10780991763077191 -0.12070986953740176 -0.074229197546094167 0.014107310249165783 -0.044230926380849495 -0.034736212641400012 0.087496901875053754 0.14230183034536595 -0.042289583674114076 -0.053154344568756874 0.11684857173986447 -0.039442461279541569 -0.039621711414141815 0.00056137974287531203 -0.0071916901592238959 -0.046030031787782116 -0.042589938244497999 -0.040339405694813382 -0.040833137778496544 -0.016044937723615149 0.052648351847720098 0.015564284178372656 -0.022099524826502528 0.043966521568518213 0.11932699533441223 0.0009590109767442013 -0.10778798823821911 -0.0058968375960916312 0.09234853585175716 -0.11513193591409449 0.0019959597567577258 0.13523617628257006 0.043781149194452376 0.0046680280520828175 -0.018716374846231454
leaf_weight=157 1631 223 1165 5325 1017 1236 2470 214 582 7781 6242 5385 1049 454 1936 1485 2091 423 171 179 258 42 74 285 14760 3548 10728 6692 452 75 402 3858 1147 1558 466 367 482 153 352 8291 940 17426 1165 3401 3279 3826 2528 1789 375 18602 4844 5702 687 185643 378 8174 195 23 30833 159 3524 8685 3915
leaf_count=157 1631 223 1165 5325 1017 1236 2470 214 582 7781 6242 5385 1049 454 1936 1485 2091 423 171 179 258 42 74 285 14760 3548 10728 6692 452 75 402 3858 1147 1558 466 367 482 153 352 8291 940 17426 1165 3401 3279 3826 2528 1789 375 18602 4844 5702 687 185643 378 8174 195 23 30833 159 3524 8685 3915
internal_value=-0.000295154 -0.000206755 -6.55181e-05 -0.00136746 0.000433567 0.000559335 0.0066887 -0.00909142 -0.0268134 -0.00349618 -0.00262359 -0.000185924 -0.00610598 -0.0137664 -0.012333 0.0122735 0.000432776 -0.0130926 -0.0373722 0.000503133 -0.0245682 0.00331525 0.00474211 0.0109218 0.000472031 0.0019864 0.00339412 0.00578896 0.0171623 -0.00580758 -0.00671078 -0.00119865 0.0010238 0.00227431 0.00418474 0.0108208 0.00431916 0.0178821 0.00959216 -0.0026247 0.00166628 1.29714e-05 0.000774618 -0.00183187 -0.00136745 -0.000686756 -0.00798476 0.00171326 0.0201409 0.000263037 0.00150298 0.0028028 0.00659639 2.51269e-05 0.00020237 -0.000571143 -0.00769079 0.00823017 0.00141658 0.00486686 0.00709864 -0.000897695 -0.00343224
internal_weight=401299 399966 393708 109104 284604 278983 5643 6258 1333 38941 33616 70163 9760 1979 4678 3173 273340 580 753 1580 712 1401 1359 883 272323 33022 21300 8783 1937 5621 476 23856 9323 8176 6618 1820 948 872 505 14533 4798 68998 44467 8786 24531 21252 2742 12517 660 239301 38520 24991 6389 200781 186021 11722 1267 218 35681 4848 3683 13529 3990
internal_count=401299 399966 393708 109104 284604 278983 5643 6258 1333 38941 33616 70163 9760 1979 4678 3173 273340 580 753 1580 712 1401 1359 883 272323 33022 21300 8783 1937 5621 476 23856 9323 8176 6618 1820 948 872 505 14533 4798 68998 44467 8786 24531 21252 2742 12517 660 239301 38520 24991 6389 200781 186021 11722 1267 218 35681 4848 3683 13529 3990
is_linear=0
shrinkage=0.05


Tree=28
num_leaves=64
num_cat=0
split_feature=7 7 7 16 5 8 14 1 6 2 24 34 10 2 5 10 33 24 4 10 29 2 28 3 24 7 28 3 28 1 7 2 17 5 34 45 1 24 1 5 29 7 47 24 15 10 10 28 1 10 29 2 18 24 24 33 27 38 2 38 4 6 10
split_gain=372.713 184.185 94.2702 92.0185 85.05 77.386 76.0451 74.6644 59.7547 93.2514 63.986 58.9846 57.9102 65.9319 55.0961 53.7582 51.9973 46.5402 45.3275 43.7191 50.2198 41.7619 41.7196 40.7073 40.4478 38.7507 37.8631 37.2235 36.8708 35.8142 35.3639 34.7383 41.0062 39.246 33.6173 32.9058 66.9254 43.3789 32.4508 42.8486 31.9668 31.6613 40.8387 31.0979 31.0709 30.6032 29.1867 28.9603 28.7355 28.5895 28.4989 35.7454 29.3918 28.0651 28.0302 26.6196 26.4633 25.8946 25.6731 25.5605 30.017 26.5926 25.5517
threshold=1.0000000180025095e-35 451.77190212548265 81.749118445298819 -0.68319770558007953 -14.017582417582437 0.85507246164371242 -7.7857142857142838 -0.26339430134433611 -0.03961802882018859 0.59667892254346333 3.5000000000000004 -1.4385871394191951 61.071428571428577 0.2905833804825147 9.0978021978021868 144.92857142857147 0.010269923282621702 10.16666666666667 0.42857142857142949 1106.8571428571429 -0.026163230722138997 0.017708352050428356 1.4999960625062785 -0.68118604763108359 726.16666666666686 0.98974331861078702 -0.28668272858663546 -0.0053768964629730487 178570.42857142861 2.3662751994236051 1942.5986536628823 0.55653461550259176 129.66817930305777 2.3010989010988454 0.023495670083928302 44.73684051938806 0.85844675219000999 34.500000000000007 0.35897433109796251 18.961538461538456 -0.16075940493096283 43.481405825543014 33.333331830065028 57.500000000000007 -2.0879120879120978 7.0714285714285721 6.2142857142857153 0.91797129703180647 -0.56312163319398756 10.642857142857144 0.065815771363503126 0.0096434787970208508 0.99999999655764904 970935.50000000012 292.16666666666669 0.050041017047637852 2.9083308259738447 25.065444974370212 -0.4453181447307718 76.119412708847193 3.2500000000000075 1.0580829615675267 2562.5714285714289
decision_type=2 2 2 2 2 2 2 2 2 2 2 2 2 2 2 2 2 2 2 2 2 2 2 2 2 2 2 2 2 2 2 2 2 2 2 2 2 2 2 2 2 2 2 2 2 2 2 2 2 2 2 2 2 2 2 2 2 2 2 2 2 2 2
left_child=5 2 4 6 26 23 22 47 9 12 41 -9 13 17 27 -12 38 46 -15 20 -13 -7 43 -1 54 -10 57 -14 35 59 -22 33 -33 -18 -32 36 40 58 39 -8 -5 49 -43 -4 -39 -19 -6 55 -28 -11 51 -42 -53 56 -21 -3 62 -2 -37 60 -27 -62 -50
right_child=1 7 3 28 8 21 16 11 25 10 15 19 14 18 -16 -17 31 45 -20 24 30 -23 -24 -25 -26 29 48 -29 -30 -31 34 32 -34 -35 -36 37 -38 44 -40 -41 50 42 -44 -45 -46 -47 -48 -49 53 -51 -52 52 -54 -55 -56 -57 -58 -59 -60 -61 61 -63 -64
leaf_value=-0.078564717422557842 0.097627019069697785 -0.048514575626165249 -0.071795186057395918 -0.034251960647681171 -0.0087045862594852252 -0.071951735508750572 -0.038432800531073723 -0.096696498126835104 -0.074861727239648609 -0.15929329915502377 0.10756013238922346 0.028674050461572211 0.032203899431553974 0.0062316223219202717 -0.058891054395560041 0.010360209400829712 0.043283722387313352 0.098405120798115989 0.10632327194114043 -0.066274486544760008 -0.065638029815830362 -0.076805110532992132 -0.091350654372973308 -0.041001472014758615 -0.10438514764445972 -0.00025237063770318092 -0.11108631017363187 -0.0014884972359613614 -0.14924342797461937 -0.12662569584518127 0.078479752245490364 0.10917662578444141 -0.042993554908540246 -0.055042423780727323 -0.047202341498106253 -0.06965355424478506 -0.068440075214962898 -0.14655494996404467 -0.0043780076993523492 -0.090965828658709488 0.011868448294464651 0.14664351252449379 -0.095621105388104255 -0.0011032809560172164 -0.0056736197857965914 0.016040690361732945 0.014374275820163929 -0.081491837011126153 -0.010605000290698108 0.068513429885122754 -0.022249891893063922 -0.022374686768956733 0.030157183968281178 -0.15945710475423089 0.049170191948675251 -0.097073651079341683 -0.13825849317454084 -0.069225294091947553 0.051392730537455147 0.0023372634088969948 -0.0031718857861040561 -0.14178877850622756 0.2353630637145333
leaf_weight=157 96 739 1964 7171 7061 582 518 485 1125 54 717 1613 10133 661 1992 248 783 925 1216 380 1280 171 632 423 288 74704 89 46017 122 288 233 532 187 808 142 86 1763 284 670 472 10738 106 437 612 1036 13452 37926 468 7132 1008 11926 8992 611 96 205 425 118 2265 3124 101085 31513 185 28
leaf_count=157 96 739 1964 7171 7061 582 518 485 1125 54 717 1613 10133 661 1992 248 783 925 1216 380 1280 171 632 423 288 74704 89 46017 122 288 233 532 187 808 142 86 1763 284 670 472 10738 106 437 612 1036 13452 37926 468 7132 1008 11926 8992 611 96 205 425 118 2265 3124 101085 31513 185 28
internal_value=-0.000269487 -0.000181503 -4.62144e-05 -0.00200722 0.000259028 -0.0266634 -0.00727142 -0.00869194 0.000395175 0.00127463 0.010698 -0.00544627 0.00107172 0.00214472 -5.83914e-05 0.0208735 -0.00264351 0.00185289 0.0113713 -0.00351235 -0.000855237 -0.0372394 -0.0129968 -0.0129202 -0.0134521 -0.000118214 -0.00432559 0.000231433 -0.00118302 -6.80784e-05 -0.00697541 0.00220553 0.0113267 -0.00191377 0.00651826 -0.00110964 -0.00155445 0.00293481 -0.00939401 -0.0151449 -0.00112822 0.00457604 -0.00523845 -0.0101685 -0.00469283 0.00432945 0.0010613 -0.017888 -0.00257869 0.00959891 -0.000456967 0.000680642 -0.00153544 -0.00223688 -0.00588788 -0.0136543 -0.00188167 -0.00984499 0.00607302 -4.35931e-05 -0.000584528 -0.00187377 -0.00149369
internal_weight=401299 399966 393708 53031 340677 1333 7178 6258 330853 121953 2570 4626 119383 61241 58142 965 3970 59364 1877 4141 3268 753 3208 580 873 208900 9824 56150 45853 207775 1655 2310 719 1591 375 45731 41201 4530 1660 990 39438 1605 543 2576 1320 14377 44987 1632 7463 1062 32267 20341 9603 7374 585 1164 7278 2361 3210 207487 106402 31698 7160
internal_count=401299 399966 393708 53031 340677 1333 7178 6258 330853 121953 2570 4626 119383 61241 58142 965 3970 59364 1877 4141 3268 753 3208 580 873 208900 9824 56150 45853 207775 1655 2310 719 1591 375 45731 41201 4530 1660 990 39438 1605 543 2576 1320 14377 44987 1632 7463 1062 32267 20341 9603 7374 585 1164 7278 2361 3210 207487 106402 31698 7160
is_linear=0
shrinkage=0.05


Tree=29
num_leaves=64
num_cat=0
split_feature=7 7 2 7 16 8 20 14 6 2 10 2 10 25 36 28 35 33 20 3 17 7 2 3 9 28 3 31 30 4 3 29 11 21 20 10 3 21 8 20 9 3 25 6 12 5 11 5 30 45 7 37 25 3 7 37 28 25 10 21 35 29 4
split_gain=370.914 171.737 93.1333 79.4938 84.4735 78.4893 67.8411 63.3211 55.7448 90.8747 58.1894 60.8061 50.9688 70.9187 45.9528 50.0047 45.5855 45.0477 45.045 42.6504 59.206 42.5927 41.7619 41.3568 40.5697 37.3777 37.3465 36.3404 37.0512 35.0083 34.9156 34.4001 40.8936 34.0241 50.8474 32.8489 32.2579 33.7423 38.4428 32.1352 32.0695 38.1943 44.638 31.9917 34.4861 31.8898 31.7059 36.83 29.1321 33.0862 29.9947 28.5743 37.5807 38.5856 28.1135 26.6773 26.641 26.4465 25.7828 25.5443 29.6473 25.1031 30.5752
threshold=1.0000000180025095e-35 451.77190212548265 -0.57888404604191412 81.749118445298819 -0.68319770558007953 0.85507246164371242 0.032674047971190306 -7.5000000000000071 -0.014260133658312949 0.59667892254346333 61.785714285714292 0.27999998065454584 122.50000000000001 5.7857142857142865 -0.23809540167649706 1.4999960625062785 -37.28571428571437 0.010269923282621702 0.33857228999913336 0.39040846252598982 39.189232142600524 884.05154563535905 0.017708352050428356 -0.68118604763108359 4.5000000000000009 178570.42857142861 -0.84238459031585455 0.40698078949940747 1.7378924776793192 -12.178571428571423 -0.49704550344907039 -0.024031871962257794 0.093023198620879363 -0.49597749491168558 0.57142853650793879 3.3571428571428572 0.010587158480385552 -0.12844082071282586 0.29059828921843173 0.24761903523809592 7.5000000000000009 0.021438975216788354 338.64285714285717 0.33495235426230002 1.9523413747159426 -17.749450549450568 0.48192767067063552 18.961538461538456 4.5333227705058938 41.818139712300592 18.070722732898805 11.111106262405519 631.64285714285722 1.3837475083795654 4.0203531608800827 23.809512712015788 0.49999922115425099 80.071428571428584 353.35714285714295 0.59144548445901035 5457.0663265306166 -0.51136998190212235 85.910714285714292
decision_type=2 2 2 2 2 2 2 2 2 2 2 2 2 2 2 2 2 2 2 2 2 2 2 2 2 2 2 2 2 2 2 2 2 2 2 2 2 2 2 2 2 2 2 2 2 2 2 2 2 2 2 2 2 2 2 2 2 2 2 2 2 2 2
left_child=5 2 29 8 7 23 27 14 9 10 11 16 13 18 -5 -16 -4 46 -11 -12 56 31 -7 -1 48 36 -10 28 -3 -2 -31 32 -8 34 -28 -19 -6 57 -39 -34 41 42 -29 44 -40 -35 47 -9 49 50 -13 -23 53 58 -18 -47 -21 61 -53 -55 -61 -38 -63
right_child=1 6 3 4 25 22 21 17 26 12 19 24 -14 -15 15 -17 54 35 -20 20 -22 51 -24 -25 -26 -27 33 40 -30 30 -32 -33 39 45 -36 -37 37 38 43 -41 -42 -43 -44 -45 -46 55 -48 -49 -50 -51 -52 52 -54 59 -56 -57 -58 -59 -60 60 -62 62 -64
leaf_value=-0.074636481551429948 -0.065138427355337952 0.072443675806698818 0.016385433684029938 -0.096852924583674657 0.001982904639623828 -0.068354148733313039 -0.046936695984700579 -0.036559069941875633 -0.074218704822739179 -0.062703590948802027 0.0014194094002602188 0.087467390932488787 -0.0093617144540556474 0.10696294566742398 -0.036006534630100173 -0.08540118978285316 -0.0065315547230841544 -0.10247189150405572 0.07938731593590527 -0.035750145362703538 -0.086160213797491642 -0.090777533504825078 -0.072964855006342519 -0.038951398414020691 -0.0092882637356558103 -0.14178125657588839 -0.054641900610169006 -0.16097550958274645 -0.098643420955092459 -0.062657079723480363 -0.00077810620254732405 -0.075474962108449131 0.11298403321730995 -0.06367447501204504 0.046076018875068007 0.021671558629528888 0.013245114451761865 0.068387866946640855 -0.011906261510516726 -0.014954772933174577 -0.061744989450911447 0.0029234424921463554 0.089903240979712612 -0.059571800913711552 0.096503792866732788 0.0025138203130787851 8.7714915072334429e-05 -0.083501127238700748 0.14017389769493507 0.1489816384806785 -0.040788283523967996 -0.077786082849775645 -0.09491363622390965 -0.081204631982211034 0.014098319499932899 -0.0015689827020359372 0.028729915161522703 -0.0045421299704954347 0.032926131041410227 -0.079815448653171708 0.068176101801122865 -0.055574662494467297 -0.13562744511922312
leaf_weight=157 1464 74 9947 634 21864 582 842 463 935 277 66050 769 705 428 1857 441 7100 98 1209 3404 1723 228 171 423 496 122 3365 25 149 1064 2023 1307 299 1173 837 2136 659 968 14529 294 404 623 305 938 324 89863 594 542 230 267 411 233 404 519 51746 94091 1821 2485 406 72 74 3436 220
leaf_count=157 1464 74 9947 634 21864 582 842 463 935 277 66050 769 705 428 1857 441 7100 98 1209 3404 1723 228 171 423 496 122 3365 25 149 1064 2023 1307 299 1173 837 2136 659 968 14529 294 404 623 305 938 324 89863 594 542 230 267 411 233 404 519 51746 94091 1821 2485 406 72 74 3436 220
internal_value=-0.000258274 -0.000170502 -3.98646e-05 4.32859e-05 -0.00177012 -0.0265884 -0.00838833 -0.00698364 0.00032491 0.00105773 0.00088977 0.00190929 0.0102879 0.0145212 -0.0125149 -0.00922284 0.00164908 -0.00275104 0.00934998 -0.000101304 -0.00382767 -0.0114138 -0.0372394 -0.0127478 0.0101445 -0.000995607 -0.000239641 0.00056642 -0.0181309 -0.00715102 -0.00412847 -0.00740126 -0.00205212 -0.000190383 -0.00463935 0.00183295 -0.000921227 -0.00220488 -0.000999159 0.00800034 0.0036438 0.00865072 0.0224023 -0.00159235 -0.00102639 -8.9371e-05 -0.00915828 -0.0145707 0.0138602 0.0112259 0.00762224 -0.0170936 -0.0148674 -0.0107315 0.00111979 -3.69386e-05 -0.00117605 -0.00517566 -0.00194805 -0.0191625 -0.00065024 -0.00754212 -0.0091614
internal_weight=401299 399966 393708 389157 52310 1333 6258 6765 336847 146583 143964 70966 2619 1914 2932 2298 68793 3833 1486 72998 6948 4678 753 580 2173 45545 190264 1580 223 4551 3087 2742 1435 189329 4202 2234 45423 23559 16759 593 1357 953 330 15791 14853 185127 1599 1005 1677 1447 1180 1936 1708 1304 58846 183954 5225 6800 639 665 146 4315 3656
internal_count=401299 399966 393708 389157 52310 1333 6258 6765 336847 146583 143964 70966 2619 1914 2932 2298 68793 3833 1486 72998 6948 4678 753 580 2173 45545 190264 1580 223 4551 3087 2742 1435 189329 4202 2234 45423 23559 16759 593 1357 953 330 15791 14853 185127 1599 1005 1677 1447 1180 1936 1708 1304 58846 183954 5225 6800 639 665 146 4315 3656
is_linear=0
shrinkage=0.05


Tree=30
num_leaves=64
num_cat=0
split_feature=7 7 2 8 7 16 1 14 20 33 12 3 10 24 8 3 2 24 31 23 3 0 33 10 48 4 3 5 28 20 24 35 10 45 28 28 45 1 10 27 28 1 18 0 0 20 2 3 45 37 29 33 5 23 20 33 9 1 33 35 49 8 3
split_gain=360.574 162.687 84.1838 82.1069 73.5304 82.698 68.4384 63.1276 61.6099 45.389 42.4923 61.7184 79.589 115.985 55.1035 41.5602 41.2525 38.1466 37.6255 37.1864 37.9296 36.2515 34.7054 36.6501 34.6649 33.6046 37.9877 37.2076 33.0443 31.7079 30.6588 39.7035 35.214 30.6217 30.5215 29.9772 27.5099 27.3048 27.2735 34.6396 27.0841 26.8862 51.0496 26.3887 26.277 25.9001 25.7974 25.5278 25.1578 24.6571 24.5116 24.356 24.2311 24.2037 24.1217 22.956 22.6799 28.2942 22.4582 25.152 26.6187 22.1991 25.6032
threshold=1.0000000180025095e-35 451.77190212548265 -0.64269335633230085 0.85507246164371242 81.749118445298819 -0.57281819850863902 -0.26339430134433611 -7.5000000000000071 0.21621620485350315 0.40428939167202887 0.38596484136144832 0.53892636009409445 127.78571428571431 5.8333333333333348 0.66990290991139612 -0.68118604763108359 0.017708352050428356 37.833333333333336 0.7770218819778375 -0.14734533747586523 0.50716487393518372 527.92857142857156 0.26349070736304292 44.500000000000007 47.222261975343983 8.0000000000000036 -0.24750405096147129 -7.8527472527473172 178570.42857142861 0.27242307796215953 695.83333333333337 34022.923469387686 1106.8571428571429 16.666631998369247 0.91797129703180647 -0.22222249444434802 39.024412489619898 -0.049586778682906042 54.214285714285722 -0.12121217558156973 2.1751895419264309 0.85844675219000999 0.20839588276957888 15.071428571428573 1437.3571428571429 0.30437988697294766 0.27079157990572639 1.0652389965096647 49.230832674726656 18.96549413940151 -2.0534209024272401 8676.4410884500157 -1.1846153846153897 -0.5533465412354357 0.25883526137907475 0.054777432406060554 7.5000000000000009 0.47780267716364017 1.4696257401533337 -0.89795918367346794 0.94999313032397925 0.47280334579664224 0.065747056152613323
decision_type=2 2 2 2 2 2 2 2 2 2 2 2 2 2 2 2 2 2 2 2 2 2 2 2 2 2 2 2 2 2 2 2 2 2 2 2 2 2 2 2 2 2 2 2 2 2 2 2 2 2 2 2 2 2 2 2 2 2 2 2 2 2 2
left_child=3 2 58 15 10 7 34 9 30 19 25 33 13 14 49 -1 -5 21 -9 20 -6 -14 -15 -24 -16 26 27 37 41 -22 31 -8 -32 -12 55 53 46 -4 39 -28 51 -7 -43 -41 -11 -26 -27 -48 -44 54 -21 -40 -17 -29 -13 -3 57 -33 59 -2 -61 -45 -63
right_child=1 6 4 16 5 28 8 18 -10 44 11 12 17 22 24 52 -18 -19 -20 50 29 -23 23 -25 45 36 38 35 -30 -31 32 56 -34 -35 -36 -37 -38 -39 40 43 -42 42 48 61 -46 -47 47 -49 -50 -51 -52 -53 -54 -55 -56 -57 -58 -59 -60 60 -62 62 -64
leaf_value=-0.070904657473858448 -0.063322119583844635 -0.043716499251500444 -0.075048031855627501 -0.064936441296647385 -0.08635273665711285 -0.0029419460064246117 -0.019147144035810859 -0.035840766018860395 -0.070920728331079791 0.12348876640348326 -0.002671068236353125 -0.14135215767240603 0.0166709057174276 0.10451075159263019 0.030357885751322922 -0.16059601078736677 -0.069316612256025409 -0.10754713897391031 0.019332984168309864 -0.084249908146898506 -0.068126452567605036 -0.13699588700650292 0.13475691211588536 -0.15304473785067585 -0.037918588890826138 -0.0034517315538385774 0.0002866846245050514 -0.10462105921067506 -0.13528756062282041 -0.099408908399248153 -0.036301440199440059 0.12279027488120696 -0.087050170075932409 0.033199558018843243 -0.073185372362234144 0.0076361072435402466 0.038839713637368246 -0.0017226934524619431 0.00032529389236573007 -0.0061972851761473271 -0.047795529116428065 0.086976431209826899 -0.076590258238138767 0.035782348415875645 -0.070130020248777833 0.10574907014881432 -0.072939684518905021 0.094145043146578594 0.020246121000890585 -0.10823130407987942 -0.041410415273782225 0.19095810395575641 -0.018548415086285998 -0.0056117299246774451 0.034446544376205333 -0.089118409311195593 -0.017736519553629693 -0.018300057956444737 0.088103002876180669 -0.056796238987099429 0.023882537915885439 0.013687527135332545 0.019054069208228608
leaf_weight=157 1716 760 2933 582 372 42193 1437 2931 1565 212 14836 62 1029 776 1091 27 171 147 1663 257 108 119 96 58 137 29635 44307 397 116 461 817 415 92 12357 468 11625 4255 1615 129919 4506 2296 336 1647 6229 123 1126 2028 192 295 442 1812 118 396 12272 673 404 141 159 123 675 509 39118 13765
leaf_count=157 1716 760 2933 582 372 42193 1437 2931 1565 212 14836 62 1029 776 1091 27 171 147 1663 257 108 119 96 58 137 29635 44307 397 116 461 817 415 92 12357 468 11625 4255 1615 129919 4506 2296 336 1647 6229 123 1126 2028 192 295 442 1812 118 396 12272 673 404 141 159 123 675 509 39118 13765
internal_value=-0.000252791 -0.000166252 -3.91026e-05 -0.0262133 2.51993e-05 -0.00171524 -0.00816462 -0.00641697 -0.00505718 -0.0116424 0.000295556 0.00200142 0.00670506 0.00987313 0.00573334 -0.0120583 -0.0371066 -0.00420431 -0.00261096 -0.0135859 -0.0218308 -0.00112795 0.0255833 0.00386113 0.0101504 0.000111382 0.000303586 -0.00141096 -0.000877945 -0.0299508 -0.000929404 0.00232099 -0.00862941 0.00100559 -0.0169689 -0.000633693 -0.00132082 -0.00556166 0.000509431 0.00109933 2.82998e-05 -0.000808278 -0.00609938 0.00184688 0.00580424 0.0157905 -0.0018253 -0.00702446 -0.00921425 -0.00309659 -0.00983278 0.000123388 -0.00388797 -0.00231627 0.00250986 -0.0126235 0.0119494 0.0163647 -0.0083507 -0.00923934 -0.00362723 0.00212808 0.00179538
internal_weight=401299 399966 393708 1333 390685 52526 6258 7939 4626 3345 338159 32949 5756 4461 3531 580 753 1295 4594 3010 941 1148 930 154 2354 305210 269100 28842 44587 569 3061 2152 909 27193 1632 24294 36110 4548 240258 107925 132333 44471 2278 63618 335 1263 31855 2220 1942 1177 2069 130037 423 12669 735 1164 715 574 3023 2900 1184 59112 52883
internal_count=401299 399966 393708 1333 390685 52526 6258 7939 4626 3345 338159 32949 5756 4461 3531 580 753 1295 4594 3010 941 1148 930 154 2354 305210 269100 28842 44587 569 3061 2152 909 27193 1632 24294 36110 4548 240258 107925 132333 44471 2278 63618 335 1263 31855 2220 1942 1177 2069 130037 423 12669 735 1164 715 574 3023 2900 1184 59112 52883
is_linear=0
shrinkage=0.05


Tree=31
num_leaves=64
num_cat=0
split_feature=4 3 5 17 8 1 26 5 8 11 1 3 5 21 25 10 13 2 8 8 37 33 20 28 33 17 3 27 3 8 25 20 28 20 5 46 1 17 2 4 17 29 4 20 0 17 21 42 33 46 37 30 15 10 21 49 28 3 24 13 3 10 8
split_gain=129.996 116.545 97.6035 86.0944 132.256 89.1724 69.9576 65.6118 67.7149 64.845 74.0413 63.4175 52.2611 43.5293 41.1833 37.6802 57.0321 52.2819 49.6032 36.4643 49.2122 36.6361 36.4851 43.3604 35.2105 35.0749 33.834 33.744 34.3442 34.844 33.1383 33.0811 32.5941 32.5061 31.5969 46.0845 31.0648 30.7624 30.7149 30.7109 30.2842 28.9987 28.987 28.3661 31.3277 46.4108 36.9 28.47 28.0716 27.9358 27.6324 29.7523 27.1321 27.0074 26.456 26.1134 25.8247 25.7462 25.5809 26.045 25.5648 49.9725 25.1892
threshold=-136.26785714285708 -0.84238459031585455 14.824175824175809 1.3701566210955571 0.9707804054486886 1.0000000180025095e-35 -0.33333338278387897 -13.124175824175916 0.34658845327805032 0.035398209472159707 1.4507855915496055 0.10145767826294746 -0.22637362637362671 -0.046543150969673992 108.50000000000001 53.642857142857146 0.32505728089041463 0.0043176701629592008 0.54545450826446573 0.88259109107555578 23.333331768518104 0.030170473324954754 0.61832484711808056 0.28571321428664304 0.18170512963888663 327.53073915306652 -0.12442866972724403 -0.12121217558156973 0.074532549506219209 0.97826085361531234 908977.71428571444 0.62745095024990571 -0.21186446911806325 0.025835074769271705 1.1296703296703134 16.568037980719371 -0.16641752108731614 1.5648672505991057 1.3735064906556571 85.910714285714292 17.950612509682774 0.065815771363503126 3.7857142857142856 0.17062220560199143 555.07142857142867 161.4330591238087 -0.19266229293814213 21.739143119102064 0.028985506584751051 10.204014306255916 48.888896995064179 5.1705587994714239 -0.52527472527472507 122.50000000000001 -0.15235229918205392 1.0457067414307677 -0.80000041999901994 -0.44025583182915229 1.8333333333333337 3.0683276775223005 1.9015236560719784 276.21428571428578 0.72151898049190855
decision_type=2 2 2 2 2 2 2 2 2 2 2 2 2 2 2 2 2 2 2 2 2 2 2 2 2 2 2 2 2 2 2 2 2 2 2 2 2 2 2 2 2 2 2 2 2 2 2 2 2 2 2 2 2 2 2 2 2 2 2 2 2 2 2
left_child=6 12 3 4 -3 -6 54 8 14 11 19 -4 52 30 24 16 27 -18 -19 58 22 -22 23 -21 36 -8 33 42 29 32 41 -30 40 -15 -20 38 49 -14 -36 -12 -29 -10 57 50 45 46 -45 -46 -25 -5 51 -17 -2 -47 -1 -28 -54 -9 59 -11 -13 -62 -53
right_child=1 2 9 7 5 -7 25 15 13 10 39 60 37 26 -16 43 17 18 34 20 21 -23 -24 48 -26 -27 55 28 31 -31 -32 -33 -34 -35 35 -37 -38 -39 -40 -41 -42 -43 -44 44 47 53 -48 -49 -50 -51 -52 62 56 -55 -56 -57 -58 -59 -60 -61 61 -63 -64
leaf_value=-0.074741529081163494 -0.080527438655290495 -0.020484196287414071 -0.0012204430282395597 -0.075588658207618425 -0.060638674462480481 -0.043028899866307625 -0.018049989971308047 -0.039294291150187899 0.04185861075208628 -0.041349515776212445 -0.0091998075503928241 -0.057235889376931783 -0.065959482591461893 0.074309212443058034 0.045335298200170016 -0.005331285329181013 0.0043859341169936172 -0.004708250317635887 0.024466863524908788 0.02008828270472467 -0.077374352314949935 0.0022737234082068625 -0.013561863349820569 0.048452027729510051 -0.10243986417942297 -0.070948004052342098 0.070276773613042479 -0.0046748434488713244 0.015187094656255297 -0.0099426264068649406 -0.16344078774345649 0.077070458792569962 0.018078362227924274 -0.059059048352358201 0.10615281777380342 0.03709882298535943 -0.01777527682687844 -0.064705009118115567 -0.046846771185849789 -0.09653478271360591 -0.10290998228708853 -0.031948472304835884 -0.014289376344883387 -0.021220412617195362 -0.031327283132548005 -0.082143043027768939 0.00015737492228569129 0.0073760849321625084 0.12492311069237322 -0.033525486735594349 -0.052604222095750511 -0.0097894722814233504 -0.05167993664516031 0.066994650212956683 -0.058986214034880573 -0.006333865821034435 0.0881130821796446 0.0038015574996969727 -0.0098258022541893655 -0.094491842937124704 -0.031629400094825934 -0.080037412739553573 0.042245911071085419
leaf_weight=407 688 6768 2186 1555 579 643 1800 3572 3747 643 429 4063 187 203 561 3061 7827 2732 3965 1785 724 1856 826 761 424 560 445 11202 12920 5533 114 1713 42456 3484 2773 2504 2296 173 154 825 405 1346 6855 12241 15491 136 153496 3120 605 1606 911 1853 306 2203 440 5480 200 42859 3588 180 449 637 7748
leaf_count=407 688 6768 2186 1555 579 643 1800 3572 3747 643 429 4063 187 203 561 3061 7827 2732 3965 1785 724 1856 826 761 424 560 445 11202 12920 5533 114 1713 42456 3484 2773 2504 2296 173 154 825 405 1346 6855 12241 15491 136 153496 3120 605 1606 911 1853 306 2203 440 5480 200 42859 3588 180 449 637 7748
internal_value=-0.000246313 -0.000165527 -0.000111956 6.6701e-05 -0.00506815 -0.020207 -0.0102725 0.000177904 -0.00251845 -0.003556 -0.00132506 -0.00727257 -0.0138312 -0.000657597 -0.00679825 0.00034278 0.000949311 0.00343496 0.00549097 -8.66148e-06 0.00235546 -0.0030212 0.00584471 0.0082971 -0.00803336 -0.00584509 -0.00265239 0.000560287 0.00124944 0.000716406 0.00302376 0.00341999 0.00110325 -0.0064129 0.00721523 0.00969325 -0.00695333 -0.0305332 0.0139541 -0.0128339 -0.0012445 0.00362157 -0.000399635 -0.00010384 -0.000264319 -4.87577e-05 -0.000147493 -0.00221078 0.0150026 -0.0101689 0.00210306 0.00270848 -0.00878905 0.00694498 -0.0226006 -0.000311387 0 4.83512e-05 -0.00352406 -0.0114749 -0.0103018 -0.0171209 0.00407714
internal_weight=401299 398092 396538 376981 7990 1222 3207 368991 21261 19557 12222 7335 1554 14819 6442 347730 147470 19955 12128 10968 6557 2580 3977 3151 5881 2360 9612 127515 74229 59596 5207 14633 54063 3687 9396 5431 5457 360 2927 1254 11607 5093 53286 200260 186687 168076 165737 18611 1366 3161 13573 12662 1194 2339 847 5925 506 46431 4411 823 5149 1086 9601
internal_count=401299 398092 396538 376981 7990 1222 3207 368991 21261 19557 12222 7335 1554 14819 6442 347730 147470 19955 12128 10968 6557 2580 3977 3151 5881 2360 9612 127515 74229 59596 5207 14633 54063 3687 9396 5431 5457 360 2927 1254 11607 5093 53286 200260 186687 168076 165737 18611 1366 3161 13573 12662 1194 2339 847 5925 506 46431 4411 823 5149 1086 9601
is_linear=0
shrinkage=0.05


Tree=32
num_leaves=64
num_cat=0
split_feature=7 7 8 7 16 1 5 31 6 2 24 1 10 23 10 10 2 5 4 2 30 3 3 25 6 7 3 17 3 1 25 29 7 9 27 3 42 3 45 10 37 25 24 45 36 6 35 12 45 1 8 11 42 10 8 12 25 11 7 4 5 29 2
split_gain=357.5 148.965 82.368 73.8361 82.1145 61.2622 58.7531 57.1584 52.1306 71.3928 57.6586 49.8883 51.8151 48.9852 48.4595 44.9418 52.0467 45.2606 44.5362 43.0024 41.4229 39.8216 35.478 35.1197 38.0285 34.9761 33.5772 33.5649 36.9315 33.126 32.3754 31.5618 38.9969 32.8694 30.9913 28.9505 27.9611 48.6445 32.4084 27.9525 27.8548 27.7269 27.4577 26.4061 29.6736 51.5204 44.4827 26.4007 26.2166 35.836 28.141 30.4718 25.6145 25.4713 25.3177 25.2397 25.2329 24.892 24.7978 24.372 24.2311 23.9241 23.8374
threshold=1.0000000180025095e-35 451.77190212548265 0.85507246164371242 81.749118445298819 -0.68319770558007953 -0.26339430134433611 -13.124175824175916 0.49999981250007813 -0.03961802882018859 0.59667892254346333 3.5000000000000004 1.4507855915496055 1106.8571428571429 -0.17741894778065662 104.78571428571431 61.071428571428577 0.20166992649981608 9.0978021978021868 0.28571428571428659 0.017708352050428356 0.85681184984387715 -0.68118604763108359 -0.0053768964629730487 718.357142857143 -1.2212473088411244 0.98974331861078702 -0.49704550344907039 129.66817930305777 0.78663869651414353 2.3662751994236051 421.92857142857144 -0.026163230722138997 1942.5986536628823 6.5000000000000009 1.4999983958343717 0.086075590342105421 53.846189615423036 2.3276379646475931 47.727270279786033 2562.5714285714289 43.264528371752384 2.6428571428571437 7.8333333333333348 14.285711818180966 -0.19997036247783531 -1.4360024298316889 -7.6938775510204129 0.48135233684294881 46.428606894278595 0.85844675219000999 0.90246883663256061 0.058823389273377005 40.000033423417023 6.2142857142857153 0.34658845327805032 1.2499993906251661 5.5000000000000009 0.59643832868132995 44.032919030248685 5.1428571428571566 -1.1846153846153897 0.15145695600594103 -0.33904692972102679
decision_type=2 2 2 2 2 2 2 2 2 2 2 2 2 2 2 2 2 2 2 2 2 2 2 2 2 2 2 2 2 2 2 2 2 2 2 2 2 2 2 2 2 2 2 2 2 2 2 2 2 2 2 2 2 2 2 2 2 2 2 2 2 2 2
left_child=2 3 21 6 7 52 26 43 9 15 36 12 31 27 42 16 20 22 -18 -4 53 -1 41 24 34 -10 40 -9 -29 -27 -26 -7 -33 -34 -14 62 37 38 58 -28 -2 -17 -12 -5 45 57 -46 -20 49 50 -37 -52 -3 55 -51 -8 -43 -45 -11 -38 -23 -35 -6
right_child=1 5 19 4 35 11 8 13 25 10 14 -13 23 -15 -16 17 18 -19 47 -21 -22 60 -24 -25 30 29 39 28 -30 -31 -32 32 33 61 -36 48 59 -39 -40 -41 -42 56 -44 44 46 -47 -48 -49 -50 54 51 -53 -54 -55 -56 -57 -58 -59 -60 -61 -62 -63 -64
leaf_value=-0.064896595205199928 -0.069009806105809174 -0.062864961305959685 -0.058391645102241929 -0.038295773846995854 -0.045466183095388468 0.027693878370142977 -0.019908233260989672 -0.030904150955200785 -0.071219581827725961 0.053304118016750036 0.082445490906424904 -0.086054041430681794 -0.079904437087726793 0.0090950717307252023 0.040179761846275433 -0.0067191197408893238 0.0034169991082549701 -0.0535372379059951 0.076154684142689846 -0.062818847920100104 0.012985332696750042 -0.15154200043362773 -0.0012802436442021393 -0.092582375770112524 -0.02428396427481876 -8.7523564847558086e-05 -0.016943103127026272 -0.062035040736253058 -0.084670281604369957 -0.11885681810312393 0.090903871986714624 -0.050921857208074031 0.072627912678732517 -0.11460491136210466 0.018194848073741967 -0.033504083191466319 -0.036764580394488398 -0.084172203914379351 0.12339133520247095 0.18284561577480529 0.02724508966358943 0.091314876386798638 0.099535078012827238 -0.096561119830824549 -0.057657623469083631 -0.053315294897423204 0.066011767356366144 0.10363333036730223 0.020548628584571939 0.036122789901954257 -0.063078484864498116 0.019566475975501763 -0.077907698685268131 0.010486103653786882 -0.10770763352305344 -0.1728795050924197 0.029124433037781207 -0.022153783987973498 -0.096285644257077849 0.1426383440796089 -0.016596784517601004 0.14882059794381344 0.00094614614210022376
leaf_weight=157 1342 1520 582 1335 884 1570 4621 897 1124 616 219 597 145 2424 422 2734 1227 1992 1366 171 34550 27 45759 279 315 207097 9292 270 198 288 123 1187 248 76 49 9643 48 433 186 33 239 1057 324 376 697 680 216 660 1692 190 951 2320 112 18545 1045 58 6123 85 211 111 396 37 29128
leaf_count=157 1342 1520 582 1335 884 1570 4621 897 1124 616 219 597 145 2424 422 2734 1227 1992 1366 171 34550 27 45759 279 315 207097 9292 270 198 288 123 1187 248 76 49 9643 48 433 186 33 239 1057 324 376 697 680 216 660 1692 190 951 2320 112 18545 1045 58 6123 85 211 111 396 37 29128
internal_value=-0.000213669 -0.000127498 -0.0260633 -5.82919e-06 -0.00174134 -0.00778112 0.000264312 -0.00671417 0.000383736 0.00120809 0.00945294 -0.00484101 -0.00284058 -0.00249268 0.019112 0.00102951 0.00197527 2.85268e-05 0.00812917 -0.0369738 0.00162867 -0.0118859 0.000293589 -0.01333 -0.00679481 -9.56553e-05 -0.00334629 -0.0100689 -0.020925 -4.79543e-05 0.00135814 0.000222892 -0.00484142 0.00954029 -0.025219 -0.000962748 0.00364152 0.00144872 0.00744744 -0.00220319 -0.0100848 0.00300532 0.028991 -0.0114322 -0.014992 -0.0203707 -0.00826306 0.012682 -0.00269205 -0.00339562 -0.00261691 0.00138944 -0.0161111 -4.09058e-06 -0.0115335 -0.00330085 0.00463712 -0.0332791 0.00319792 0.0235387 -0.00388797 -0.0127763 -4.98132e-05
internal_weight=401299 399966 1333 393708 53031 6258 340677 7178 329771 121262 2570 4626 4029 3789 965 118692 61027 57665 3253 753 57774 580 55673 911 632 208509 10906 1365 468 207385 438 3118 1548 361 194 45853 1605 1446 1013 9325 1581 9914 543 3389 2054 1141 913 2026 15841 14149 12914 3271 1632 23224 1235 4679 7180 461 827 159 423 113 30012
internal_count=401299 399966 1333 393708 53031 6258 340677 7178 329771 121262 2570 4626 4029 3789 965 118692 61027 57665 3253 753 57774 580 55673 911 632 208509 10906 1365 468 207385 438 3118 1548 361 194 45853 1605 1446 1013 9325 1581 9914 543 3389 2054 1141 913 2026 15841 14149 12914 3271 1632 23224 1235 4679 7180 461 827 159 423 113 30012
is_linear=0
shrinkage=0.05


Tree=33
num_leaves=64
num_cat=0
split_feature=7 7 2 7 3 21 9 13 2 26 10 6 11 22 14 29 34 5 2 2 0 2 39 0 4 45 25 25 6 31 28 7 25 36 26 6 1 13 30 28 47 2 46 10 29 48 4 0 28 0 32 30 13 7 6 2 42 24 46 10 31 29 14
split_gain=355.951 138.083 70.9681 63.3224 67.8297 79.7443 62.0143 58.2481 69.3503 57.1134 47.4804 54.1125 41.5111 41.1012 40.0872 46.8256 37.7586 37.5309 34.0198 33.5431 32.9241 35.8718 31.6884 31.0764 34.9912 30.6894 29.8381 36.2183 29.8217 33.0138 33.0051 29.443 29.0173 28.3366 27.392 34.1335 26.8428 26.5276 25.8982 29.5904 25.4857 30.1092 25.3824 25.1735 25.1508 25.0397 24.8437 24.4742 24.1122 32.8495 32.0855 23.8625 30.56 24.5502 25.7707 23.4268 23.1149 22.8965 22.7019 22.3983 22.3548 22.2958 22.2815
threshold=1.0000000180025095e-35 451.77190212548265 -0.64269335633230085 39.550794000321737 0.086075590342105421 -0.069585190191096893 12.500000000000002 0.42602220490471715 0.27999998065454584 -0.30000015749996051 1106.8571428571429 0.33495235426230002 -0.040000086399991391 6.428571428571435 -11.428571428571422 -1.3498211945769267 -0.065611170400748944 -0.030769230769231149 -0.39307621340157578 -0.23333338103703383 493.50000000000006 0.2905833804825147 19.540239730482416 960.00000000000011 -13.071428571428562 50.632912889761407 718.357142857143 277.07142857142861 -0.058078922236827445 0.63973431372311629 -0.80000041999901994 200.19566945322799 66.642857142857153 0.04014666371835466 0.090908867768645665 -0.29598922178003739 -0.22606383194849181 -0.13636364746537047 0.9035079029052514 -0.35294157612429305 83.783833082623872 0.043605257733121558 32.631576114126567 52.500000000000007 0.12549845996707193 35.593228023559725 72.803571428571331 4022.1428571428578 -0.99606299255998498 960.00000000000011 4.5000000000000009 4.8634408418714239 6.3341292195929233 20.934786979686908 0.16590371273971014 -0.13217945242979898 3.1249968749989057 126.16666666666667 36.956533156904293 73.928571428571445 0.99999999298236986 -0.0093505432695350985 -8.1071428571428452
decision_type=2 2 2 2 2 2 2 2 2 2 2 2 2 2 2 2 2 2 2 2 2 2 2 2 2 2 2 2 2 2 2 2 2 2 2 2 2 2 2 2 2 2 2 2 2 2 2 2 2 2 2 2 2 2 2 2 2 2 2 2 2 2 2
left_child=6 2 37 7 18 14 44 16 51 33 11 42 20 -10 15 -6 19 -8 -5 -4 31 -22 23 24 55 34 27 45 29 30 -16 -7 59 -3 -15 -36 38 -2 -18 43 47 -42 60 -40 -1 -12 -30 -24 49 58 -50 53 -53 -9 -55 62 -37 -43 -14 -25 -11 -31 -20
right_child=1 9 3 4 5 12 17 8 13 10 26 -13 48 25 28 -17 36 -19 22 -21 21 -23 40 32 -26 -27 -28 -29 46 61 -32 -33 -34 -35 35 56 -38 -39 39 -41 41 57 -44 -45 -46 -47 -48 -49 50 -51 -52 52 -54 54 -56 -57 -58 -59 -60 -61 -62 -63 -64
leaf_value=-0.031797757954800401 -0.054245048458851121 -0.055810404278603266 -0.027964961636706965 -0.046430178390650334 -0.083400786856533321 -0.013928461893009248 -0.07244555156486486 0.013579191571025363 0.010448202512601236 0.0009859517265007002 -0.076991231817282874 -0.073171907258316557 0.063702423450237897 0.038670132957495863 0.061812519320115916 -0.060625846229333806 9.1570533769969053e-05 -0.054687158484244359 0.10954077596938967 -0.00059469176594593174 -0.043484094018070518 -0.06736869349090284 0.0027370846919387848 0.049620540310490235 -0.022805299138683524 0.12244407892186482 -0.088611896747112964 0.035630213954231271 -0.042822394236191323 0.030030441845127466 -0.046052228951569532 0.13834630884283144 -0.043438299598338365 -0.067931097139156682 0.080865549931278036 0.14118212313735901 0.0066810943772321885 -0.0091250150907357108 -0.081507144371887441 0.040455366307492115 -0.0013310779957931285 -0.040943486220821251 -0.060079383665765165 0.078892675148672764 -0.061178348672958932 -0.05558129898260962 -0.096495713158161925 -0.10942437070731624 0.018330962569929589 -0.12006199077502125 -0.010636357556686772 0.042631560808405494 -0.15702048430539547 -0.015446098064223347 -0.13247585008923379 0.0049108406073865131 0.023627243941075161 -0.096426149537837527 0.18069100330759344 -0.1774888419508272 0.084715336101292851 -0.025454012287945749 0.019684261098297663
leaf_weight=281 1730 589 7948 1290 420 5995 322 9325 1923 2448 113 891 464 2104 419 3208 4086 572 290 97046 3743 888 61941 60 8060 451 302 223 5404 2358 3545 239 1370 467 671 182 128941 1293 592 6147 2601 742 508 214 158 404 495 160 6382 46 8330 3202 71 3265 124 2642 656 468 139 178 313 1544 316
leaf_count=281 1730 589 7948 1290 420 5995 322 9325 1923 2448 113 891 464 2104 419 3208 4086 572 290 97046 3743 888 61941 60 8060 451 302 223 5404 2358 3545 239 1370 467 671 182 128941 1293 592 6147 2601 742 508 214 158 404 495 160 6382 46 8330 3202 71 3265 124 2642 656 468 139 178 313 1544 316
internal_value=-0.00019473 -0.000108747 8.36914e-06 6.74328e-05 -0.000867525 -0.00245409 -0.0259883 0.000500828 0.0029669 -0.00747751 -0.00532381 -0.00293142 -0.000712839 0.00755708 -0.00507931 -0.0097558 0.000279601 -0.0335477 -3.68206e-06 -0.00043712 -0.0030782 -0.00627173 0.000128063 -0.00213648 -0.00121108 0.010407 -0.014869 -0.00945143 -0.00384632 -0.00183 -0.00504402 -0.000704994 -0.00864063 -0.0180807 0.00886912 0.0140117 0.000817223 -0.00762297 0.00318368 0.0050402 0.000571898 -0.00339666 4.43547e-05 -0.00396353 -0.0105785 -0.0167182 -0.00653405 0.000815525 0.000959892 0.0103913 0.00054343 0.00124757 0.00505484 0.000267026 -0.003377 0.00316955 0.0072724 -0.0099124 0.0135052 -0.0247585 0.00193582 0.00143384 0.012036
internal_weight=401299 399966 393708 390685 123737 43619 1333 266948 21974 6258 5202 4160 26226 5987 17393 3628 244974 894 80118 104994 10865 4631 78828 12916 11308 4064 1042 740 13765 7866 3964 6234 1608 1056 3613 1509 139980 3023 11039 6953 65912 3811 3269 806 439 517 5899 62101 15361 649 14712 15987 3273 12714 3389 3248 838 1210 603 238 2761 3902 606
internal_count=401299 399966 393708 390685 123737 43619 1333 266948 21974 6258 5202 4160 26226 5987 17393 3628 244974 894 80118 104994 10865 4631 78828 12916 11308 4064 1042 740 13765 7866 3964 6234 1608 1056 3613 1509 139980 3023 11039 6953 65912 3811 3269 806 439 517 5899 62101 15361 649 14712 15987 3273 12714 3389 3248 838 1210 603 238 2761 3902 606
is_linear=0
shrinkage=0.05


Tree=34
num_leaves=64
num_cat=0
split_feature=7 7 18 9 7 29 13 1 1 1 33 41 6 0 28 2 6 7 28 45 13 20 0 38 1 2 6 18 2 49 28 13 43 29 18 2 33 27 38 6 2 41 28 13 33 2 2 16 29 20 4 20 35 0 0 6 28 0 4 46 30 31 1
split_gain=356.164 130.108 66.3452 62.0143 57.3313 74.0181 57.5677 56.498 49.2137 42.6139 38.9757 95.2851 79.8833 49.4221 46.3728 43.0588 40.931 45.4608 46.4452 39.7927 38.2796 37.4709 36.6616 40.2811 36.2601 34.9036 47.3113 38.806 33.7014 33.1641 33.0385 32.2212 31.1992 30.2929 29.8985 28.9496 34.1186 27.5443 27.0724 26.85 28.4828 27.3127 26.6405 26.5741 26.1851 25.8195 25.5407 25.294 25.1508 25.1004 24.9615 24.4206 24.4065 23.9615 26.261 45.4271 39.306 24.5064 23.9279 23.9149 24.2612 24.5387 23.5877
threshold=1.0000000180025095e-35 451.77190212548265 0.023204753009091455 12.500000000000002 48.151758385462884 -1.3498211945769267 1.1070614279103719 -0.26339430134433611 1.4507855915496055 0.32856494543034304 0.055944053890165803 0.98037832658058544 -0.93202951507340004 130.21428571428575 -0.25000109374834106 -0.33904692972102679 0.23277849267940168 179.78467654028196 -0.80000041999901994 39.999956788793924 -0.61814639296444762 0.67504724529697657 445.07142857142867 91.489368818471078 0.24317081583267694 -0.10852345266573508 0.022601346629550104 0.90909089933425191 -0.014295929039563149 1.5051968492562116 0.91797129703180647 -0.10146654496650169 16.101690419058382 0.74999828480451358 0.14372641039311859 -0.4453181447307718 0.35347872975859079 0.15455974403558559 64.516124963578633 -0.03961802882018859 0.59667892254346333 13.39285049505501 0.533332260000835 1.330319460438637 0.054777432406060554 0.023130455684274253 0.43820223635062922 -2.2858326027701743 0.12549845996707193 0.58333333182101754 28.714285714285719 0.53684207559556973 27.40051020408178 16.357142857142858 65.357142857142875 -0.40921583704897085 0.020547871809913753 117.07142857142858 150.0178571428572 24.822685057585698 13.689710103201962 0.57138149681068084 -0.20347107912047208
decision_type=2 2 2 2 2 2 2 2 2 2 2 2 2 2 2 2 2 2 2 2 2 2 2 2 2 2 2 2 2 2 2 2 2 2 2 2 2 2 2 2 2 2 2 2 2 2 2 2 2 2 2 2 2 2 2 2 2 2 2 2 2 2 2
left_child=3 2 -2 48 6 22 20 30 21 37 11 12 13 -7 33 -14 17 18 -13 46 32 29 59 43 34 26 35 31 -5 -9 44 -27 -4 -12 -15 36 -16 -8 50 40 41 53 -21 -24 51 -30 -17 -19 -1 -48 -29 -3 -26 -22 -55 56 57 -56 -10 60 61 -6 -37
right_child=1 7 4 28 5 10 9 8 58 -11 14 16 15 24 25 19 -18 47 -20 42 39 -23 23 -25 52 27 -28 38 45 -31 -32 -33 -34 -35 -36 62 -38 -39 -40 -41 -42 -43 -44 -45 -46 -47 49 -49 -50 -51 -52 -53 -54 54 55 -57 -58 -59 -60 -61 -62 -63 -64
leaf_value=-0.030207870057060382 -0.05959792393379211 -0.015970796460074654 -0.056137477501977499 -0.068823273986621622 -0.047308750868499422 0.098092133346971047 0.0030358225214939696 -0.0012153431073662403 0.065582065733931175 0.079240556682947633 -0.073885976585816707 0.084976349064635651 -0.051709644640402563 -0.0020795373470198887 -0.078102362334747419 0.0029720707897307633 -0.064264055421079963 0.040453886536045147 -0.032852657329964653 0.030797000594928983 -0.0076123581635296755 -0.074280963411693615 -0.064852586208165544 0.016413402825334801 -0.069766774745770449 0.0087249888514543631 -0.044234782637478688 0.0023006135410642337 -0.051952800560032146 -0.090950844989546073 -0.059551414413357033 -0.011105694983047877 -0.0048763614942884288 0.12727455643916974 -0.083022491613695515 0.075966744273293196 0.08324421033184129 0.040549544445431622 0.021699393601606266 2.2727747068662654e-05 0.088113894722809338 0.031931527996897982 0.10132129216667529 -0.079416206124161531 -0.075194538767160382 0.070971834680891674 -0.052820595810797545 -0.069626772968627446 -0.058119431239310987 0.016011626561944881 -0.060074215029530212 -0.068967477072978428 0.044580030405794759 0.01269442082433412 -0.095735746310592437 0.009491764249938495 -0.0020480896985455967 -0.024941097289740144 -0.082722303472795689 0.062603062447021032 -0.097253067868725437 0.04642512456083301 0.032817126352853963
leaf_weight=281 1256 659 2624 334 1350 136 3301 3597 55 1243 1020 798 992 242 268 14613 3645 152 11841 5015 7459 211 643 258 200 10011 946 1751 537 221 468 25788 4015 50 1007 1429 135 1915 5724 175533 455 7136 724 645 404 23 1798 1841 158 660 516 101 246 18164 1127 64568 3918 1539 542 451 79 347 4134
leaf_count=281 1256 659 2624 334 1350 136 3301 3597 55 1243 1020 798 992 242 268 14613 3645 152 11841 5015 7459 211 643 258 200 10011 946 1751 537 221 468 25788 4015 50 1007 1429 135 1915 5724 175533 455 7136 724 645 404 23 1798 1841 158 660 516 101 246 18164 1127 64568 3918 1539 542 451 79 347 4134
internal_value=-0.000187005 -0.000100996 1.26871e-05 -0.0259883 4.942e-05 -0.000987833 0.000401523 -0.0072538 -0.0044303 0.00506959 -0.000716905 -0.00181268 0.000153903 -0.00990934 0.000212373 0.000928279 -0.00457102 -0.00338947 -0.0022822 0.00137198 0.000296278 -0.00244347 -0.00785693 -0.0137734 -0.0122382 0.000429864 0.00373186 -9.12307e-05 -0.0335477 -0.00130824 -0.0152534 -0.000794573 -0.00345604 -0.0100878 -0.016608 0.00537956 -0.00755396 0.00308564 0.00305903 0.0003853 0.0010204 0.000965681 0.00497378 -0.0173861 -0.0107336 -0.0410552 0.000160798 -0.0104084 -0.0105785 -0.00455433 -0.00156367 -0.00525589 0 0.000745491 0.000972893 0.000539619 -0.00341656 -0.00809985 -0.0178278 -0.00374703 -0.00635944 -0.00509398 0.00631752
internal_weight=401299 399966 393708 1333 392452 99455 292997 6258 4626 6459 95682 43910 25633 1831 51772 23802 18277 14632 12639 22810 286538 4029 3773 1546 1695 50702 6912 43790 894 3818 1632 35799 6639 1070 1249 5966 403 5216 7991 279899 104366 103911 5739 1288 1164 560 17071 1993 439 2458 2267 760 446 96775 89316 71152 6584 2666 597 2227 1776 1697 5563
internal_count=401299 399966 393708 1333 392452 99455 292997 6258 4626 6459 95682 43910 25633 1831 51772 23802 18277 14632 12639 22810 286538 4029 3773 1546 1695 50702 6912 43790 894 3818 1632 35799 6639 1070 1249 5966 403 5216 7991 279899 104366 103911 5739 1288 1164 560 17071 1993 439 2458 2267 760 446 96775 89316 71152 6584 2666 597 2227 1776 1697 5563
is_linear=0
shrinkage=0.05


Tree=35
num_leaves=64
num_cat=0
split_feature=7 7 8 12 10 6 45 6 2 14 1 30 26 8 2 10 6 10 27 3 3 45 18 4 21 2 8 23 3 33 33 46 3 0 35 22 13 0 5 13 35 21 46 8 4 33 27 35 37 46 37 22 30 10 41 8 33 45 5 13 45 24 24
split_gain=350.04 123.279 78.9136 61.1298 62.7355 65.5975 89.7327 64.8214 112.084 72.1643 61.5533 58.9392 54.4803 49.6984 43.2152 41.7509 47.5709 40.8859 40.4695 39.8216 38.5055 53.4668 42.5963 37.8902 52.3091 36.3261 36.6811 35.1912 34.526 37.8552 42.0373 42.9063 36.5999 33.4296 33.3819 32.2002 31.5862 31.3613 30.2108 29.164 29.1093 28.8182 28.1999 28.1931 27.9899 27.8289 36.9737 27.0869 26.5239 25.9368 25.1272 26.4085 26.1889 33.6883 34.452 25.0881 25.0665 25.0505 25.1283 25.0411 25.0219 25.0195 27.8122
threshold=1.0000000180025095e-35 451.77190212548265 0.85507246164371242 -0.48326344243810698 83.214285714285737 -1.7603246428825685 26.854486419004601 -0.041392365335391645 0.16587676965364673 -0.78571428571428215 -0.28719723676680103 3.8992332575790836 -0.30000015749996051 0.24591498683738408 0.017708352050428356 1106.8571428571429 0.33495235426230002 15.214285714285717 0.044323774673162709 -0.68118604763108359 0.083676934637205366 46.428606894278595 0.61052631096952925 3.6785714285714266 -0.49597749491168558 0.11031222550845476 0.30287087828462783 -0.27098664462718186 -0.16304357378306908 0.30348346818081307 690.8733837227129 24.822685057585698 -0.049993817773310592 715.64285714285722 -26.48469387755102 -29.632653061224367 0.022741029207816003 169.6428571428572 -14.017582417582437 -0.49394943888860482 54.250000000000092 -0.036873630958520594 32.631576114126567 0.68987341590223272 -242.28571428571476 0.1011451069297095 1.7499985963548981 -2.4999999999999978 23.333331768518104 21.64178908331424 20.967614033188859 2938.3801020408114 8.9909250584024267 1520.7857142857144 10.869476879898267 0.2105263154245833 0.084305268865573421 46.428606894278595 -3.386813186813205 -0.26374611402737541 33.333332522045779 761.83333333333337 292.16666666666669
decision_type=2 2 2 2 2 2 2 2 2 2 2 2 2 2 2 2 2 2 2 2 2 2 2 2 2 2 2 2 2 2 2 2 2 2 2 2 2 2 2 2 2 2 2 2 2 2 2 2 2 2 2 2 2 2 2 2 2 2 2 2 2 2 2
left_child=2 3 19 10 7 6 27 8 34 -10 38 43 44 -8 -4 16 45 -13 -19 -1 28 22 25 39 -25 -22 -27 -6 33 -30 31 32 37 49 -5 -23 -24 -31 -2 57 -15 -35 -43 -11 -3 46 -14 -29 -37 -7 52 -52 -38 54 -54 -18 -49 -9 -59 -39 -45 62 -17
right_child=1 12 14 4 5 20 13 23 9 11 -12 17 15 40 -16 61 55 18 -20 -21 21 35 36 24 -26 26 -28 47 29 30 -32 -33 -34 41 -36 48 50 59 -40 -41 -42 42 -44 60 -46 -47 -48 56 -50 -51 51 -53 53 -55 -56 -57 -58 58 -60 -61 -62 -63 -64
leaf_value=-0.05568687644932644 -0.054898059384463752 -0.061575270398005304 -0.050537781747451098 0.01539849869517076 -0.077726351188216511 0.00072240425164511464 0.0081427695064549398 -0.0055027433774547333 -0.011768311888121686 0.0089882306550071785 -0.0080023800381040285 0.14589229734575646 0.022878402314698898 -0.091113939392760579 -0.05657762412350207 -0.0596758143332091 0.0063328850191121779 -0.059135389685670427 0.097244161009958766 -0.02869747655420736 -0.019208409073992318 -0.0082847331872897053 -0.039428098636500188 -0.094538751001599503 -0.0028498925160634681 0.030925625869858586 -0.062980936289386058 -0.045341209732061606 -0.00064633077110145545 -0.060084333603555945 -0.017889248841707773 0.050097521461590966 -3.4356385797806869e-05 -0.00040055264168175069 0.006691923687461499 0.09747631797197423 -0.00021038308086485102 0.10205034915595551 -0.030652556333313787 0.01205238299662912 -0.047548531768146191 -0.081137623424121633 0.026697625098754865 0.063789830454140661 -0.039127545592784786 -0.03959645432771805 -0.078672533117556454 0.068016556596382657 0.0087919859925898354 -0.042413711618732558 -0.0017648897136943289 -0.036549089985046135 0.055499302072627481 -0.10772651896418106 -0.088922964735363971 -0.07443184011578087 -0.047741359503964124 -0.11342056874250139 -0.037275908815241544 0.042731722944366959 0.1038102440919757 -0.0814603561043966 0.020253352562495386
leaf_weight=157 1714 522 582 15900 110 10796 129 5993 1785 1193 10569 285 2158 507 171 507 183 175 616 423 9483 1444 3347 1065 33046 692 5305 426 62276 272 2363 4512 11493 965 58541 1138 8279 489 1318 104113 164 1573 241 2354 534 1012 99 624 781 4640 9675 2827 2521 126 212 708 78 397 1195 5166 795 295 240
leaf_count=157 1714 522 582 15900 110 10796 129 5993 1785 1193 10569 285 2158 507 171 507 183 175 616 423 9483 1444 3347 1065 33046 692 5305 426 62276 272 2363 4512 11493 965 58541 1138 8279 489 1318 104113 164 1573 241 2354 534 1012 99 624 781 4640 9675 2827 2521 126 212 708 78 397 1195 5166 795 295 240
internal_value=-0.000184762 -9.94959e-05 -0.0257633 1.11631e-05 0.000129029 -0.000655043 -0.00956528 0.000655278 0.00178329 0.00773903 -0.00328246 0.0106117 -0.00706205 -0.0226159 -0.0364427 -0.00495857 -0.00271508 0.02109 0.0152256 -0.0118859 -0.000534438 -0.00174329 -0.00222396 2.36268e-05 -0.00143487 -0.00431489 -0.00736106 -0.00112673 -5.67823e-06 0.000410587 0.00208458 0.0027674 0.00164149 -0.00198434 0.00120693 0.00432488 -0.00102438 0.00483289 -0.00956268 0.000469077 -0.0280808 -0.00703285 -0.0107464 0.0080134 -0.0174179 7.49442e-05 0.00316557 0.00150253 0.00856912 -0.00107508 -0.000380498 -0.00191928 0.00134628 0.005472 0.00663898 -0.0129559 0.00754166 -0.00252403 -0.00809937 0.0056312 0.0104935 -0.0139094 -0.00902824
internal_weight=401299 399966 1333 393708 380107 152654 2038 227453 81644 7203 13601 5418 6258 800 753 5202 4160 1076 791 580 150616 45830 42467 145809 34111 15480 5997 1238 104786 86571 24295 21932 17420 18215 74441 3363 26987 5927 3032 111698 671 2779 1814 4342 1056 3269 2257 1128 1919 15436 23640 12502 11138 2859 2733 891 702 7585 1592 5655 3149 1042 747
internal_count=401299 399966 1333 393708 380107 152654 2038 227453 81644 7203 13601 5418 6258 800 753 5202 4160 1076 791 580 150616 45830 42467 145809 34111 15480 5997 1238 104786 86571 24295 21932 17420 18215 74441 3363 26987 5927 3032 111698 671 2779 1814 4342 1056 3269 2257 1128 1919 15436 23640 12502 11138 2859 2733 891 702 7585 1592 5655 3149 1042 747
is_linear=0
shrinkage=0.05


Tree=36
num_leaves=64
num_cat=0
split_feature=7 7 8 7 16 26 14 3 2 20 7 33 3 7 9 3 6 2 24 14 10 3 2 20 29 5 42 33 5 20 7 29 18 21 20 28 2 4 12 46 38 35 27 8 34 45 12 9 22 20 3 14 10 2 21 1 27 41 33 2 16 10 10
split_gain=347.718 118.993 80.0277 58.1715 64.0687 54.6616 54.5603 48.7244 43.2152 41.9916 38.956 38.5519 38.5323 33.7065 41.1178 46.8983 32.9304 60.4952 50.5573 42.4487 37.9982 62.4079 32.5405 56.3177 31.5777 30.651 30.4863 30.384 29.7942 29.6875 29.9102 49.1186 51.0677 29.4426 29.4304 29.3778 28.7102 28.6389 28.5092 27.7494 27.6419 27.2765 26.927 35.2153 33.5339 34.7803 31.3875 45.505 31.4022 26.3812 25.6116 38.8746 28.2719 25.6678 24.958 24.9108 24.5787 29.9607 29.723 40.5704 24.312 24.1256 24.0265
threshold=1.0000000180025095e-35 451.77190212548265 0.85507246164371242 81.749118445298819 -0.68319770558007953 -0.30000015749996051 -7.7857142857142838 -0.53203247791027886 0.017708352050428356 0.032674047971190306 2.1092382450636 0.009456264658048651 -0.75071334250655108 1942.5986536628823 5.5000000000000009 0.043010658480761556 -0.014260133658312949 0.59667892254346333 3.5000000000000004 -1.7499999999999958 134.6428571428572 0.32868905449889457 0.59667892254346333 0.51569145007188 -1.6660668071718547 2.3010989010988454 9.3749722850780248 0.034862384985270563 -7.8527472527473172 0.67504724529697657 1942.5986536628823 -0.24270174765308442 0.38095237339380217 -0.49597749491168558 0.57142853650793879 178570.42857142861 0.64516119125911153 -242.28571428571476 0.18087316798423267 8.1967107229212122 84.905688434510864 -3.5076530612244849 -0.40000062999926495 0.63553873641490555 -1.1333331790740953 51.612904521333256 0.42203362199469702 3.5000000000000004 313.90306122448993 0.34302848677356734 -0.016853269891112996 -5.6785714285714182 57.642857142857146 -0.37317007823576648 0.22906914888069968 0.32856494543034304 0.013209497989634202 3.3707771013713121 0.048951048411902759 0.46210691389892183 -0.20995162932783637 105.78571428571431 104.78571428571431
decision_type=2 2 2 2 2 2 2 2 2 2 2 2 2 2 2 2 2 2 2 2 2 2 2 2 2 2 2 2 2 2 2 2 2 2 2 2 2 2 2 2 2 2 2 2 2 2 2 2 2 2 2 2 2 2 2 2 2 2 2 2 2 2 2
left_child=2 3 12 7 6 37 24 10 -4 13 41 38 -1 -7 15 27 17 20 40 -20 42 -22 25 -24 -5 -13 -26 -15 -12 30 31 32 -11 34 -18 -6 60 -3 -8 -34 -19 -2 43 -9 45 -45 48 61 50 -42 51 53 -52 -44 -53 -40 57 -35 -58 -60 -30 -48 -21
right_child=1 5 8 4 35 9 11 16 -10 29 28 22 -14 14 -16 -17 33 18 19 62 21 -23 23 -25 26 -27 -28 -29 36 -31 -32 -33 39 56 -36 -37 -38 -39 55 -41 49 -43 46 44 -46 -47 47 -49 -50 -51 52 54 -54 -55 -56 -57 58 -59 59 -61 -62 -63 -64
leaf_value=-0.051712924605016412 0.12137679363976557 -0.058496506878105037 -0.048010892660078547 -0.066297393482678976 -0.0047315453979130508 -0.021480604026900885 0.0087959979380292652 -0.016020542745015656 -0.053748742917326967 -0.048425779222864812 -0.049920437812660028 0.038712216670307803 -0.033068263475397132 -0.097388265823466158 -0.016086669719132776 0.025507551350857839 -0.048530354890530751 -0.0255575862689045 -0.075064468598275411 0.083722036174988371 -0.00022102610446697037 -0.057230526178579932 0.1101865838219661 -0.025442649863743262 -0.062815177468106942 -0.044963784914100115 -0.023962431250485784 0.11130630860424495 0.10048162155066523 -0.069499108835441525 -0.060895638395378295 -0.053162457047855986 -0.03627281415492345 -1.7947324612954673e-05 0.040193181827222292 -0.12106586577920596 -0.1399835989237054 -0.037171168313145542 -0.073130133679702655 0.088855596271494489 -0.062701606564284432 -0.11851309947333533 -0.054255847020773823 0.059579212279963482 0.01180958576254092 0.13498433332414006 0.082720596651887121 0.0098269868794626635 -0.0028211329461029335 0.07346146138145429 0.010306726916600574 0.01724802861977728 -0.00064780680937681634 0.058647232163545129 -0.031001471974560602 -0.023182347559934514 -0.0016380772017613012 -0.0060908660740736312 0.027238518877257503 0.095659628042749592 -0.003205743979915843 -0.039313392526249241 0.065159279161152203
leaf_weight=148 38 522 582 476 45731 706 582 14745 171 280 2177 804 432 21 240 228 3232 693 121 507 18951 3206 404 302 1119 851 1613 199 132 269 608 2011 151 76283 796 122 114 534 519 489 120 647 223 894 9282 137 1542 2529 14951 827 32186 16711 27238 2145 1761 508 35058 27671 38978 992 5267 172 351
leaf_count=148 38 522 582 476 45731 706 582 14745 171 280 2177 804 432 21 240 228 3232 693 121 507 18951 3206 404 302 1119 851 1613 199 132 269 608 2011 151 76283 796 122 114 534 519 489 120 647 223 894 9282 137 1542 2529 14951 827 32186 16711 27238 2145 1761 508 35058 27671 38978 992 5267 172 351
internal_value=-0.00019473 -0.000109747 -0.0256882 -1.00328e-06 -0.00154145 -0.00695019 -0.00593402 0.000238774 -0.0364427 -0.00484324 -0.00352772 -0.0020138 -0.0117135 0.00257872 0.0104563 0.0194042 0.000333717 0.000884809 0.00841701 0.0174088 0.000750274 -0.00115742 0.00205201 0.0110395 -0.0107836 -0.00177935 -0.00870942 0.0358701 -0.00250907 -0.00756151 -0.00634201 -0.00424585 0.00532007 -0.000115813 -0.00434324 -0.000853705 -0.000552321 -0.0173232 -0.00798272 0.0131151 0.00304555 -0.014954 0.00108978 -0.000374929 0.00186607 0.0104209 0.00145886 0.00566685 0.00127128 0.00859994 0.0016632 0.00317153 0.00113414 0.00920358 0.00239794 -0.0129929 -2.06445e-05 -0.00051845 0.000669016 0.00160107 -2.68563e-05 0.0119567 0.0213204
internal_weight=401299 399966 1333 393708 53031 6258 7178 340677 753 5202 8375 3970 580 1394 688 448 332302 149292 2619 979 146673 22157 2361 706 3208 1655 2732 220 7690 3808 3539 2931 920 183010 4028 45853 5513 1056 1609 640 1640 685 124516 25058 10313 1031 99458 4243 95215 947 80264 20840 59424 2368 18472 1027 178982 103954 75028 39970 5399 1714 858
internal_count=401299 399966 1333 393708 53031 6258 7178 340677 753 5202 8375 3970 580 1394 688 448 332302 149292 2619 979 146673 22157 2361 706 3208 1655 2732 220 7690 3808 3539 2931 920 183010 4028 45853 5513 1056 1609 640 1640 685 124516 25058 10313 1031 99458 4243 95215 947 80264 20840 59424 2368 18472 1027 178982 103954 75028 39970 5399 1714 858
is_linear=0
shrinkage=0.05


Tree=37
num_leaves=64
num_cat=0
split_feature=7 7 8 7 3 21 3 5 1 1 1 14 6 5 8 13 38 20 20 20 10 3 28 34 28 6 3 19 21 7 28 0 36 6 46 4 7 48 7 9 3 29 33 7 36 4 20 28 33 4 39 34 33 28 30 22 34 17 16 35 20 33 45
split_gain=343.414 109.971 80.2855 55.9909 68.3174 56.0591 53.3923 60.2655 60.0918 53.1975 45.4029 43.3802 48.7583 43.1892 41.1928 40.0497 38.4323 53.269 36.6664 38.4208 36.13 35.359 32.8147 30.411 30.3221 28.9741 28.5297 33.2794 32.7588 28.4574 28.4615 31.3343 30.8236 42.6425 52.1448 28.0869 27.4299 26.6884 26.6857 37.7795 50.8296 32.5258 30.6284 27.888 26.1361 25.2725 25.269 32.5761 32.9721 25.5762 25.2266 24.8707 24.8582 35.5207 27.3025 23.5847 23.0099 22.6902 22.6268 26.064 22.4997 24.3644 29.2807
threshold=1.0000000180025095e-35 451.77190212548265 0.85507246164371242 44.606671039246386 0.091030961703603308 -0.12844082071282586 0.78663869651414353 -12.356043956043964 0.32856494543034304 -0.26339430134433611 1.4507855915496055 -21.035714285714281 -0.70971183074271249 1.0000000180025095e-35 0.85310006055970755 -0.81199669291496546 75.000280502654292 0.74656943915469343 0.091148590109234512 0.29531651433169698 1106.8571428571429 -0.84238459031585455 0.20920718091006571 -0.65838141451081211 0.16316849674242573 -0.12944419283585482 -0.23537657002530468 8.5000000000000018 -0.032151666769839445 386.40878510313934 -0.99606299255998498 574.357142857143 -0.12105942568942353 -1.0621576585142167 19.540223532167285 11.035714285714301 2.1092382450636 35.087728120966304 1942.5986536628823 5.5000000000000009 0.061803602638784559 -0.026163230722138997 0.036363636185890454 884.05154563535905 -0.13191218972719998 -14.535714285714279 0.12896166490610142 0.533332260000835 0.089605734231745865 72.803571428571331 87.500279317001386 -0.20702454943479434 0.22946175553711318 0.067340029605823915 2.1992528654484809 2938.3801020408114 -1.2156386487577728 3.6867066728636018 0.24629736943672448 -792.24999999999898 0.61832484711808056 0.031446540592078361 45.341626288730488
decision_type=2 2 2 2 2 2 2 2 2 2 2 2 2 2 2 2 2 2 2 2 2 2 2 2 2 2 2 2 2 2 2 2 2 2 2 2 2 2 2 2 2 2 2 2 2 2 2 2 2 2 2 2 2 2 2 2 2 2 2 2 2 2 2
left_child=2 3 15 6 26 11 7 36 18 24 20 12 -6 -4 29 -1 55 22 -8 -20 38 -9 -18 -17 -3 -19 27 -5 -29 30 31 -7 33 34 50 -28 -2 -22 41 40 42 43 -40 -11 -23 -38 47 49 -49 52 -32 -34 54 -54 56 -16 -13 -30 -59 -60 61 62 -24
right_child=1 9 13 4 5 14 8 21 -10 10 -12 46 -14 -15 16 23 17 25 19 -21 37 44 60 -25 -26 -27 35 28 57 -31 32 -33 51 -35 -36 -37 45 -39 39 -41 -42 -43 -44 -45 -46 -47 -48 48 -50 -51 -52 -53 53 -55 -56 -57 -58 58 59 -61 -62 -63 -64
leaf_value=-0.050316886396609306 -0.12043719908441131 -0.049014630973356454 -0.045179094059348529 0.0019045930922672039 -0.070295766390868583 0.084068760529117048 0.11404999231218174 -0.059749264085956599 0.07503136664230059 0.053000843129883762 -0.069176950399303119 -0.11447330653943047 -0.05245053346864649 -0.051061305771460619 0.0026296873214758602 0.13705454881504051 0.010076083335110831 -0.070772225092823063 -0.070261837388677639 0.020778796532920831 -0.068527549704962692 8.5540876762335582e-05 0.019450712603679234 -0.081903936723019502 -0.052262560651993598 0.016681378242891797 0.004158479522656822 -0.017920034385796545 0.059231834189019762 0.089810486880023355 -0.08191768847462487 -0.047898596641140503 -0.048498992821319802 -0.039954013191667075 0.066155517710557235 -0.0050273979887351938 -0.081131550052394613 -0.021541200398737304 -0.11144699012839082 -0.016604103726393048 0.0011681043118895174 -0.042623981217318231 0.11487583338083195 -0.029718576347096227 0.010933489088013504 -0.022505263559258651 -0.037664305105818419 0.02984211348231618 0.15650680258736799 -0.092289761939296638 0.022903728345344956 -0.006410888573944673 -0.041593813581304984 0.13994448151989305 -0.059461658250078077 -0.039242213406382967 0.09890674502435437 -0.084503163791841862 -0.11223151295129404 -0.0098044658110693298 -0.0029047738033628257 0.10353277416767828 0.13171920611438126
leaf_weight=146 42 761 583 4006 679 616 107 1005 1367 823 597 95 940 170 1744 153 2925 512 715 3873 336 172069 861 281 871 345 40350 2003 109 323 523 211 1963 5198 178 21851 608 575 22 239 214 1187 216 417 99660 5158 8164 231 100 142 56 8733 235 197 892 1449 254 1032 187 625 381 784 210
leaf_count=146 42 761 583 4006 679 616 107 1005 1367 823 597 95 940 170 1744 153 2925 512 715 3873 336 172069 861 281 871 345 40350 2003 109 323 523 211 1963 5198 178 21851 608 575 22 239 214 1187 216 417 99660 5158 8164 231 100 142 56 8733 235 197 892 1449 254 1032 187 625 381 784 210
internal_value=-0.000202953 -0.000118498 -0.0255382 -1.3957e-05 -0.000977003 -0.00265645 0.000355213 0.000254163 0.00499744 -0.00669452 -0.00395474 -0.00551131 -0.0131215 -0.0363099 -0.00139549 -0.0115411 0.00131852 0.00367142 0.00230985 0.00163357 -0.00204636 0.000361506 0.00558892 -0.00390463 -0.0144568 -0.00786956 -4.48241e-05 -0.00286294 -0.00611587 -0.00280011 -0.00307213 0.00597872 -0.00352199 -0.00640543 -0.0174944 0.00031583 -0.00478556 -0.0108056 0.000511529 0.00918102 0.0176841 -0.00195501 0.0335783 0.00370535 0.000396148 -0.0044909 -0.00431567 0.000510228 0.0149351 -0.00211834 -0.0247712 -0.00191612 -0.000385512 0.00993983 -0.00398437 -0.00311453 0.00786308 -0.010724 -0.0120357 -0.00578131 0.0101494 0.0124225 0.00751097
internal_weight=401299 399966 1333 393708 109104 38941 284604 278542 6062 6258 4626 11929 1619 753 27012 580 9211 6018 4695 4588 4029 272734 5161 434 1632 857 70163 7962 3956 17801 17478 827 16651 5955 757 62201 5808 911 3118 691 452 2427 238 1240 271729 5766 10310 2146 331 1815 579 10696 1673 432 1241 3193 349 1953 1844 812 2236 1855 1071
internal_count=401299 399966 1333 393708 109104 38941 284604 278542 6062 6258 4626 11929 1619 753 27012 580 9211 6018 4695 4588 4029 272734 5161 434 1632 857 70163 7962 3956 17801 17478 827 16651 5955 757 62201 5808 911 3118 691 452 2427 238 1240 271729 5766 10310 2146 331 1815 579 10696 1673 432 1241 3193 349 1953 1844 812 2236 1855 1071
is_linear=0
shrinkage=0.05


Tree=38
num_leaves=64
num_cat=0
split_feature=7 7 8 18 7 3 8 3 18 45 8 2 20 1 2 1 3 0 37 20 0 3 28 33 10 3 23 46 17 7 20 41 20 28 7 33 25 43 8 0 34 2 20 3 23 10 28 6 29 7 27 37 33 34 34 1 27 29 0 20 8 25 0
split_gain=345.214 99.2715 79.1697 53.6599 50.7441 61.9147 69.8961 52.0311 53.6093 49.4166 48.0755 45.0055 41.1217 39.7014 39.0603 40.2711 38.5323 38.1251 37.8606 45.7627 36.9839 36.5404 36.3283 39.6874 35.261 55.5144 50.1976 54.2535 36.3907 33.8238 30.4045 29.6968 29.6562 28.7914 28.6054 29.6216 29.7506 27.8243 27.7045 27.5783 27.3346 26.9287 26.6895 37.057 33.3575 27.3627 25.8703 45.1897 32.4234 25.8103 25.7532 27.1871 24.7428 25.0376 24.0804 25.0833 23.958 23.7929 27.2057 27.4187 23.471 23.3542 23.244
threshold=1.0000000180025095e-35 451.77190212548265 0.85507246164371242 0.023204753009091455 28.704333738720219 0.21604930389803942 0.6995515671539746 0.093530121883047768 0.80645159339230033 51.612904521333256 0.047672521922713706 0.017708352050428356 0.032674047971190306 1.4507855915496055 -0.39307621340157578 -0.22222223624648002 -0.75071334250655108 20.357142857142858 25.000000000000007 0.63218389448187828 15.071428571428573 3.0713987689180597 0.38558884002290622 0.062180367181577156 268.21428571428578 0.86858211393878293 -0.2200357863030061 15.979367823874918 262.89112665517342 1.4069609934103131 0.41083278061610562 6.6666668833333542 0.24761903523809592 1.2832999386245159 1942.5986536628823 0.019859998601064754 1531.2142857142858 16.279125756245858 0.33413030680548389 135.6428571428572 -2.6935576653618711 -0.26262627175033132 0.081307687990332458 0.78663869651414353 0.23529405864003983 30.357142857142858 0.74999540626339867 -1.2212473088411244 -0.048942631152420889 20.734965041398613 -0.09523810969325959 42.85699734554894 0.048951048411902759 0.023495670083928302 0.8672623216609473 -0.10606061520316788 0.52631536772866139 -0.0093505432695350985 1110.5714285714287 0.0035047270971350001 0.99577164708038357 22.928571428571434 920.50000000000011
decision_type=2 2 2 2 2 2 2 2 2 2 2 2 2 2 2 2 2 2 2 2 2 2 2 2 2 2 2 2 2 2 2 2 2 2 2 2 2 2 2 2 2 2 2 2 2 2 2 2 2 2 2 2 2 2 2 2 2 2 2 2 2 2 2
left_child=2 3 16 -2 5 20 49 14 24 29 -3 -4 34 18 54 -16 -1 -11 19 22 -5 31 -10 37 28 50 -27 32 42 -8 -25 40 -28 60 -12 41 52 -24 56 -19 -14 -36 43 57 45 -45 -42 -48 -49 -7 51 -26 53 -37 55 -6 -34 -9 59 -59 -17 -35 -62
right_child=1 10 11 4 7 6 9 8 13 17 12 -13 21 -15 15 33 -18 39 -20 -21 -22 -23 23 30 25 26 27 -29 -30 -31 -32 -33 38 61 35 36 -38 -39 -40 -41 46 -43 -44 44 -46 -47 47 48 -50 -51 -52 -53 -54 -55 -56 -57 -58 58 -60 -61 62 -63 -64
leaf_value=-0.046611434054935119 -0.052348647646468342 -0.049772379213113886 -0.043204338031304391 -0.007240330275274931 -0.047769308991053076 0.01082437798723781 -0.21021420189037865 0.027294032281624817 0.011539872526327445 -0.063805238392670077 -0.02465298435050596 -0.048508240482887592 -0.070936502353403638 -0.099606495689197425 0.028468645020788542 0.00041973764384750645 -0.032322434654788082 0.13158334439231076 -0.010360215918750627 -0.018836793917072159 0.0038125143938247067 -0.052595571349451101 0.11497132133584237 0.13628439331920336 -0.071854308362581693 -0.07034067849289298 0.094473403368305953 0.014645284634693124 0.13935818455401158 0.03999132291890755 0.023644052183082256 -0.066454516134095074 -0.049064469570488857 -0.046374590018502443 0.17919027901191931 0.059421774349315865 -0.063375960931135691 0.02649230932484985 -0.072711893428641344 4.5846181729780612e-05 -0.031865906940158117 -0.098213001056383475 -0.024889182158648993 0.14089557447557213 -0.061996007093215469 -0.0027770492860129006 -0.047494966855085162 0.10229725526779765 -0.077643852733892127 -0.040060737243164682 -0.013986507310192998 0.17491625116174619 0.15649256591005567 -0.031673920343049743 -0.092111546966298502 0.010247059449597185 0.06260820191077561 -0.15114169415245843 -0.094798858085314172 0.016918282946925035 -0.0085727997694358127 -0.18828594871246634 0.0059225843963893084
leaf_weight=148 1256 228 582 17276 1349 9714 62 1385 5166 143 780 171 140 593 12914 89953 432 679 5748 2319 179729 766 344 278 744 394 41 513 136 10933 145 536 131 1124 23 359 42 1607 512 139 2457 66 29273 244 39 89 203 331 71 2464 3138 57 111 145 184 749 43 56 335 667 9554 64 1425
leaf_count=148 1256 228 582 17276 1349 9714 62 1385 5166 143 780 171 140 593 12914 89953 432 679 5748 2319 179729 766 344 278 744 394 41 513 136 10933 145 536 131 1124 23 359 42 1607 512 139 2457 66 29273 244 39 89 203 331 71 2464 3138 57 111 145 184 749 43 56 335 667 9554 64 1425
internal_value=-0.000211675 -0.000126998 -0.0256132 -2.76728e-05 5.33823e-06 0.000505768 0.00289611 -0.000640611 -0.00192501 0.00561178 -0.00637494 -0.0363099 -0.00552147 0.00048117 -4.93965e-05 7.90635e-05 -0.0117135 0.0164863 0.000963984 0.00284458 0.000212913 -0.007925 0.00473402 0.00985426 -0.00295644 -0.00662917 -0.0143779 -0.00943069 -0.00232109 0.00466071 0.0237414 -0.00588401 -0.0182162 -0.000253574 0.00156936 0.00857124 0.0122432 0.00683973 -0.0206894 0.0206515 -0.00405827 -0.0184624 -0.00243065 0.00221839 0.0169175 0.0220504 -0.00306816 0.00618906 0.015904 0.00022951 -0.00341322 -0.0114156 0.0150301 0.0103055 -0.00652688 -0.00500214 -0.00341758 -1.84192e-05 -0.00566582 -0.000200526 -0.000162436 -0.00799175 -0.00234491
internal_weight=401299 399966 1333 393708 392452 221139 24134 171313 53997 11956 6258 753 6030 16200 117316 115034 580 961 15607 9859 197005 4504 7540 2374 37797 5573 1634 1240 32224 10995 423 3738 727 102120 1526 746 657 1951 686 818 3202 89 32088 2815 372 333 3062 605 402 12178 3939 801 615 504 2282 2098 174 2443 1058 723 100932 1188 10979
internal_count=401299 399966 1333 393708 392452 221139 24134 171313 53997 11956 6258 753 6030 16200 117316 115034 580 961 15607 9859 197005 4504 7540 2374 37797 5573 1634 1240 32224 10995 423 3738 727 102120 1526 746 657 1951 686 818 3202 89 32088 2815 372 333 3062 605 402 12178 3939 801 615 504 2282 2098 174 2443 1058 723 100932 1188 10979
is_linear=0
shrinkage=0.05


Tree=39
num_leaves=64
num_cat=0
split_feature=7 4 8 7 6 10 23 2 3 13 1 41 6 45 6 2 14 10 24 7 36 22 8 4 2 22 27 27 10 3 28 33 12 34 12 15 1 44 13 8 2 20 31 3 20 41 15 2 8 25 33 30 10 30 34 6 3 28 24 3 20 33 47
split_gain=339.258 94.448 82.5406 64.762 64.3582 45.5531 49.1077 45.0055 43.5474 41.2808 41.1661 51.7923 38.2609 37.9898 36.2196 51.2359 64.9199 46.7753 57.4931 35.136 34.5427 33.5594 33.0491 31.6966 30.6809 29.0563 28.6456 28.0571 29.151 33.6976 27.3068 27.3038 33.297 26.7494 26.7234 31.3486 25.6654 24.598 24.2923 30.8661 32.3048 30.208 26.6847 26.5412 33.0471 24.4899 24.0036 23.9574 23.9248 27.0581 25.9306 23.8057 23.7388 26.5884 23.3857 23.0628 46.8154 26.4494 23.9325 22.6428 22.6311 22.4636 22.4557
threshold=1.0000000180025095e-35 -242.28571428571476 0.85507246164371242 81.749118445298819 -1.2212473088411244 161.92857142857147 -0.19063187055506683 0.017708352050428356 -0.53203247791027886 -0.81199669291496546 0.85844675219000999 1.0000000180025095e-35 -0.70971183074271249 11.764692945490653 -0.014260133658312949 0.43820223635062922 -1.6785714285714288 105.78571428571431 7.5000000000000009 2.1092382450636 -0.27470855378232562 -516.45918367346906 0.99999999700149267 50.01785714285716 -0.33904692972102679 313.90306122448993 -0.29097322349025839 -0.29097322349025839 60.500000000000007 -0.0039651005421238493 321427.57142857154 0.005225498039255351 0.78923337115477832 -0.65838141451081211 0.83486707172620911 -1.5912087912087938 1.4507855915496055 36.111117927599381 -0.10146654496650169 0.90246883663256061 -0.15517245627724713 0.014952866277170102 0.79999997857142924 0.86858211393878293 0.28622583450992328 1.0000000180025095e-35 0.89450549450549455 -0.28985512649652972 0.56756756117604101 105.21428571428572 0.12582781106969002 162.35392176065037 516.78571428571433 3.2919181468417338 0.0024395378357915001 0.045509167504249007 -0.0053768964629730487 -5.833297944679571e-06 846486.50000000012 -0.41688270254558879 0.33172803477655527 0.043909317302247904 66.976758373937301
decision_type=2 2 2 2 2 2 2 2 2 2 2 2 2 2 2 2 2 2 2 2 2 2 2 2 2 2 2 2 2 2 2 2 2 2 2 2 2 2 2 2 2 2 2 2 2 2 2 2 2 2 2 2 2 2 2 2 2 2 2 2 2 2 2
left_child=2 12 9 8 5 21 -7 -4 19 -1 24 62 -2 31 15 25 -17 18 60 26 23 37 -13 -15 -6 27 -3 48 -29 -30 38 -8 -33 -11 35 47 -16 -5 55 40 41 -40 -41 -44 61 -42 -23 -21 49 50 -10 -14 53 -22 -54 56 58 -58 -26 -43 -18 -45 -12
right_child=1 3 7 4 10 6 13 -9 14 33 11 22 51 20 36 16 17 -19 -20 34 52 46 -24 -25 30 -27 -28 28 29 -31 -32 32 -34 -35 -36 -37 -38 -39 39 42 45 59 43 44 -46 -47 -48 -49 -50 -51 -52 -53 54 -55 -56 -57 57 -59 -60 -61 -62 -63 -64
leaf_value=-0.045470470374032096 -0.048780030031333882 -0.11274010391640721 -0.041044121129739181 -0.064554660221865776 -0.036515701614600472 -0.061473455966424922 0.065732224738727682 -0.046082828458743209 -0.012354199487476382 0.13181794310702788 0.031439910268573491 -0.041529624690508152 -0.012698071303174841 -0.07962451213856854 -0.00058880325983889925 -0.074662515491721787 -0.015604014366747722 0.00033583767972744649 0.077370435732065174 -0.04982215254766631 -0.04935253782373903 0.15674464732053803 -0.10468648914833323 -0.012123181142449358 0.058143736051135791 -0.0024490991133418794 -0.0078071423230673398 0.010222010631551105 0.025533011604319603 -0.0017495215389714991 -0.11015457749809704 -0.067450549141581592 0.030331103827669716 -0.07619261815412913 -0.11789781665327259 0.0030317220206748097 -0.072717684599400423 0.036426480009692598 0.13516493957694342 -0.010396646977743052 -0.0029002468709592001 -0.13059069467801307 0.0053672025712270255 -0.0011391266097619424 0.01107942715797261 -0.032748425504712832 0.0075613846420128587 0.0015939874097896213 0.012201864549318398 0.21104592918648471 -0.056032729932637665 -0.078687418831865724 -0.080015060923907588 0.052119655504263007 -0.0092080735887411173 -0.0038726308087757124 -0.051855162360974275 0.01093022497314642 -0.059667629902290714 0.025650732118440489 0.061062177938997313 0.12115842927508878 -0.036496931343860874
leaf_weight=146 618 438 582 438 1690 454 341 171 14083 153 1114 962 795 246 182336 652 338 1024 531 2115 389 157 723 140 3260 25824 247 46205 11046 32308 62 225 184 281 166 4305 674 219 117 3898 8210 34 4559 49 284 15136 388 1104 15002 85 615 187 164 306 111 8309 1102 1743 140 1850 1579 174 511
leaf_count=146 618 438 582 438 1690 454 341 171 14083 153 1114 962 795 246 182336 652 338 1024 531 2115 389 157 723 140 3260 25824 247 46205 11046 32308 62 225 184 281 166 4305 674 219 117 3898 8210 34 4559 49 284 15136 388 1104 15002 85 615 187 164 306 111 8309 1102 1743 140 1850 1579 174 511
internal_value=-0.000206691 -0.000122748 -0.0253882 -7.40399e-05 -0.00162327 -0.00794636 -0.0117163 -0.0363099 0.000188287 -0.0111963 -0.00118206 -0.00658439 -0.0122461 -0.00849675 0.000278045 0.000856006 0.00635169 0.00907088 0.0128242 -0.0033725 -0.0134909 7.90284e-05 -0.0127262 -0.0261461 -0.000828673 0.000699844 -0.0142242 0.00102892 0.00147104 0.000539626 -0.00059977 0.000526596 -0.00817648 -0.00344391 -0.00240504 -0.00196635 -0.000193405 -0.00752549 -0.000557555 -0.0012837 -0.00217559 0.00392034 0.00123771 0.003631 0.0144843 -0.00269831 0.00925518 -0.0056988 -0.000300318 -0.00172799 -0.00189106 -0.00610427 -0.00844758 -0.00351748 -0.0208833 0.00115397 0.0034499 -0.00128115 0.00741008 0.00238575 0.00878671 0.0288884 -0.000212295
internal_weight=401299 399966 1333 398366 57689 3762 2560 753 340677 580 53927 3310 1600 2106 332302 149292 4124 3472 2448 8375 1356 1202 1685 386 50617 145168 685 119344 89559 43354 48927 750 409 434 7690 7524 183010 657 48865 34311 25347 2001 8964 5066 507 23346 545 3219 29785 14783 14698 982 970 695 275 14554 6245 2845 3400 1884 1917 223 1625
internal_count=401299 399966 1333 398366 57689 3762 2560 753 340677 580 53927 3310 1600 2106 332302 149292 4124 3472 2448 8375 1356 1202 1685 386 50617 145168 685 119344 89559 43354 48927 750 409 434 7690 7524 183010 657 48865 34311 25347 2001 8964 5066 507 23346 545 3219 29785 14783 14698 982 970 695 275 14554 6245 2845 3400 1884 1917 223 1625
is_linear=0
shrinkage=0.05


Tree=40
num_leaves=64
num_cat=0
split_feature=7 4 8 21 12 10 3 11 13 9 45 1 2 33 30 13 29 0 6 46 8 28 22 33 27 2 8 27 33 45 17 27 24 7 3 2 1 7 13 12 5 34 33 0 34 33 45 0 5 3 34 28 3 21 33 44 17 6 17 21 0 12 27
split_gain=339.319 88.7298 82.5406 62.7363 58.0716 59.6927 59.9475 70.4042 56.7677 64.8824 55.3033 49.606 45.0055 43.6605 49.3585 41.2808 41.2648 37.2555 48.0401 56.8985 46.8488 36.3398 49.0083 36.2941 35.5925 35.5751 38.223 33.3819 33.3548 50.6946 32.5617 31.7404 32.6746 30.3817 30.0201 30.3152 28.9806 27.8712 27.7167 30.2896 26.8836 28.0133 31.4471 29.6362 26.7494 26.3909 25.3287 25.0341 23.7831 29.8981 23.7194 23.8741 23.707 23.3035 23.2488 23.0947 22.8438 22.8085 22.7952 22.7102 22.5785 29.651 23.3412
threshold=1.0000000180025095e-35 -242.28571428571476 0.85507246164371242 -0.49597749491168558 -0.72784018399229622 83.214285714285737 0.35843010632059336 0.071918346845459113 0.42602220490471715 4.5000000000000009 51.612904521333256 0.85844675219000999 0.017708352050428356 0.050041017047637852 84.9173667659377 -0.81199669291496546 -0.44791444872321012 183.07142857142858 -1.2212473088411244 19.230753185270643 0.18987341621935586 -0.23913060845931317 300.85714285714306 0.022143689543165906 -0.37891011889657528 0.16587676965364673 0.42222221518518538 -0.3333344999977314 0.30348346818081307 22.018320493609853 20.96790549834817 0.25806439776275875 0.83333333333333337 179.78467654028196 -0.016853269891112996 -0.087440148959792741 -0.66424393143261651 1942.5986536628823 4.1053821456459403 1.6230165303771271 -17.749450549450568 1.119971789679451 0.12863649305557293 888.21428571428589 -0.65838141451081211 0.0091743114847235019 46.428606894278595 329.07142857142861 -4.169230769230774 0.10972426934733821 0.42289857335190711 -0.12849167123372848 -0.12921155831553091 -0.17419315362374813 0.067341620197825566 35.000003375001789 33.10126700680793 0.34535909336133624 14.146464186488153 1.1847231636061291 61.071428571428577 0.3532814388983454 0.27999973120006261
decision_type=2 2 2 2 2 2 2 2 2 2 2 2 2 2 2 2 2 2 2 2 2 2 2 2 2 2 2 2 2 2 2 2 2 2 2 2 2 2 2 2 2 2 2 2 2 2 2 2 2 2 2 2 2 2 2 2 2 2 2 2 2 2 2
left_child=2 16 15 11 36 8 28 17 21 10 13 -3 -4 30 25 -1 -2 -8 19 20 -19 23 24 -6 -23 -15 -27 57 40 34 -10 46 55 -31 50 -36 -5 -24 39 -37 41 42 54 47 -17 -21 -9 -44 -26 -50 51 -30 -45 -47 58 -33 -53 -25 -7 -34 -28 62 -62
right_child=1 3 12 4 5 6 7 31 9 -11 -12 -13 -14 14 -16 44 -18 18 -20 45 -22 22 37 27 48 26 60 -29 29 33 -32 32 59 -35 35 38 -38 -39 -40 -41 -42 -43 43 52 -46 53 -48 -49 49 -51 -52 56 -54 -55 -56 -57 -58 -59 -60 -61 61 -63 -64
leaf_value=-0.043196946855330487 -0.046815407097558409 -0.018810826666712101 -0.038991915073252219 -0.076282895103762613 -7.9588164141641832e-05 -0.12472512059799 0.015056896441923118 -0.026604422577001886 0.030021917219834784 0.0045076403757146281 0.10070143189872915 -0.070640098050927955 -0.043778687035806049 0.033672191595711179 -0.058703190028535905 0.1252270459516765 -0.032131237454411113 -0.0036871392873054189 -0.039152051589219888 0.034417565598158555 -0.06736897959751606 -0.0056234661783324041 -0.0046372578895491848 -0.038663491420313917 0.023335062060775336 -0.075680074206956688 0.051263371849070483 -0.0092444865353967128 -0.01738563952944645 -0.0013745119056580712 -0.039402893037204102 -0.075270266498055696 0.023740793667420702 -0.050737177108990617 0.064639147773663683 -0.00014191327696451151 -0.036393094539184392 0.10435252447025595 -0.10354104639196289 0.1322089995522715 -0.001608497879585702 -0.10236552718361472 -0.092064760118845623 -0.16913879595826042 -0.07238298724642267 -0.067401199738682069 0.035550762639430758 0.009982776013384799 0.0083255343347744988 0.023698553934022759 -0.15227608037127213 0.035983686773954186 -0.1064564220123943 -0.023487773086324173 0.044097438421767089 0.025951383090427205 0.069081589426887899 -0.09022812918913542 -0.021096968747509239 0.097317476997004868 -0.0017807591806476176 0.095735647074585997 0.14183193684315154
leaf_weight=146 537 8121 582 188 41737 152 1238 3684 4227 11203 923 1213 171 1055 240 153 1063 255 6151 340 1133 15669 21656 1542 15865 104 587 11905 777 15589 1036 326 2887 1457 1115 8734 1859 105 58 121 98271 205 80 135 281 76 544 384 84248 16694 49 3708 296 201 806 176 3238 610 4125 220 214 720 114
leaf_count=146 537 8121 582 188 41737 152 1238 3684 4227 11203 923 1213 171 1055 240 153 1063 255 6151 340 1133 15669 21656 1542 15865 104 587 11905 777 15589 1036 326 2887 1457 1115 8734 1859 105 58 121 98271 205 80 135 281 76 544 384 84248 16694 49 3708 296 201 806 176 3238 610 4125 220 214 720 114
internal_value=-0.000204449 -0.000120498 -0.0253882 -7.32869e-05 2.38926e-05 6.8336e-05 -0.000685135 -0.00346728 0.000580137 0.00309674 0.00620329 -0.00412413 -0.0363099 0.00491075 0.00968821 -0.0111963 -0.0118711 -0.00638646 -0.00761332 -0.0143359 -0.0199517 0.000335403 0.000730985 -0.000758055 0.00109223 0.0115583 0.0159537 -0.00295545 -0.000340955 0.000998534 0.00215557 3.12616e-05 0.00347594 -0.000950071 0.00286487 0.00105653 -0.00837526 -0.00146799 8.35848e-05 0.000309991 -0.000787858 -0.00398586 -0.00336144 -0.0120042 -0.00344391 -0.0016934 -0.00290793 -0.00322129 0.00139242 0.0011095 0.00519744 0.00541816 -0.0214451 -0.0131541 -0.00183845 -0.00835491 0.00634817 -0.00868686 -0.00330715 0.00538927 0.0178246 0.0222259 0.00973788
internal_weight=401299 399966 1333 398366 389032 386985 156531 17231 230454 20423 9220 9334 753 8297 3034 580 1600 9394 8156 2005 1388 210031 154237 55794 132476 2794 1739 14057 139300 34846 5263 7837 3609 17046 17800 10028 2047 21761 8913 8855 104454 6183 5978 895 434 617 4228 464 116807 100942 7772 7723 431 277 5083 502 6946 2152 4277 3107 1635 1048 328
internal_count=401299 399966 1333 398366 389032 386985 156531 17231 230454 20423 9220 9334 753 8297 3034 580 1600 9394 8156 2005 1388 210031 154237 55794 132476 2794 1739 14057 139300 34846 5263 7837 3609 17046 17800 10028 2047 21761 8913 8855 104454 6183 5978 895 434 617 4228 464 116807 100942 7772 7723 431 277 5083 502 6946 2152 4277 3107 1635 1048 328
is_linear=0
shrinkage=0.05


Tree=41
num_leaves=64
num_cat=0
split_feature=0 5 4 17 21 13 10 6 42 23 13 2 2 33 45 4 35 29 39 36 27 25 22 28 25 25 33 13 45 0 0 31 25 3 20 20 29 5 28 28 2 25 33 37 28 3 23 45 2 3 4 3 39 2 31 28 42 20 29 3 0 24 33
split_gain=102.926 95.3868 84.262 83.1635 54.4333 54.2189 52.3404 59.4071 77.8409 59.9554 54.0014 59.8773 57.6963 59.7827 62.4552 49.9977 42.6398 40.8295 39.2998 37.32 36.0226 37.922 35.0853 36.3963 34.6001 33.7761 33.7081 43.5546 40.1518 38.274 33.6064 32.7485 31.1551 31.0448 30.386 30.3794 30.1563 30.122 30.1116 29.571 29.4258 35.8417 29.1094 31.7701 28.5204 29.2705 46.7356 32.9321 27.5854 27.3724 27.2452 26.6715 26.3478 32.1018 26.1425 26.1299 26.0769 25.7727 25.7712 25.7256 28.5316 25.3673 25.1518
threshold=7.3571428571428585 -0.010989010989012449 -242.28571428571476 0.6693653886118528 -0.49597749491168558 -0.89318719187611484 83.214285714285737 -1.2212473088411244 15.21737189977628 -0.055159552741950592 0.42602220490471715 -0.57888404604191412 0.17017645899940523 0.044910796232424305 31.914887618828732 50.01785714285716 -172.4489795918366 -0.44791444872321012 64.705887180455463 -0.25804425785593244 0.078036137645610112 1.642857142857143 120.79591836734686 -0.26086975267795937 3.3571428571428572 520.50000000000011 0.30348346818081307 2.5156936226109168 22.018320493609853 332.50000000000006 10.214285714285717 0.39999997666666809 0.21428571428571427 -0.0069042845684784493 0.61832484711808056 0.19601291486248404 -0.47599681357819296 1.0000000180025095e-35 0.7999962200088202 -0.025316482565115147 -0.31205027733978818 30.642857142857149 0.0032529392573034505 75.000071093917242 -0.5000026249846875 0.35843010632059336 -0.082951930817527136 50.000001772388352 -0.042468966914576842 -0.84238459031585455 -12.178571428571423 -0.19147314508358868 38.181806826442688 -0.070879358661822947 0.61538457988165918 -0.081468329173121135 28.421054521884674 0.69343835001802778 0.083334791661505661 0.26162884122091373 189.35714285714289 76.833333333333357 0.0019916351947799004
decision_type=2 2 2 2 2 2 2 2 2 2 2 2 2 2 2 2 2 2 2 2 2 2 2 2 2 2 2 2 2 2 2 2 2 2 2 2 2 2 2 2 2 2 2 2 2 2 2 2 2 2 2 2 2 2 2 2 2 2 2 2 2 2 2
left_child=1 5 17 -3 15 -1 10 8 9 -8 11 50 -12 14 18 49 38 -2 -14 31 -15 -22 23 24 -13 35 27 40 33 -29 -25 -11 -16 -28 -18 -23 -35 39 -10 -5 41 42 43 -9 -42 -46 -47 56 -38 -4 61 55 53 -53 -26 -30 -48 -51 59 -50 -61 -6 -32
right_child=2 3 4 37 6 -7 7 26 16 19 12 22 13 20 32 -17 34 -19 -20 -21 21 25 -24 30 54 -27 28 29 51 -31 62 -33 -34 36 -36 -37 48 -39 -40 -41 44 -43 -44 -45 45 46 47 -49 58 57 -52 52 -54 -55 -56 -57 -58 -59 -60 60 -62 -63 -64
leaf_value=-0.05012620791823439 -0.044474636742680491 -0.03600675339697184 -0.12121610506852579 -0.039736063068073674 -0.063551106826859965 -0.005359027775928827 -0.059198754335955533 -0.057292324855895749 0.068952718160456131 -0.077389563185321406 0.0064845563094030117 0.00020931601457401252 -0.053348604691487639 0.024118841559965909 0.10044256261679303 -0.05712013155486817 0.079287768140490752 -0.030524675581690554 0.027588436685003395 -0.0040067817892639806 -0.081071924908772353 0.12092720761320702 -0.0028618841022017617 -0.037047584962800119 -0.049180844294486464 -0.15877774766288366 0.038155941297606424 0.10966006784299498 0.0031698892046296834 0.0020621515531580093 -0.0088008353452498685 0.059663875636387226 0.032783974928957176 0.13445262898553897 -0.024639658337267091 0.062066363462259799 0.0414607290468356 -0.056270823764514734 -0.058618761571256131 0.037974744379366591 0.013157739899428212 -0.08337135362386526 0.00047266385657185328 0.40002458291489057 -0.0023104866651137979 -0.057338503918542165 -0.0057380422646128087 0.085475020052570849 -0.0042575542155583344 -0.026953523253198997 -0.023002586689919148 0.031663967199154541 0.021124764732649529 -0.016425321193798671 0.0051753023750836348 -0.089535631950842381 -0.06579362679961831 0.039410175222563383 0.049305470838755784 0.19300876984577947 -0.072474670234714614 0.029860238393748351 0.013497467636063454
leaf_weight=308 537 371 49 236 546 3245 965 1127 142 482 12487 36311 1537 806 741 1263 711 1063 2521 1230 96 396 47403 2545 3751 28 8545 634 527 877 4788 90 689 127 378 1137 2174 927 195 63 7243 551 2153 22 94448 3389 4975 440 5929 6809 2083 1657 7713 6949 1980 745 794 1111 981 27 638 102 108512
leaf_count=308 537 371 49 236 546 3245 965 1127 142 482 12487 36311 1537 806 741 1263 711 1063 2521 1230 96 396 47403 2545 3751 28 8545 634 527 877 4788 90 689 127 378 1137 2174 927 195 63 7243 551 2153 22 94448 3389 4975 440 5929 6809 2083 1657 7713 6949 1980 745 794 1111 981 27 638 102 108512
internal_value=-0.000199215 -0.00722219 -0.000107901 -0.0173721 -6.14499e-05 -0.00265824 2.94433e-05 -0.000673826 -0.00654528 -0.0114362 0.000512324 0.000271343 0.00296481 0.0062941 0.00338824 -0.00385557 0.00294159 -0.0115587 0.000220547 -0.00604572 0.0127664 0.0169845 0.000369209 0.000727387 -0.00053268 0.0188617 -0.000512527 -0.00092535 0.000824584 0.00750778 0.00118473 -0.0165967 0.0123733 0.00245615 0.00775411 0.0198585 0.000546268 -0.011088 -0.0125927 -0.0248913 -0.00103607 -0.00533207 -0.00335998 -0.00978592 -0.000887284 -0.0010985 -0.00372938 -0.00115073 0.000230278 -0.00238986 -0.00708323 -0.000883686 -0.000339786 -0.00224201 -0.00414318 -0.00785709 -0.00215718 -0.00215843 -0.00119404 -0.0023195 -0.0116449 -0.0160392 0.0013124
internal_weight=401299 5150 396149 1597 394549 3553 385317 156858 4193 2767 228459 208021 20438 7951 5488 9232 1426 1600 4058 1802 2463 1657 205290 157887 42042 1561 152665 116653 36012 1511 115845 572 1430 18421 1089 1533 9876 1226 337 299 115142 3853 3302 1149 111289 104046 9598 6209 9749 7969 2731 17591 16319 8606 5731 1272 5769 7920 7575 6594 665 648 113300
internal_count=401299 5150 396149 1597 394549 3553 385317 156858 4193 2767 228459 208021 20438 7951 5488 9232 1426 1600 4058 1802 2463 1657 205290 157887 42042 1561 152665 116653 36012 1511 115845 572 1430 18421 1089 1533 9876 1226 337 299 115142 3853 3302 1149 111289 104046 9598 6209 9749 7969 2731 17591 16319 8606 5731 1272 5769 7920 7575 6594 665 648 113300
is_linear=0
shrinkage=0.05


Tree=42
num_leaves=64
num_cat=0
split_feature=7 8 7 6 11 5 13 1 8 5 6 6 9 10 10 13 8 3 11 3 3 3 12 7 24 1 24 0 3 4 12 30 10 3 8 47 7 37 49 12 1 25 39 47 28 35 10 0 20 10 16 28 10 35 13 47 24 43 13 25 7 6 10
split_gain=337.702 81.6692 81.2399 93.9961 68.893 42.6732 41.2808 37.8612 46.2922 36.1404 39.0713 36.1 35.6031 39.2596 32.9604 64.0938 58.02 43.7286 32.7215 31.6611 34.5582 30.2501 28.8827 26.5275 25.8449 25.781 25.5661 25.372 28.6014 42.982 40.2456 28.8445 27.4679 25.2336 25.1037 24.7409 24.2326 24.1459 23.7118 29.0948 28.7964 23.3748 24.026 23.184 25.9054 42.3783 22.6956 22.42 22.3988 22.1463 22.1192 21.9784 23.4133 21.875 21.5091 21.4778 21.1508 21.1338 23.6484 31.3757 20.8941 20.8475 21.1622
threshold=1.0000000180025095e-35 0.85507246164371242 81.749118445298819 -1.2212473088411244 0.068789560609314265 1.0000000180025095e-35 -0.81199669291496546 0.85844675219000999 0.33413030680548389 -13.124175824175916 -0.014260133658312949 0.32521990559214703 7.5000000000000009 166.78571428571431 134.6428571428572 1.1070614279103719 0.84516128623309072 0.32868905449889457 0.14130431991375297 0.091030961703603308 -0.23537657002530468 1.9015236560719784 1.9523413747159426 0.98974331861078702 1.1666666666666667 1.4507855915496055 970935.50000000012 16.357142857142858 -0.025394067104188244 -6.392857142857129 0.21337866122395097 22.154835465011775 101.92857142857144 0.47852643659297717 0.79187209769143208 33.333331830065028 2.1092382450636 23.809512712015788 1.3921971577147454 -0.37330051808102954 -0.23018942942207968 6.0714285714285721 71.428728571782699 78.260892375566996 0.45504479826286054 14487.946428571426 8.9285714285714306 536.50000000000011 0.7736429930449974 2562.5714285714289 0.11206372010322546 -0.99606299255998498 4.9285714285714297 3175.7142857142876 -0.12335744780439693 38.461534511828539 29.166666666666668 18.0952355727884 0.2623771144082771 12.214285714285717 20.338462601012239 -0.20404805691118888 2562.5714285714289
decision_type=2 2 2 2 2 2 2 2 2 2 2 2 2 2 2 2 2 2 2 2 2 2 2 2 2 2 2 2 2 2 2 2 2 2 2 2 2 2 2 2 2 2 2 2 2 2 2 2 2 2 2 2 2 2 2 2 2 2 2 2 2 2 2
left_child=1 6 9 4 12 -3 -1 18 -9 26 14 22 13 -4 15 21 50 -16 19 20 24 27 -10 -12 -5 37 36 -11 29 -29 33 32 34 -30 -32 -19 -2 56 39 40 -21 42 -18 44 -20 -46 60 -33 -43 -38 -17 -8 -53 -13 61 -36 -25 -35 59 -59 -27 -22 -63
right_child=2 5 3 7 -6 -7 51 8 11 10 23 53 -14 -15 17 16 41 35 43 38 54 -23 -24 25 -26 46 -28 28 30 -31 31 47 -34 57 55 -37 49 -39 -40 -41 -42 48 -44 -45 45 -47 -48 -49 -50 -51 -52 52 -54 -55 -56 -57 -58 58 -60 -61 -62 62 -64
leaf_value=-0.03795693398739472 -0.103793532243868 -0.037781994195303814 -0.026620459385417874 0.041225581530192693 -0.0037483577924370959 -0.038776211495790011 0.15177793368040071 0.035867688598779382 -0.028627531110914019 -0.006729997277772304 -0.064685932021550888 -0.065085231318621789 -0.024355211492743535 -0.045781610130710262 0.00034719612190097231 0.0095109722774544114 0.0097170582125838626 0.072408817909427867 0.0036781926337777996 -0.072794993959428719 -0.041512519198706736 0.11252926305216625 0.10889114615522646 0.00041670615908109279 -0.054947749007323979 -0.081126726551281725 -0.15309557303006752 0.038483267209246975 0.0040963730038711121 0.011588724352360713 0.017853313603164535 -0.062235213877276513 -0.009720532110907466 0.019001424047349103 0.12577037821180942 -0.053448310589570627 -0.016660027420158909 -0.0021802374133514271 -0.051911358766315363 -0.012804768857145155 -0.00014492350487929073 0.089566606819196093 0.084070642647723751 -0.028208572721240888 0.020455402439943971 0.11073324541066083 -0.035153900646236427 0.10849347698257701 -0.0069450942409613695 0.16808774970630982 0.10278651870139673 -0.1011357161648378 0.14903220283607249 -0.071499745093222641 -0.0059690981222735758 0.052355151290371361 0.028161049589470057 -0.023500137531024756 -0.063033776499840502 0.15983884570197077 -0.1578870481311242 0.028825278255918543 -0.09454922818629341
leaf_weight=146 42 583 392 501 1629 170 136 692 1248 8829 1081 982 1021 1176 17042 2884 562 160 13527 624 331 187 105 74457 2199 76 111 4222 69284 18908 4667 824 1115 1167 520 3268 10719 95008 2952 8770 401 421 684 1705 1473 258 575 130 78 34 77 265 33 284 12841 3595 16968 448 2330 126 78 6069 109
leaf_count=146 42 583 392 501 1629 170 136 692 1248 8829 1081 982 1021 1176 17042 2884 562 160 13527 624 331 187 105 74457 2199 76 111 4222 69284 18908 4667 824 1115 1167 520 3268 10719 95008 2952 8770 401 421 684 1705 1473 258 575 130 78 34 77 265 33 284 12841 3595 16968 448 2330 126 78 6069 109
internal_value=-0.000189497 -0.0253132 -0.000105746 -0.00181391 -0.00900761 -0.0361771 -0.0111963 -0.00126282 -0.0064465 0.000191516 0.000285183 -0.00948608 -0.0140763 -0.0188094 0.000912858 0.00122664 0.00694737 -0.000942594 -0.000931123 -0.00180892 -0.000661902 0.000995212 -0.00380238 -0.0001867 -0.00596089 -0.000141562 -0.00264027 0.000962811 0.00117477 0.00273215 0.000746917 0.00358904 0.00438967 0.000326426 0.00532845 -0.00609521 -0.00239414 -0.000104837 -0.00379263 -0.00260794 -0.0105795 0.0141797 0.0105088 0.00086924 0.00148741 0.00724684 -0.00952544 -0.00471125 0.023332 -0.0022454 0.00268312 -0.00344391 -0.0110533 -0.0155556 7.72606e-05 0.00817599 0.000475198 -0.00349905 -0.0057832 0.00330082 -0.0265737 0.00241892 0.00307457
internal_weight=401299 1333 399966 59289 4218 753 580 55071 3311 340677 329771 2619 2589 1568 141528 121058 4706 20470 51760 34797 22050 116352 1353 188243 2700 187162 10906 116165 107336 23130 84206 10851 9897 73355 8782 3428 10795 186433 12747 9795 1025 1745 1246 16963 15258 1731 729 954 499 10753 2961 434 298 1266 19350 4115 91425 4071 2904 574 154 6509 6178
internal_count=401299 1333 399966 59289 4218 753 580 55071 3311 340677 329771 2619 2589 1568 141528 121058 4706 20470 51760 34797 22050 116352 1353 188243 2700 187162 10906 116165 107336 23130 84206 10851 9897 73355 8782 3428 10795 186433 12747 9795 1025 1745 1246 16963 15258 1731 729 954 499 10753 2961 434 298 1266 19350 4115 91425 4071 2904 574 154 6509 6178
is_linear=0
shrinkage=0.05


Tree=43
num_leaves=64
num_cat=0
split_feature=17 36 14 6 2 3 21 28 6 10 9 2 3 8 10 8 46 18 12 3 14 28 2 30 39 22 21 28 21 3 22 17 24 24 10 21 13 8 27 33 30 12 21 45 6 5 46 1 6 21 10 12 30 33 29 22 29 32 43 24 47 24 39
split_gain=100.147 125.07 75.2527 140.283 49.2788 48.8762 48.1534 45.6172 43.0048 39.155 38.8821 37.1871 37.1841 60.7258 35.3511 33.659 42.0088 34.8381 31.8542 31.2652 29.8147 29.3435 27.6078 27.3455 32.7039 52.7599 35.2094 31.4622 27.1343 26.4411 26.0155 25.496 25.0995 34.0817 26.9816 26.0534 24.6281 24.5751 24.5419 24.4831 32.8796 24.4764 24.071 23.7613 59.6166 40.0151 30.3979 29.6885 29.5865 32.047 31.9365 30.1401 31.6841 28.4252 24.1655 23.7007 23.6244 23.0493 29.776 29.8628 24.2952 23.0659 22.8067
threshold=0.89206923737898125 -0.84615380008453345 -14.67857142857142 -0.60670182183596044 1.7514865285151422 -0.53203247791027886 -0.12593736562504018 1.2832999386245159 0.85460804561725945 53.642857142857146 10.500000000000002 -0.025394046510660195 0.78663869651414353 0.68987341590223272 3.6428571428571437 0.42222221518518538 17.196005235570677 0.023204753009091455 -0.66666672250711301 -0.16633465530962924 -0.14285714285714263 -0.032187244888977992 -0.10644074012491783 5.0930120259046401 41.666664008680321 3847.9234693877561 0.55149748553881062 -0.23913060845931317 1.5525975588366934 0.47852643659297717 140.6377551020409 19.451142287759293 321.16666666666669 8.1666666666666696 27.928571428571434 -0.11013817233899308 -0.20384880341942033 0.73224924924644041 0.28787871104511753 0.71952642681755741 12.160491281355997 1.1321685105077257 0.20817439041377192 33.333332522045779 -1.0621576585142167 4.907692307692308 2.7777780246914028 0.42424240204643887 0.064387604030050963 0.076004972615170904 134.6428571428572 0.51808589716780584 3.3350321764626467 0.005025125605375701 -1.1213749681584864 -217.93622448979599 0.50440548710140198 1.5000000000000002 26.923077300295883 1638557.0000000002 76.842119741279959 68.833333333333357 17.64705882352942
decision_type=2 2 2 2 2 2 2 2 2 2 2 2 2 2 2 2 2 2 2 2 2 2 2 2 2 2 2 2 2 2 2 2 2 2 2 2 2 2 2 2 2 2 2 2 2 2 2 2 2 2 2 2 2 2 2 2 2 2 2 2 2 2 2
left_child=1 10 3 6 5 14 7 -2 11 12 -1 55 18 -14 37 17 -17 -8 31 -5 39 -20 62 28 25 27 57 56 43 -13 -23 -7 33 35 -35 -15 42 -4 -28 40 -16 -22 -27 48 47 -46 -47 53 49 50 51 -11 -53 -45 -52 -3 -25 60 -59 -60 -26 -62 -21
right_child=2 8 4 19 -6 9 15 -9 -10 23 -12 29 13 32 20 16 -18 -19 21 22 41 30 -24 24 26 36 38 -29 -30 -31 -32 -33 -34 34 -36 -37 -38 -39 -40 -41 -42 -43 -44 44 45 46 -48 -49 -50 -51 54 52 -54 -55 -56 -57 -58 58 59 -61 61 -63 -64
leaf_value=-0.061999592833480381 -0.043154292675087705 -0.101634657048086 -0.046328176255246593 -0.048825543032808706 -0.036641922443048806 -0.027078050049324932 -0.055578472095037662 -0.047478335837379038 -0.07622925372663214 -0.0027443165556813478 -0.049365289401661683 -0.041063893060031491 0.0007255736830514615 0.01697587653443593 -0.039552953563521932 -0.060520864978997557 -0.0081948540677470039 -0.0068035256810732138 0.00025798166571522341 0.091524823456448037 0.0054117168273513545 0.013095895261830881 -0.0089821698233012448 -0.087224454368883736 0.034044202761820234 -0.0029416242951484598 0.040462897374486322 0.00065393622276450631 0.063041389168364423 0.10477267143144364 -0.0047882263956452679 -0.078678512616194116 -0.043243723790533831 0.11423892404649956 0.038226772021565748 0.068352102015326155 -0.037254372230431536 -0.055050112915424027 0.12340180760226804 0.09357894463478611 -0.1077647485442725 -0.078198171638626912 0.19940323865058551 -0.082663810272451441 0.00045277216687880097 0.098698143521067261 0.024383978223065705 0.0053422958041418394 -0.0071003670825545932 0.012335068821552254 -0.072351515826767049 0.043484759911942783 0.098187221268165772 -0.0064121308938589472 -0.028150961282209775 0.007481045950368981 0.091024285084914433 -0.0046100913431746269 0.017640864930764999 -0.12755805824900232 0.025976440421038041 -0.037388013934216958 0.020591367895890045
leaf_weight=256 922 27 539 2423 2581 1409 96 600 119 31768 338 1766 2455 527 4207 307 209 1344 72238 274 3104 62277 10899 902 8201 543 1403 42888 567 63 11146 184 51 258 136 908 4287 125 289 167 149 96 98 516 17368 1015 2811 259 33240 17938 670 347 72 225 7862 2406 111 18937 21156 122 435 525 2138
leaf_count=256 922 27 539 2423 2581 1409 96 600 119 31768 338 1766 2455 527 4207 307 209 1344 72238 274 3104 62277 10899 902 8201 543 1403 42888 567 63 11146 184 51 258 136 908 4287 125 289 167 149 96 98 516 17368 1015 2811 259 33240 17938 670 347 72 225 7862 2406 111 18937 21156 122 435 525 2138
internal_value=-0.000195228 -0.00724508 -0.000106718 -0.00315921 4.87786e-05 9.62403e-05 -0.0122466 -0.0189179 -0.00432426 0.000182701 -0.0287746 -0.00349476 0.000797848 0.00536204 -0.00367767 -0.0070523 -0.0180101 -0.00312131 0.000663445 -0.00115005 -0.00272494 0.000740383 -0.000198706 -0.000251893 0.000352813 -0.000572302 0.00123747 -2.15257e-05 -0.000778794 -0.00888142 0.0014443 -0.00636809 0.0121244 0.0130911 0.0261228 0.00950805 -0.00547777 -0.0147493 0.00832989 -0.00533815 -0.00605932 0.000967157 0.00365778 -0.000833062 0.000635079 0.00119821 0.00582708 -0.0112939 -0.00118769 -0.000512214 -0.00128797 -0.000566842 0.0127535 -0.0163878 -0.00400781 0.000552793 -0.00873063 0.000994307 0.000478552 0.00176214 0.0032578 -0.00426518 0.00464118
internal_weight=401299 4975 396324 19212 377112 374531 3478 1522 4381 366144 594 4262 151589 4335 8387 1956 516 1440 147254 15734 7723 145661 13311 214555 99897 48829 51068 43901 114658 1829 73423 1593 1880 1829 394 1435 4928 664 1692 4523 4356 3200 641 114091 22194 21194 3826 1000 91897 58657 40719 32187 419 741 8532 2433 1013 49376 40215 21278 9161 960 2412
internal_count=401299 4975 396324 19212 377112 374531 3478 1522 4381 366144 594 4262 151589 4335 8387 1956 516 1440 147254 15734 7723 145661 13311 214555 99897 48829 51068 43901 114658 1829 73423 1593 1880 1829 394 1435 4928 664 1692 4523 4356 3200 641 114091 22194 21194 3826 1000 91897 58657 40719 32187 419 741 8532 2433 1013 49376 40215 21278 9161 960 2412
is_linear=0
shrinkage=0.05


Tree=44
num_leaves=64
num_cat=0
split_feature=7 8 7 6 14 2 13 21 10 1 41 3 18 33 33 28 8 5 6 2 24 10 2 10 45 22 16 28 34 17 38 5 48 2 34 17 0 25 42 33 2 33 29 5 2 45 35 24 10 29 30 13 21 36 0 0 10 2 30 0 3 21 14
split_gain=329.836 84.2075 74.6131 77.0001 53.0161 43.951 43.1623 35.375 34.5575 33.4868 45.3474 32.3335 31.2578 31.1992 30.4087 30.3431 28.9529 27.216 28.7583 38.6705 40.0595 35.4895 26.154 28.775 25.659 27.4452 25.4361 25.3492 25.2227 24.9175 24.8124 24.7875 22.8693 23.4323 22.6427 22.1489 21.9998 43.3415 21.9126 21.8506 21.794 21.6363 21.5077 31.9786 29.5655 32.8174 29.2718 29.3356 29.2872 28.7051 27.8903 25.3985 22.8783 21.409 21.3394 21.2694 33.3221 42.2235 31.7697 37.3818 30.4744 37.1249 31.4199
threshold=1.0000000180025095e-35 0.85507246164371242 81.749118445298819 -1.2212473088411244 -12.107142857142845 0.017708352050428356 -0.81199669291496546 -0.12593736562504018 516.78571428571433 0.85844675219000999 1.0000000180025095e-35 -0.84238459031585455 0.023204753009091455 0.0089216315669565019 0.082698418625336764 321427.57142857154 0.99999999700149267 -13.124175824175916 -0.014260133658312949 0.59667892254346333 3.5000000000000004 308.9285714285715 1.1417089898178066 8.3571428571428594 45.341626288730488 -247.83418367346903 -0.15712221572238066 1.2832999386245159 -0.068251672150552986 94.746385196799636 84.905688434510864 15.987912087912081 60.000122133884503 0.8676082759349405 -0.65838141451081211 83.839861933120929 2425.8571428571436 118.35714285714288 31.944449683643551 0.062180367181577156 0.52078562450174837 0.011742598206702001 0.065815771363503126 80.329670329670151 0.0096434787970208508 34.433073752662779 7640609.9234694038 100.16666666666667 1106.8571428571429 -0.20930423216155078 99.7551081449012 -0.41900960064101483 -0.022814982377553698 -0.23809540167649706 17.642857142857149 16.357142857142858 20.928571428571434 0.051774713696010603 2.9172233110451447 416.21428571428584 -0.025394067104188244 0.080040525066942661 -3.2499999999999938
decision_type=2 2 2 2 2 2 2 2 2 2 2 2 2 2 2 2 2 2 2 2 2 2 2 2 2 2 2 2 2 2 2 2 2 2 2 2 2 2 2 2 2 2 2 2 2 2 2 2 2 2 2 2 2 2 2 2 2 2 2 2 2 2 2
left_child=1 6 11 4 7 -3 -1 27 13 12 -11 -2 26 29 -15 42 -12 24 19 31 30 -22 35 -24 54 -26 -5 -4 -10 -6 -21 55 33 -31 -8 -20 37 40 -18 -25 -16 -29 43 44 49 51 47 -45 -49 50 -14 -46 -50 -9 -13 -19 57 -57 -59 -60 62 -62 -58
right_child=2 5 3 9 8 -7 34 53 28 10 16 17 15 14 36 -17 38 18 22 20 21 -23 23 39 25 -27 -28 41 -30 32 -32 -33 -34 -35 -36 -37 -38 -39 -40 -41 -42 -43 -44 46 45 -47 -48 48 52 -51 -52 -53 -54 -55 -56 56 60 58 59 -61 61 -63 -64
leaf_value=-0.035053307948896044 -0.045965249800095288 -0.033148888709819795 -0.036408132160286565 -0.054271149905284394 -0.058644620986391172 -0.03475062479770364 0.11349561954313188 -0.052451085361317484 -0.069223416730742726 -0.0015539044562233872 -0.035103406129749229 -0.090454019226294258 -0.010867408695055848 0.092499547553286515 -0.14425538748108288 -0.098698022281250491 -0.078573615919241793 -0.0064443930899946052 -0.00053110303372561063 -0.027408017836414757 0.061256912010920053 -0.11580992207991701 -0.17810549707399664 -0.051427260356332716 -0.075722172581692504 0.008799148485073344 0.020106384748592457 -0.037151110437189265 0.00031476838260016129 0.10458479284896038 0.049990788993569436 -0.064601261829424633 0.078809235566467822 -0.057096572352017462 -0.065716438403855326 0.035969818936095209 -0.092638191305428386 0.085853769471331456 -0.11298973028911692 0.13842684182537052 0.013836304274566081 -0.044191390812293702 -0.016638631724310304 -0.0062398882794359352 0.073200143302550244 0.014988157960853777 -0.059941598399716481 0.10612770017089718 -0.069684307373821947 0.012536111560297814 -0.066519875380797094 -0.025311124949671582 0.02549057135663331 -0.022665759008412657 -0.007998524968757215 0.0075780512173345034 0.030587356087891916 0.048713435206279646 0.11271899656433214 -0.14897518976024934 -0.0020977557192733975 0.013350241071159808 0.0093452018763264585
leaf_weight=146 1274 582 376 222 568 171 153 169 339 1625 963 117 3386 655 72 69 595 9192 183311 693 918 61 206 1052 806 452 141 147 181 112 947 469 72 105 281 2528 97 139 128 101 67 302 15539 419 466 3123 28 574 71 13800 311 13492 119 817 9304 14207 5610 2376 630 56 64110 26725 15532
leaf_count=146 1274 582 376 222 568 171 153 169 339 1625 963 117 3386 655 72 69 595 9192 183311 693 918 61 206 1052 806 452 141 147 181 112 947 469 72 105 281 2528 97 139 128 101 67 302 15539 419 466 3123 28 574 71 13800 311 13492 119 817 9304 14207 5610 2376 630 56 64110 26725 15532
internal_value=-0.000183766 -0.0250131 -0.000100996 -0.00173801 -0.00824897 -0.0360444 -0.0106792 -0.0147121 -0.00338374 -0.00123922 -0.00611428 0.000183884 -0.000927259 -0.000235812 0.00562567 -0.000823879 -0.0118587 0.000213743 0.000294457 0.00083232 0.00685159 0.0148555 -0.000112154 -0.00702303 -0.00227032 -0.00897782 -0.0155467 -0.0223549 -0.0147952 -0.0072862 0.00207 0.00071879 0.00465237 -0.0034316 -0.00275282 -6.15855e-05 -0.00571848 0.00142035 -0.0194233 -0.00394155 -0.0182962 -0.030383 -0.000779203 -0.000104641 -0.000384492 -0.00186434 0.00788126 0.00908207 0.014913 0.00105989 -0.00285224 -0.00290118 -0.00207785 -0.00831052 -0.00137404 0.000757703 0.000923007 0.00296744 0.00829333 0.0177744 0.000607669 0.000209666 0.00231741
internal_weight=401299 1333 399966 59289 4218 753 580 1811 2407 55071 3311 340677 51760 1887 1030 51397 1686 339403 328724 141526 2619 979 187198 1359 10679 1258 363 825 520 857 1640 138907 289 217 434 185839 375 278 723 1153 139 449 51328 35789 34578 17081 1211 1183 764 17497 3697 13958 190 986 9421 138438 129246 17269 3062 686 111977 90835 21142
internal_count=401299 1333 399966 59289 4218 753 580 1811 2407 55071 3311 340677 51760 1887 1030 51397 1686 339403 328724 141526 2619 979 187198 1359 10679 1258 363 825 520 857 1640 138907 289 217 434 185839 375 278 723 1153 139 449 51328 35789 34578 17081 1211 1183 764 17497 3697 13958 190 986 9421 138438 129246 17269 3062 686 111977 90835 21142
is_linear=0
shrinkage=0.05


Tree=45
num_leaves=64
num_cat=0
split_feature=7 8 7 6 11 2 13 20 1 8 6 7 36 27 13 18 0 10 28 33 28 20 35 30 45 12 6 11 18 30 30 13 20 13 18 34 31 37 12 17 34 22 12 2 15 22 12 30 33 42 5 13 33 21 0 29 13 5 23 20 12 6 33
split_gain=327.76 85.3581 70.7168 73.7371 73.1157 43.951 43.7987 37.5903 35.5177 45.3666 32.8386 30.9721 34.6292 29.3487 40.0209 36.0931 36.0854 31.903 33.5272 32.0893 30.0094 31.8027 28.527 28.3489 27.9384 27.8141 27.0337 25.1363 24.6453 23.7415 23.4192 33.1223 30.9949 24.3644 23.6463 22.4446 22.2181 26.973 28.3696 22.0925 21.9729 21.6063 27.643 27.9893 22.6045 21.8475 21.3262 21.1963 20.8877 30.0496 28.0579 23.5644 20.8732 20.4793 20.4283 20.4072 20.2192 26.1627 20.1126 34.175 21.6702 20.0965 20.2381
threshold=1.0000000180025095e-35 0.85507246164371242 79.917304187352258 -0.93202951507340004 0.096638645094802758 0.017708352050428356 -0.81199669291496546 0.59599999374200008 0.85844675219000999 0.33413030680548389 0.32521990559214703 884.05154563535905 -0.33050672631788991 -0.11764733131478529 1.0260314762026594 0.043478259451795856 181.07142857142858 60.500000000000007 0.17894723811635946 8676.4410884500157 -0.30405409794253363 0.62745095024990571 20.81632653061234 0.74218015255156911 9.0909052506866406 1.6230165303771271 0.11319582771065227 0.13333329825396933 0.67010308760229587 14.920879627287587 2.482578846417963 -0.19696454683842107 0.34535235813537551 -0.49394943888860482 0.99999999515735671 -0.29549246043545224 0.49315067986489031 29.824583164123347 1.2499993906251661 4.3283566912178095 -0.65838141451081211 -391.03061224489869 -0.52631592036007058 0.0070296749325450504 1.1999999999999991 340.35714285714147 0.60994496763563488 0.40084052878225412 0.053571427064732106 16.489366156634066 6.914285714285711 -0.14966122671373472 0.0079051382487879008 0.85885925029062116 527.92857142857156 -0.72853778057454954 0.12294555090436377 2.3010989010988454 -0.2200357863030061 0.24528301544836048 -0.46458437257027524 -0.30698758332000281 2718.7927833868785
decision_type=2 2 2 2 2 2 2 2 2 2 2 2 2 2 2 2 2 2 2 2 2 2 2 2 2 2 2 2 2 2 2 2 2 2 2 2 2 2 2 2 2 2 2 2 2 2 2 2 2 2 2 2 2 2 2 2 2 2 2 2 2 2 2
left_child=1 6 13 4 11 -3 -1 36 27 -10 25 12 24 15 17 -2 22 20 19 -19 -15 41 -16 39 -4 -11 -17 -5 -20 -9 34 32 35 -34 -28 55 -6 38 -38 -23 -8 42 -22 -44 45 -43 -18 56 49 51 -50 -46 -12 -13 -48 -32 57 -41 59 -14 -60 -30 -63
right_child=2 5 3 8 7 -7 40 29 9 10 52 53 58 14 16 26 46 18 28 -21 21 23 -24 -25 -26 -27 30 -29 61 -31 31 -33 33 -35 -36 -37 37 -39 -40 47 -42 44 43 -45 48 -47 54 -49 50 -51 -52 -53 -54 -55 -56 -57 -58 -59 60 -61 -62 62 -64
leaf_value=-0.033300642551451237 -0.051127813897452357 -0.03149144427432881 -0.015554863174066414 -0.010777460303260211 -0.025099713335116416 -0.033013093557818458 0.1078208385659753 -0.025584810007628356 0.032922972355331002 -0.029124291254931524 -0.048032236255046205 -0.038642084009494204 0.075208865729275681 -0.0057176854176601566 0.032759640602525744 0.00056836248255836001 -0.026782720632343861 0.0010175742226387287 -0.030226030218174674 0.2153695088754346 -0.10099713450144905 -0.066049437331678895 0.054047035496573595 0.04407536088652475 -0.055406281385213432 0.10521355369255808 -0.0031204124912035617 0.0035794780455415511 0.040941503943122196 -0.092861516500706759 0.053333825210295421 -0.0019403141703528083 0.059876907749417098 -0.045322966994293612 0.055913712621504623 -0.06091890134410325 0.050579165764307682 -0.024277587416003166 0.12299177320374213 0.028927345438248864 -0.062430616483662549 0.0057311407852735918 0.039593493712461618 -0.0051645188359166205 -0.051345550877740509 -0.011512946222310472 0.05072868211763 -0.0082426718660256523 0.042810502738743608 -0.042741151942677406 0.18763992472777941 0.083833051189245514 -0.077430120840937283 0.11069639136042086 -0.050950246000101895 -0.1520048643497578 0.1048376957432839 -0.16396721241046486 -0.039698508181681649 -0.049366249780138594 -0.0089156959537917135 -0.002215964216228983 -0.12818623516809541
leaf_weight=146 1242 582 120 34589 474 171 153 510 686 1172 703 486 89 13343 2778 81701 1540 94988 10857 99 99 494 779 5770 301 116 29804 17466 1025 82 24 3320 417 1110 151 1424 462 290 221 684 281 58402 2898 1465 222 3692 1103 2064 3020 1016 257 1198 589 34 151 319 401 23 772 205 1458 11201 60
leaf_count=146 1242 582 120 34589 474 171 153 510 686 1172 703 486 89 13343 2778 81701 1540 94988 10857 99 99 494 779 5770 301 116 29804 17466 1025 82 24 3320 417 1110 151 1424 462 290 221 684 281 58402 2898 1465 222 3692 1103 2064 3020 1016 257 1198 589 34 151 319 401 23 772 205 1458 11201 60
internal_value=-0.000187005 -0.0249381 -0.000104496 -0.00167439 -0.00719373 -0.0360444 -0.0105068 0.000316316 -0.00112516 -0.00618322 -0.00922251 -0.0116144 -0.00962446 0.00017705 0.000520172 -0.000453469 0.00443152 0.000403675 -0.000144591 0.000270752 0.00108571 0.00144477 0.00777178 0.00417492 -0.0229043 -0.00356727 -0.000364378 -0.000807702 -0.00185131 -0.0102939 -0.00149429 -0.00418727 -0.0077396 -0.00251784 -0.000899513 -0.0122489 0.00466105 0.00898674 0.0144122 0.000735114 -0.00252246 0.00108822 0.00445866 0.0050526 0.000866355 0.000589347 0.000177159 0.00226821 0.00387618 0.000367391 0.00648287 0.00506654 -0.0148557 -0.0228706 0.00501954 -0.0237394 0.00784676 0.00275067 -0.0074066 -0.0197042 -0.00578225 -0.000317025 -0.000927529
internal_weight=401299 1333 399966 60825 5504 753 580 2039 55321 3266 2580 3465 2945 339141 219629 119512 6351 213278 118230 95087 95048 81705 3557 9436 421 1288 118270 52055 23143 592 36569 6614 3294 1527 29955 1767 1447 973 683 3666 434 72269 4462 4363 67807 62094 2794 3172 5713 2436 3277 1420 1292 520 1254 343 1108 707 2524 294 2230 12286 11261
internal_count=401299 1333 399966 60825 5504 753 580 2039 55321 3266 2580 3465 2945 339141 219629 119512 6351 213278 118230 95087 95048 81705 3557 9436 421 1288 118270 52055 23143 592 36569 6614 3294 1527 29955 1767 1447 973 683 3666 434 72269 4462 4363 67807 62094 2794 3172 5713 2436 3277 1420 1292 520 1254 343 1108 707 2524 294 2230 12286 11261
is_linear=0
shrinkage=0.05


Tree=46
num_leaves=64
num_cat=0
split_feature=7 8 7 3 21 2 13 7 20 35 46 18 3 7 23 27 12 15 21 39 17 13 8 7 27 25 3 7 8 17 10 41 30 45 3 47 20 21 13 30 15 25 3 27 45 29 15 26 9 20 47 7 12 22 8 9 21 3 45 20 10 30 29
split_gain=327.965 83.3273 65.4599 60.2509 49.2103 45.7562 43.1623 42.3767 37.3799 46.8579 39.5241 32.6321 30.7741 31.2461 26.5072 25.5273 24.8466 26.0608 27.1738 23.4752 41.3003 43.6741 45.8246 27.3967 23.2794 27.8735 32.509 27.0513 23.0536 26.3064 26.6982 22.8743 54.5823 33.0837 25.6811 41.8538 41.6573 28.8671 26.7984 26.3203 23.9707 23.1128 30.3304 27.4532 23.9239 23.8647 23.396 23.0949 22.6181 22.61 22.3101 22.0659 21.5138 21.4412 21.4008 21.3292 21.301 20.17 19.2849 22.9563 19.0358 27.0551 25.9787
threshold=1.0000000180025095e-35 0.85507246164371242 81.749118445298819 1.6101275461699247 0.55149748553881062 0.017708352050428356 -0.81199669291496546 884.05154563535905 0.33630518479487898 787.45918367347019 35.294124792395039 0.023204753009091455 -0.53203247791027886 2.1092382450636 -0.10666666770513714 -0.29097322349025839 0.83486707172620911 -1.5912087912087938 -0.13843723606292282 66.153927664432075 44.433394308430088 0.94905736248291805 0.8591549205018848 2.9726625962018711 0.015104345145052602 2.9285714285714293 0.43112539705445124 18.44517523608479 0.99577164708038357 88.76982388068258 219.64285714285717 0.47393299128472061 11.713414310209107 20.987651872427467 0.18210781791333552 47.183108299461345 0.39393935912152145 -0.09356731956549029 0.4904457712686181 381.76316786272463 -9.4032967032967125 41.642857142857146 1.216535760250016 -0.19230775573224337 38.647865925717859 0.059803293547162552 30.571428571428573 -0.15061502180286676 6.5000000000000009 0.039115457583616307 59.523817525515788 6.0693271346387254 -0.21052638123268144 -1376.841836734694 0.36521738892249533 4.5000000000000009 -0.27626532146596344 0.061803602638784559 11.764692945490653 0.37021275860570418 322.50000000000006 2.5951169596116745 -0.8010885041258512
decision_type=2 2 2 2 2 2 2 2 2 2 2 2 2 2 2 2 2 2 2 2 2 2 2 2 2 2 2 2 2 2 2 2 2 2 2 2 2 2 2 2 2 2 2 2 2 2 2 2 2 2 2 2 2 2 2 2 2 2 2 2 2 2 2
left_child=1 6 12 11 7 -3 -1 8 9 -5 -11 52 13 15 -10 -2 17 18 51 28 21 23 -23 -21 -25 26 27 -26 29 30 50 40 -33 34 -34 49 37 -37 -38 -39 47 44 43 -43 46 -45 -42 54 -27 -36 -14 -15 -4 -29 -13 -47 -44 -50 59 -22 -46 -62 -63
right_child=2 5 3 4 -6 -7 -8 -9 14 10 -12 31 19 16 -16 -17 -18 -19 -20 20 58 22 -24 24 25 48 -28 53 -30 -31 -32 32 33 -35 35 36 38 39 -40 -41 41 42 56 45 60 55 -48 -49 57 -51 -52 -53 -54 -55 -56 -57 -58 -59 -60 -61 61 62 -64
leaf_value=-0.031635610423878677 -0.093262862224395379 -0.029916872060612366 -0.044134385936449368 -0.029323370183668776 0.012617051649732281 -0.031362438879927533 -0.030652936428380254 -0.038886153611973201 -0.045596616520360761 0.097750281549377246 -0.080093786482079196 -0.060650093820613073 0.0047053629473814869 0.12356647140754162 -0.029941750322160121 -0.0011852759193853313 -0.10778863770122296 0.0048414547485589937 -0.043277167995154665 -0.011222760312689407 0.084752043490833096 0.012293858497970956 0.059342822386001616 0.0025061467789411654 0.025621678499784386 0.040168791293966291 -0.049573504064546192 0.052398146711450447 -0.0047052382200858389 0.037793439177938537 -0.015851301323847822 -0.029738762021843002 0.011403895277118936 -0.024110080136903567 0.12929994410133563 -0.028231421595573417 -0.02008724378799194 0.10036599682686637 -0.10057927271458836 -0.022385234882902408 0.00015636149252196141 -0.068906237051837765 -0.098451686592721188 0.003937215765719637 0.051294072497824611 -0.052688564934658455 0.097787795397759239 -0.00027674584196455413 0.00097974269223308772 -0.11573938538625959 -0.0016447536591860602 0.011711450693180803 0.023397721102790259 -0.0088896866911431505 -0.034632768851809458 -0.0028971239994851406 0.12140926523795154 0.041994804350992947 -0.0031943328298600806 -0.057644127456531406 -0.061419146538647135 0.28389366611504813 -0.00019789867792219251
leaf_weight=146 438 582 345 691 782 171 434 782 551 270 56 546 83871 42 1666 247 166 4305 2697 7925 215 3160 1620 60113 10689 11063 1305 371 19005 3114 8732 12872 10450 6860 30 579 243 546 250 214 6613 379 20 6177 3286 1093 243 1210 7736 200 99870 480 123 5714 453 1163 112 2916 2788 2095 206 42 236
leaf_count=146 438 582 345 691 782 171 434 782 551 270 56 546 83871 42 1666 247 166 4305 2697 7925 215 3160 1620 60113 10689 11063 1305 371 19005 3114 8732 12872 10450 6860 30 579 243 546 250 214 6613 379 20 6177 3286 1093 243 1210 7736 200 99870 480 123 5714 453 1163 112 2916 2788 2095 206 42 236
internal_value=-0.00017928 -0.0249381 -9.67457e-05 -0.00163006 -0.00700173 -0.0359116 -0.0106792 -0.00923657 -0.0067082 0.00122407 0.0168507 -0.00115698 0.000170088 -0.00282325 -0.0103491 -0.0130565 -0.0019109 -0.00148789 -0.00489112 0.000245545 0.000812972 0.00101228 0.00568921 0.000804909 0.00102941 0.0019675 0.000516895 0.00110855 -6.56828e-05 9.58397e-05 2.2055e-05 -0.00104298 -0.00188856 -0.000211386 0.00131832 -0.00378013 -0.00125266 0.00331939 -0.0136788 0.00972898 0.000208686 0.00076622 -0.00110632 -0.00146333 0.00234282 -0.000870973 0.000582693 -0.00472817 0.00317498 -0.0238809 0.000150456 0.00554491 -0.0143025 -0.00155215 -0.0103543 -0.00527237 0.0226722 0.00152975 -0.00358859 -0.00696723 0.00554229 -0.00370791 0.00645451
internal_weight=401299 1333 399966 59289 4798 753 580 4016 3234 1017 326 54491 340677 8375 2217 685 7690 7524 3219 332302 117710 112612 4780 107832 99907 39794 18079 16774 214592 195587 192473 54023 32244 19372 12512 2062 1832 1339 493 760 21779 19570 8944 8812 10626 8433 6856 2209 21715 230 183741 522 468 6085 999 2256 132 10652 5098 2310 3770 484 278
internal_count=401299 1333 399966 59289 4798 753 580 4016 3234 1017 326 54491 340677 8375 2217 685 7690 7524 3219 332302 117710 112612 4780 107832 99907 39794 18079 16774 214592 195587 192473 54023 32244 19372 12512 2062 1832 1339 493 760 21779 19570 8944 8812 10626 8433 6856 2209 21715 230 183741 522 468 6085 999 2256 132 10652 5098 2310 3770 484 278
is_linear=0
shrinkage=0.05


Tree=47
num_leaves=64
num_cat=0
split_feature=17 8 9 14 6 6 23 34 21 2 9 3 23 10 13 14 15 45 4 47 3 2 41 3 6 8 2 28 27 33 3 14 37 3 19 29 21 41 2 33 6 16 49 35 42 36 20 20 11 41 17 15 0 12 28 10 20 20 47 5 35 14 30
split_gain=93.624 123.806 104.049 65.7898 116.668 51.3139 50.6123 41.5803 39.1855 33.3681 32.6699 30.6021 41.7656 34.8777 28.4923 47.751 40.9901 38.0938 35.3228 26.5343 25.535 29.9169 30.7576 34.6563 24.4307 24.3395 24.1138 23.652 23.4191 26.7907 23.2529 23.1551 23.014 36.7973 36.6629 31.3159 28.0538 29.7664 26.8941 26.2578 33.1772 28.81 26.2137 25.4461 24.901 22.8319 22.2426 21.1785 26.2508 21.394 21.1505 20.9367 35.0645 24.3095 21.4586 23.7625 23.5282 20.4072 20.3742 25.2606 20.3571 20.2041 20.158
threshold=1.3701566210955571 0.9707804054486886 12.500000000000002 -14.67857142857142 -0.77184268146337653 0.85460804561725945 -0.14734533747586523 -2.6935576653618711 -0.19266229293814213 -0.019237756116545848 8.5000000000000018 -0.53203247791027886 -0.5533465412354357 53.642857142857146 0.32505728089041463 -0.60714285714285487 -9.4032967032967125 32.812500386047432 0.42857142857142949 82.089617113064932 -0.16304357378306908 -0.020476170333611498 0.86205914907442172 0.10690578152863882 -0.20404805691118888 0.89999999792857155 -0.23333338103703383 1.39999496001176 -0.4400001175999726 0.034862384985270563 0.66926574535151973 0.14285714285714357 17.646855293262877 -0.0069042845684784493 2.5000000000000004 -5.1845017978903156 -0.10583313363722628 3.9215602446117104 0.25179852766096639 0.03348960236190076 -0.024209968188615396 0.37704328786632224 1.0192844181958345 2321.0969387755076 19.999999479999918 0.059414672110201155 1.8465987562346324 0.49936197019158496 -0.37558145221864953 3.4482566557529117 21.710995986317151 3.1296703296703288 470.92857142857144 0.38596484136144832 -0.15492970243997142 122.50000000000001 0.996983387839944 0.2520782814999758 60.000000393103512 3.0351648351648088 -0.091836734693877528 31.535714285714295 2.5951169596116745
decision_type=2 2 2 2 2 2 2 2 2 2 2 2 2 2 2 2 2 2 2 2 2 2 2 2 2 2 2 2 2 2 2 2 2 2 2 2 2 2 2 2 2 2 2 2 2 2 2 2 2 2 2 2 2 2 2 2 2 2 2 2 2 2 2
left_child=1 5 24 4 6 28 10 -5 27 -4 -2 12 -9 14 16 -16 62 50 -19 32 -6 -22 -23 -24 -3 58 31 -8 29 30 -1 -14 34 39 42 -35 37 -37 -39 47 -41 -42 -15 -43 -40 -29 -25 48 -34 61 -17 52 54 -53 -21 56 -56 -12 -18 -60 -31 -50 -13
right_child=3 2 9 7 20 -7 8 11 -10 -11 57 13 26 19 15 17 25 18 -20 51 21 22 23 46 -26 -27 -28 45 -30 60 -32 -33 33 35 -36 36 -38 38 44 40 41 43 -44 -45 -46 -47 -48 -49 49 -51 -52 53 -54 -55 55 -57 -58 -59 59 -61 -62 -63 -64
leaf_value=-0.028431727397134177 -0.049627198209896389 0.11968802516192845 0.16068532986688377 -0.045874056287972864 -0.045855056014553731 -0.071616593833555425 -0.029863691489484336 -0.064742628173948893 -0.018131318090745176 -0.025536261112118444 0.17188403659218401 -0.019627416038199175 -0.044520836710310464 0.0599094975646568 -0.0051438834648400711 0.022797976313543633 0.0124449924675075 0.014956880240548955 0.087900162412421851 -0.048434435204946794 0.017514256766509997 0.0092042510443157786 -0.010688533455730087 -0.069316166953535194 -0.04527723101575732 -0.0046283742902251349 0.0026919771157432938 -0.031563066348626156 -0.00086070852260227153 -0.042277651518341036 -0.12819930309959895 0.0046585687873569983 0.074977365436406859 -0.060628655200217985 -0.0001732140847328534 -0.0075965735134531981 -0.0022954219810306319 -0.023271660797950268 -0.055390662074716525 0.028677125533913751 -0.00018816603410076738 0.026993730843393141 0.015152896553330431 0.13148792512710003 -0.10402531368398155 -0.034062223955660192 0.096351413562525218 0.0013003921906921791 -0.0037380058221832438 -0.045808999371682327 -0.063404387471269863 -0.056725607626961598 0.053545404084117655 -0.011291639097350271 -0.0046196299088935742 -0.069816148866509137 0.067368666878617978 -0.046826279651953517 0.0034798622862485477 -0.037393051714560178 -0.093106118025710963 -0.084077367424600535 -0.0704095165483591
leaf_weight=1913 608 58 25 1276 2487 155 299 189 1643 445 44 454 3044 991 7019 10382 48477 1183 2032 2404 5768 3410 2628 1879 798 22946 3695 88 4877 214 39 1191 357 659 41629 11667 58055 3553 583 8124 34205 4059 15306 867 514 169 106 10839 8665 3929 392 951 992 1258 4284 740 766 83 52508 2738 174 128 338
leaf_count=1913 608 58 25 1276 2487 155 299 189 1643 445 44 454 3044 991 7019 10382 48477 1183 2032 2404 5768 3410 2628 1879 798 22946 3695 88 4877 214 39 1191 357 659 41629 11667 58055 3553 583 8124 34205 4059 15306 867 514 169 106 10839 8665 3929 392 951 992 1258 4284 740 766 83 52508 2738 174 128 338
internal_value=-0.000180028 -0.00531093 -0.0193764 -6.63396e-05 -0.00291977 -0.00278008 -0.0120974 8.04657e-05 -0.00829658 -0.0382791 -0.0234594 0.000111377 -0.00292459 0.00017911 0.000768813 0.002475 0.000487561 0.0041636 0.00894062 -0.000227097 -0.0012652 -0.000423824 -0.0023987 -0.00506059 -0.00898844 0.000558502 -0.00237008 -0.0197716 -0.00216777 -0.00627965 -0.00389068 -0.00494557 -9.59927e-05 -0.000430186 0.000747418 -0.00120277 -0.00110653 -0.00293833 -0.00632137 0.000384204 0.0010675 0.000463698 0.00275785 0.00403869 -0.0131665 -0.0309024 -0.0100474 -0.000965587 -0.00232011 -0.0026957 0.00273758 -0.00257523 -0.0015235 -0.00694627 -0.00259882 -0.000949034 0.000276232 -0.000354052 0.000884518 0.00022798 -0.0182814 -0.00132433 -0.0108509
internal_weight=401299 8698 1326 392601 19212 7372 2934 373389 2199 470 735 372113 8119 363994 148469 21008 127461 13989 3215 215525 16278 13791 8023 4613 856 126669 7930 556 7217 2340 1952 4235 204130 146204 57926 75031 74372 16317 4650 71173 47255 39131 16297 4926 1097 257 1985 23918 13079 12722 10774 11395 9186 2209 8194 5790 5050 127 103723 55246 388 8793 792
internal_count=401299 8698 1326 392601 19212 7372 2934 373389 2199 470 735 372113 8119 363994 148469 21008 127461 13989 3215 215525 16278 13791 8023 4613 856 126669 7930 556 7217 2340 1952 4235 204130 146204 57926 75031 74372 16317 4650 71173 47255 39131 16297 4926 1097 257 1985 23918 13079 12722 10774 11395 9186 2209 8194 5790 5050 127 103723 55246 388 8793 792
is_linear=0
shrinkage=0.05


Tree=48
num_leaves=64
num_cat=0
split_feature=7 8 14 6 25 5 13 21 28 1 25 25 27 27 39 13 0 28 28 6 6 15 3 21 8 36 33 34 11 17 8 4 0 3 47 15 13 18 6 41 25 0 6 20 6 8 15 41 10 3 33 13 33 3 5 12 16 7 1 17 33 10 15
split_gain=326.014 84.4719 60.5333 110.659 53.0081 43.9356 43.7987 40.6015 38.0439 35.9795 28.6854 40.126 33.2838 30.5398 43.2694 30.7491 30.0972 28.1971 27.8754 32.5153 33.3443 31.5421 30.876 30.2002 30.1637 27.7195 27.1641 27.1281 27.1225 27.0329 26.6364 25.7456 27.335 25.0694 24.3801 32.9605 29.4601 23.2197 23.0475 34.1024 23.6222 22.7037 22.3374 22.4608 28.6485 24.0239 22.0851 21.8305 21.3893 23.2793 32.3497 26.2233 34.6431 24.0725 22.7612 23.4412 26.1986 21.3727 21.2337 21.172 21.9263 20.3632 20.7805
threshold=1.0000000180025095e-35 0.85507246164371242 -14.67857142857142 -0.70971183074271249 21.214285714285719 1.0000000180025095e-35 -0.81199669291496546 -0.49597749491168558 1.2832999386245159 1.4507855915496055 908977.71428571444 1071340.642857143 0.11339783715919571 -0.13333335786764622 64.02600061480986 0.8333328283180409 167.78571428571431 0.091685720638026866 -0.99606299255998498 -0.40921583704897085 0.85460804561725945 3.826373626373623 0.43112539705445124 0.46551573052690115 0.24591498683738408 -0.26211161281963052 0.066058343051591459 -0.32159234365920403 0.18277713461212677 4.9795495949067217 0.34658845327805032 -0.57142857142857906 806.64285714285722 -0.68118604763108359 77.777781208113552 5.1912087912087896 0.33333331130769933 0.56521738577504743 0.047140833449432207 3.1999965519992735 9.071428571428573 187.21428571428572 0.67680791104384208 0.8387095985085059 -0.60670182183596044 0.67777037601709011 7.8362637362637297 3.2257968001995523 50.214285714285722 -0.0069042845684784493 0.03348960236190076 0.22106722777334428 0.010269923282621702 1.0652389965096647 -26.672527472527495 -0.10695187917941598 0.36871912584101157 2.1092382450636 0.19539530139611402 16.436643932521253 0.0040816325655976008 174.92857142857147 10.500000000000002
decision_type=2 2 2 2 2 2 2 2 2 2 2 2 2 2 2 2 2 2 2 2 2 2 2 2 2 2 2 2 2 2 2 2 2 2 2 2 2 2 2 2 2 2 2 2 2 2 2 2 2 2 2 2 2 2 2 2 2 2 2 2 2 2 2
left_child=1 6 3 4 25 -3 -1 9 -6 -4 13 17 16 18 27 26 37 -12 22 21 24 58 -9 -23 57 41 47 -15 -17 -18 -11 -24 -33 -5 36 -36 -28 -13 -26 40 -40 -2 43 45 46 -30 -45 -16 -29 50 -50 -51 59 -54 -52 -56 -57 -21 -20 -53 -61 -49 -63
right_child=2 5 7 33 8 -7 -8 10 -10 30 11 12 -14 14 15 28 29 -19 19 20 -22 23 31 -25 38 -27 34 48 42 -31 -32 32 -34 -35 35 -37 -38 -39 39 -41 -42 -43 -44 44 -46 -47 -48 61 49 51 54 52 53 -55 55 56 -58 -59 -60 60 -62 62 -64
leaf_value=-0.03009965436176737 0.11890012111599789 -0.026139076309244759 -0.016613392149466423 -0.091706635652239299 -0.035173006319230142 -0.026607213784778563 -0.028387978708967844 0.0017070769274957877 -0.036404476566079445 0.0030205992594798392 -0.08028798689595551 -0.0012713797997225386 -0.088856453364837926 -0.024182177488740787 0.0051687950829470974 0.0085957017041560675 0.11200937715604416 0.20182416469375913 -0.030222586248793218 -0.086817978125283857 -0.069667075940559028 -0.080796241186038384 -0.0056272466705528327 0.009074263646281 0.0028458846769402694 -0.018418983036042225 0.025288908121257239 0.0067055381592450395 0.003927402798741042 -0.0149964437306513 -0.070730657971635191 0.065657533363490991 -0.066296117811280322 -0.0064333565443963408 0.0015491859422156031 -0.079711199169331434 0.051147388558651044 0.12244044893710833 0.00098989776972540082 -0.029324110183185551 -0.019336236557856702 -0.045228511579953834 -0.043777454619153125 0.031989706093325944 0.053307983855082654 0.056720725387240295 -0.082419174654870031 -0.0055972065321818754 -0.0046769276520615575 -0.0061817845955035814 -0.045986207299019879 0.036570651744381059 0.0081484808994317873 0.047717075076610098 0.031317202193583964 -4.8314856205733393e-05 0.039637266987310009 -0.027415093639972576 0.021843686255396989 -0.0052267590492152127 -0.070837358865078623 -0.098521692993252863 0.05197864220750819
leaf_weight=146 22 583 7574 130 606 170 434 22483 409 206 1540 249 344 4003 33929 3331 95 67 5677 135 676 531 971 172 44945 1663 24147 45270 475 2049 544 1845 61 15949 6809 259 2750 364 22782 9657 5318 430 167 115 340 1982 155 10345 14236 42157 856 556 13147 769 10768 25268 4660 2146 1046 1061 1009 575 141
leaf_count=146 22 583 7574 130 606 170 434 22483 409 206 1540 249 344 4003 33929 3331 95 67 5677 135 676 531 971 172 44945 1663 24147 45270 475 2049 544 1845 61 15949 6809 259 2750 364 22782 9657 5318 430 167 115 340 1982 155 10345 14236 42157 856 556 13147 769 10768 25268 4660 2146 1046 1061 1009 575 141
internal_value=-0.000178034 -0.0248631 -9.57456e-05 -0.00283433 -0.0114357 -0.0359116 -0.0105068 4.24024e-05 -0.0208305 -0.00341118 0.000119605 -0.00375842 -0.000433717 0.00016927 0.000483372 0.00139494 0.00139458 -0.0101705 -0.000491747 -0.000892141 -0.000616922 -0.00406606 0.000977717 -0.0141445 -0.00052887 -0.00692402 0.00112146 7.29726e-06 0.0046831 -0.00139686 -0.0138582 0.00585485 0.00923089 -0.00115958 0.00218886 -0.000423735 0.00287559 0.0111646 -0.000372361 -0.00128307 -0.000401956 -0.0179053 0.00794502 0.00891559 0.00031962 0.0110476 -0.011829 0.000315514 0.000109197 -0.00025457 0.000476715 -0.000949674 0.00073721 0.00173145 0.00118153 0.00135136 0.000631346 -0.00620096 -0.00301126 -0.00452953 -0.00685716 -0.00161331 -0.00976819
internal_weight=401299 1333 399966 19209 3130 753 580 380757 1015 8324 372433 4708 3101 367725 249280 85520 2757 1607 118445 93085 85659 7426 25360 703 84983 2115 78955 163760 6565 2144 750 2877 1906 16079 33965 7068 26897 613 82702 37757 28100 452 3234 3067 610 2457 270 44990 159757 114487 55788 58699 16542 13916 41552 40696 29928 2281 6723 2626 2070 11061 716
internal_count=401299 1333 399966 19209 3130 753 580 380757 1015 8324 372433 4708 3101 367725 249280 85520 2757 1607 118445 93085 85659 7426 25360 703 84983 2115 78955 163760 6565 2144 750 2877 1906 16079 33965 7068 26897 613 82702 37757 28100 452 3234 3067 610 2457 270 44990 159757 114487 55788 58699 16542 13916 41552 40696 29928 2281 6723 2626 2070 11061 716
is_linear=0
shrinkage=0.05


Tree=49
num_leaves=64
num_cat=0
split_feature=7 8 7 29 11 5 13 3 21 21 11 28 20 29 5 14 7 6 12 6 4 3 5 20 7 47 6 13 10 6 31 16 20 24 45 3 15 21 11 41 47 12 35 24 29 17 29 3 45 24 13 5 13 20 21 17 20 47 20 29 8 47 6
split_gain=326.277 84.4719 58.8561 60.0977 46.8271 43.9356 43.7987 38.4604 62.154 35.9996 34.4584 34.1334 48.5424 36.4422 33.7679 29.4704 26.5643 26.9201 26.4944 33.4016 30.6476 32.1213 25.1678 23.8883 23.2774 22.7867 22.3477 25.5046 23.9729 22.289 21.9427 29.9937 22.988 24.2285 21.9324 21.4001 32.2251 44.5404 37.4555 29.0736 23.7628 22.9021 24.037 27.4668 26.7982 26.6233 22.4805 21.0561 24.0906 23.9947 20.4722 27.8292 28.6492 22.7677 21.8604 20.4341 26.6285 26.3312 20.2051 25.3807 24.9382 20.6164 20.1113
threshold=1.0000000180025095e-35 0.85507246164371242 44.606671039246386 -1.3498211945769267 -0.12878789363808499 1.0000000180025095e-35 -0.81199669291496546 0.091030961703603308 -0.30449862072351364 -0.12844082071282586 0.045161276836628801 0.63256551594582622 0.27242307796215953 -0.1301188319621597 -9.4648351648351809 -23.732142857142858 1.7670358322806297 0.85460804561725945 0.36363626119146775 0.17263771537805117 0.39285714285714252 0.16763073623751387 8.2527472527472465 0.15856423473907832 2.1092382450636 59.223304678104299 -1.2212473088411244 2.5156936226109168 623.50000000000011 0.27509754453875024 0.41666665219907456 -0.55181933412755535 0.86752389813821884 1193.8333333333337 51.612904521333256 -0.23537657002530468 -0.54285714285714526 -0.032151666769839445 0.14130431991375297 0.7873635141074572 83.098600182507582 -0.22590454879001884 -352.39285714285677 799130.16666666674 -0.84615273155943138 25.83582385979663 0.13400130896534604 0.18210781791333552 43.750018867228796 112.83333333333336 -0.34055925709458573 -55.741758241758291 -0.015523707139177348 0.68722869989266777 0.40537141175712638 47.614309287583545 0.059512348296676607 77.777781208113552 0.68722869989266777 -0.46411455549913933 0.8313252970314996 56.410262718610362 0.020927828593497105
decision_type=2 2 2 2 2 2 2 2 2 2 2 2 2 2 2 2 2 2 2 2 2 2 2 2 2 2 2 2 2 2 2 2 2 2 2 2 2 2 2 2 2 2 2 2 2 2 2 2 2 2 2 2 2 2 2 2 2 2 2 2 2 2 2
left_child=1 6 14 4 9 -3 -1 35 -9 15 22 -12 13 -13 24 -4 17 -16 25 20 -20 -22 -10 -23 -2 62 28 -28 -24 58 31 -6 33 -32 -25 36 37 38 -5 -38 41 42 43 44 -37 -46 -47 48 -26 -49 55 52 -52 -53 -54 -43 -57 -58 60 61 -14 -60 -18
right_child=2 5 3 7 30 -7 -8 8 10 -11 11 12 29 -15 16 -17 18 -19 19 -21 21 23 26 34 47 -27 27 -29 -30 -31 32 -33 -34 -35 -36 40 39 -39 -40 -41 -42 50 -44 -45 45 46 -48 49 -50 -51 51 53 54 -55 -56 56 57 -59 59 -61 -62 -63 -64
leaf_value=-0.028594671643679001 -0.081242469404614256 -0.02483212249378252 -0.033607509890615742 -0.03514136362376008 -0.058884777291243223 -0.025276853095539634 -0.026968579773519442 -0.036692649813912084 -0.011890357225999093 -0.033775640430607733 -0.0026908220603201641 0.087937032161221229 -0.024807179549052618 -0.033127184597819513 -0.026924104484228883 -0.046425220811805189 0.011161221725370419 -0.086464322704920424 0.0089143468497757013 -0.00074009771632477239 0.025110091819785896 0.11866479008653702 -0.034748077082101286 0.039287961312542842 -0.017631168450686487 -0.00059176254941739614 -0.037714016036809378 0.03404699055416309 -0.041218732803607307 -0.045478759830667272 0.025698756204443729 -0.005788328692888145 -0.065252561987334798 -0.1047214598506061 0.084497817816867452 -0.062321701579071034 0.030506203265446088 -0.059541497544599191 0.063467769599361068 -0.029896834514051163 -0.026929428202416728 0.011163788616355098 0.0025906578417546513 -0.068172320829569616 0.017566703454441047 0.077974821591685284 -0.021051145860542464 0.0089471865617698487 -0.049842244485428157 0.14889515215137519 -0.14009832833429967 -0.0013517426224080476 0.029919252095115124 0.028775149334469965 -0.14576124448972036 -0.10829246597965088 0.1001914905189687 -0.11426022377554218 0.048973106000458677 0.039885215085340001 0.068802010020622056 -0.10752687600178917 0.00044935481995076468
leaf_weight=146 48 583 389 1782 622 170 434 5908 12115 1148 12912 571 364 167 4744 360 58534 76 7169 11253 4230 174 356 4073 6682 132498 4894 294 171 177 1240 929 83 48 450 56 1973 2199 567 1620 3668 1747 4410 192 1222 1460 205 1693 1017 156 334 45276 291 3746 67 33 593 31 45 168 725 204 51807
leaf_count=146 48 583 389 1782 622 170 434 5908 12115 1148 12912 571 364 167 4744 360 58534 76 7169 11253 4230 174 356 4073 6682 132498 4894 294 171 177 1240 929 83 48 450 56 1973 2199 567 1620 3668 1747 4410 192 1222 1460 205 1693 1017 156 334 45276 291 3746 67 33 593 31 45 168 725 204 51807
internal_value=-0.000168067 -0.0248631 -8.57448e-05 -0.00103843 -0.00650433 -0.0359116 -0.0105068 -0.000800095 -0.0020615 -0.0126219 -0.00121958 0.00051816 0.0059663 0.0166576 0.0003004 -0.021152 0.000402152 -0.0032769 0.000467804 0.00194321 0.00340424 0.00535952 -0.00271423 0.00820613 -0.00261512 0.000301619 -0.0054496 -0.00445153 -0.0152628 0.00127443 -0.00253071 -0.00660499 0.00207498 0.00372254 0.00750481 -0.000110463 -0.00252361 -0.0053198 -0.00052999 0.00101444 0.000199665 0.000439887 0.00301454 0.00636184 0.00755836 0.00822452 0.0123386 -0.00243975 -0.00359068 0.00234979 6.70592e-05 -0.000150762 -0.0101069 -1.00975e-05 -0.000265289 0.00457344 0.012091 0.0144128 0.00325012 -0.00610165 0.00683592 -0.0162385 0.000832373
internal_weight=401299 1333 399966 115362 4819 753 580 110543 39071 1897 33163 15333 2421 738 284604 749 275008 4820 270188 27349 16096 8927 17830 4697 9596 242839 5715 5188 527 1683 2922 1551 1371 1288 4523 71472 8141 4548 2349 3593 63331 59663 7545 3135 2943 2887 1665 9548 7699 1849 52118 49714 692 49022 358 2404 657 624 1506 417 1089 249 110341
internal_count=401299 1333 399966 115362 4819 753 580 110543 39071 1897 33163 15333 2421 738 284604 749 275008 4820 270188 27349 16096 8927 17830 4697 9596 242839 5715 5188 527 1683 2922 1551 1371 1288 4523 71472 8141 4548 2349 3593 63331 59663 7545 3135 2943 2887 1665 9548 7699 1849 52118 49714 692 49022 358 2404 657 624 1506 417 1089 249 110341
is_linear=0
shrinkage=0.05


Tree=50
num_leaves=64
num_cat=0
split_feature=7 8 4 2 13 7 3 21 26 23 20 7 14 6 33 3 3 23 7 12 24 2 6 24 8 11 45 12 49 21 6 4 10 10 33 20 21 43 13 27 2 35 45 37 4 8 33 20 45 33 27 42 25 2 16 29 25 42 23 21 12 16 27
split_gain=320.149 85.8909 56.0498 45.223 45.0855 44.149 43.7639 55.4328 34.5075 33.3652 31.894 35.0633 31.8776 43.3051 38.1451 30.9621 29.3466 41.1544 28.9002 25.3843 26.3256 29.4657 24.6234 32.8197 31.5846 42.0152 24.0345 23.9436 23.9287 23.5135 23.4104 29.8399 23.1694 22.9076 34.3046 22.8597 22.6207 22.5027 22.1215 23.3141 21.6966 29.5838 28.4098 22.57 30.105 20.7731 21.0263 20.7691 20.7204 24.9624 27.0743 23.5898 22.9015 24.9728 21.9318 21.7158 20.4722 19.8632 22.3911 19.6295 21.9616 19.3373 19.3277
threshold=1.0000000180025095e-35 0.85507246164371242 -242.28571428571476 0.017708352050428356 -0.81199669291496546 44.606671039246386 0.091030961703603308 -0.12844082071282586 -0.13846156828402242 -0.074784980781541346 0.59999999410461013 89.914244732703068 -21.035714285714281 -0.77184268146337653 0.011128697483240552 0.15466354108342209 -0.31331891224696279 -0.5533465412354357 1942.5986536628823 0.42203362199469702 1.5000000000000002 0.27999998065454584 0.024158980910656356 1638557.0000000002 0.31428570755102064 -0.36933514631051789 51.612904521333256 -0.44836523586369248 1.4451588393422581 0.13669275378696608 0.26833624755334068 -0.17857142857142871 224.35714285714289 2562.5714285714289 0.27096032759499961 0.75563908283043191 0.091049999191511868 15.151515151515154 0.2496135409617937 -0.017241458382869595 -0.085714300366300081 -1784.8928571428576 23.232315290784452 40.350889819951668 24.107142857142872 0.54545450826446573 0.0084033611385730522 0.065651537726443207 35.443047556490093 0.077829919277975015 -0.12486120367056584 7.4626677879097043 17.785714285714288 0.25179852766096639 0.043839684109994205 -35826.195076787393 1.642857142857143 9.9999949878755121 0.16942122788213737 0.40537141175712638 0.13531138661704714 1.1734993192292615 -0.19941987402081143
decision_type=2 2 2 2 2 2 2 2 2 2 2 2 2 2 2 2 2 2 2 2 2 2 2 2 2 2 2 2 2 2 2 2 2 2 2 2 2 2 2 2 2 2 2 2 2 2 2 2 2 2 2 2 2 2 2 2 2 2 2 2 2 2 2
left_child=1 4 8 -3 -1 16 18 12 36 10 -9 61 13 14 56 29 17 -4 22 -18 30 -22 23 24 -7 45 -23 38 -14 -11 31 -21 -20 40 -35 -29 -2 57 39 -27 41 42 62 48 -45 46 -26 -43 51 55 -51 -42 54 -54 -53 -50 -8 -19 -59 60 -57 -12 -24
right_child=2 3 5 -5 -6 6 7 9 -10 15 11 -13 28 -15 -16 -17 19 37 32 20 21 26 33 -25 25 27 -28 35 -30 -31 -32 -33 -34 34 -36 -37 -38 -39 -40 -41 43 47 -44 44 -46 -47 -48 -49 49 50 -52 52 53 -55 -56 59 -58 58 -60 -61 -62 -63 -64
leaf_value=-0.027164938061495048 -0.035278048069373028 -0.023590516369093394 -0.085823551530968795 -0.024936252041127385 -0.025620150784843466 -0.034842715884064575 -0.037546626716424322 -0.015416549942353398 -0.0099304792650331212 -0.037053793755319343 -0.018548471663635758 -0.047939689730203419 -0.019922356934772248 -0.037195741087271299 -0.046246820497509666 0.0074417221487021569 0.0014203743966282102 -0.040376542995233744 0.10166085206425919 -0.014282663074386904 0.023046222661494656 0.037096150728036292 -0.10424520641829704 -0.11014221013317083 -0.0459797214900797 0.093189283478737256 0.14034179086283993 0.00053094599529703859 -0.067025772749612508 0.0069643379820100498 -0.0134579107493078 0.037217589777404879 -0.014714628151212605 -0.10553297016888825 0.022918291698971728 0.052002711532878498 -0.01157926457190599 -0.00018000196694609727 -0.059876858204082423 0.0058329271904791653 -0.031397313739592425 0.056428667284303118 -0.1229229876326659 -0.0064115764782422648 -0.046745770946243638 0.033710321151142968 0.090604489559234225 -0.029787220309358611 -0.14283709960964314 -0.1506447200205373 -0.00038572803635892331 0.01093548875601813 0.0044532848471677154 0.069480015580546131 -0.036027040119536551 0.043458579702948578 0.041147422250199531 -0.0074959240819364673 0.099457777367522884 -0.026653390679942126 0.091958135465858737 -0.1503323786041989 0.014385320616427145
leaf_weight=146 636 582 530 171 434 1410 199 8380 787 2634 1073 828 10223 1138 453 14649 241627 4060 233 2512 7338 3509 90 121 154 467 233 25354 1147 1166 3600 4581 128 181 186 1468 177 14382 123 312 4305 432 440 5026 1391 1534 605 3620 64 125 1553 1844 11007 771 5096 1793 152 1915 317 299 1241 40 307
leaf_count=146 636 582 530 171 434 1410 199 8380 787 2634 1073 828 10223 1138 453 14649 241627 4060 233 2512 7338 3509 90 121 154 467 233 25354 1147 1166 3600 4581 128 181 186 1468 177 14382 123 312 4305 432 440 5026 1391 1534 605 3620 64 125 1553 1844 11007 771 5096 1793 152 1915 317 299 1241 40 307
internal_value=-0.000176041 -0.0246381 -9.44955e-05 -0.0357788 -0.010162 -5.69702e-05 -0.000889532 -0.00216945 -0.00943379 -0.000934825 -0.00321138 -0.00898717 -0.00483733 -0.010759 -0.0196431 0.000338499 0.000275804 -0.00151362 -0.000138044 0.000419875 0.00205506 0.00376305 -0.000209551 0.000833489 0.000933748 0.00127744 0.0073742 0.000739249 -0.00382538 -0.0036828 0.000284763 0.0019519 0.0139712 -0.00103706 -0.0134704 0.000469575 -0.0166585 -0.00116063 0.0087518 0.0118663 -0.000921097 -0.00403858 -0.0125971 -0.000479355 -0.00315485 0.00778204 0.0145501 -0.00226919 0.000131504 0.00302359 -0.00196353 -0.000505796 0.000261512 0.00160425 -0.00201654 0.0054885 -0.00724865 -0.00365458 0.000132163 0.00604392 0.00724927 -0.0031848 -0.0028834
internal_weight=401299 1333 399966 753 580 398366 113762 42082 1600 28770 10321 1941 13312 1942 804 18449 284604 21204 71680 263400 21773 11080 71319 31548 31427 30017 3742 27724 11370 3800 10693 7093 361 39771 367 26822 813 20674 902 779 39404 4889 837 34515 6417 2293 759 4052 28098 5075 1678 23023 18718 11778 6940 3397 351 6292 2232 3333 3034 1113 397
internal_count=401299 1333 399966 753 580 398366 113762 42082 1600 28770 10321 1941 13312 1942 804 18449 284604 21204 71680 263400 21773 11080 71319 31548 31427 30017 3742 27724 11370 3800 10693 7093 361 39771 367 26822 813 20674 902 779 39404 4889 837 34515 6417 2293 759 4052 28098 5075 1678 23023 18718 11778 6940 3397 351 6292 2232 3333 3034 1113 397
is_linear=0
shrinkage=0.05


Tree=51
num_leaves=64
num_cat=0
split_feature=17 36 9 4 6 17 33 16 34 2 49 45 3 6 21 6 0 20 19 46 6 29 18 26 3 1 35 0 36 12 28 3 33 16 0 0 21 35 46 20 18 10 36 29 30 6 38 17 34 16 0 9 29 45 37 12 3 25 23 10 45 24 35
split_gain=88.0009 118.992 66.6385 51.2581 51.1061 38.7247 46.6112 56.48 46.1006 56.5414 42.6124 40.3412 39.0079 44.8732 38.747 37.8104 33.5291 32.5181 33.2938 31.6809 56.9524 32.2446 31.4615 30.8572 28.91 28.0392 26.6423 25.5702 34.3504 25.6366 25.522 32.1482 32.226 30.066 27.7321 26.7384 31.9307 25.2374 30.305 26.2976 25.1498 24.6053 25.6007 24.5552 24.524 24.4984 32.8573 24.4882 24.3719 24.0746 24.0633 29.614 23.9941 23.8167 23.7568 23.7306 23.5814 41.8963 34.7067 23.3246 22.969 22.5326 23.5706
threshold=1.3701566210955571 -0.84615380008453345 12.500000000000002 -242.28571428571476 0.85460804561725945 14.73784507037014 0.019432593054474152 -0.71998714913530193 -0.38062862631029559 0.59667892254346333 1.4425693721071917 11.363608421984546 0.18735608167742257 0.74519525119988972 0.85885925029062116 0.47702522749441428 6.7857142857142865 1.2130155472258208 3.5000000000000004 19.230753185270643 -0.77184268146337653 -2.0534209024272401 0.023204753009091455 -0.13846156828402242 1.0652389965096647 0.23781593991186842 -0.051020408163265245 164.07142857142858 -0.13559321963675822 -0.32987372156030159 0.0090173399955406509 -0.26170174485270808 0.95257604968392406 0.24629736943672448 888.21428571428589 75.071428571428584 0.071962097384045173 533.16326530612253 38.709772651332692 0.26112225817264983 0.44444443973063985 2562.5714285714289 0.021739053267012403 0.021098710978881004 4.469853087658632 -1.7603246428825685 33.401356417936391 36.45041361021719 0.1453899146274312 -0.53212033121752367 5.9285714285714297 10.500000000000002 -0.8010885041258512 33.737450510331236 66.666668575498861 -0.16448049587619593 -0.53203247791027886 69.500000000000014 -0.5533465412354357 78.928571428571445 51.612904521333256 907989.00000000012 -4498.2882653061215
decision_type=2 2 2 2 2 2 2 2 2 2 2 2 2 2 2 2 2 2 2 2 2 2 2 2 2 2 2 2 2 2 2 2 2 2 2 2 2 2 2 2 2 2 2 2 2 2 2 2 2 2 2 2 2 2 2 2 2 2 2 2 2 2 2
left_child=1 2 16 23 50 12 7 19 14 22 -11 47 56 17 37 -16 -1 18 26 21 -21 24 49 -2 -7 27 -14 29 -29 52 31 32 34 40 59 36 43 39 -39 -8 -33 -35 -43 -32 60 46 -37 -9 -34 -10 51 -3 -23 -20 -42 61 57 58 -5 -24 -28 62 -47
right_child=3 4 -4 5 -6 6 8 11 9 10 -12 -13 13 -15 15 -17 -18 -19 53 20 -22 25 30 -25 -26 -27 44 28 -30 -31 35 33 48 41 -36 45 -38 38 -40 -41 54 42 -44 -45 -46 55 -48 -49 -50 -51 -52 -53 -54 -55 -56 -57 -58 -59 -60 -61 -62 -63 -64
leaf_value=-0.12430496648163736 -0.030968993238869459 0.054073875303161489 -0.022410990550638724 -0.057973122181157605 -0.058590700822609865 0.016405089913998295 -0.085324566839811183 -0.008469290275064446 -0.058912833820375182 0.051761335929407508 -0.073314929838917436 -0.00055197042042065547 -0.00207608928442542 -0.070815617750559667 0.12469453340850337 -0.028146444085578939 -0.041400684250497123 -0.087991435489723269 0.0051366141107502374 0.024999032632442283 -0.061749403706738273 0.07153990030854683 -0.05634223237995617 -0.0098061655344725551 -0.059784030870067451 0.0064762559142422134 0.038512026373272445 -0.0542603134382173 -0.020371925442078494 0.053493225989629405 -0.046981638263967312 0.029102419309694219 0.11991418416684763 0.036072256773460286 -0.086541808928819686 0.34860553336775268 0.081361041880761542 -0.036680106846317888 -0.085269562629750356 -0.0078719132489320168 0.0012023121733512278 -0.12925617739074294 0.18599227361592552 0.070965450484466661 0.093176038624087132 0.052067157147326126 -0.042470451326701825 -0.040079203955353387 -0.067046358385772803 -0.0079123189213359934 -0.01216729514387609 -0.032720281145981849 -0.071873666966078914 0.042447384779928134 -0.059978175618467904 -0.0043145369582502369 0.0021796978431387836 0.10538836080857586 -0.024451060116049306 -0.00091829590796737031 0.095154971005598138 -0.079522008730567639 0.0064956353090421803
leaf_weight=119 804 164 385 171 177 158 488 14545 206 1599 134 41599 1455 441 253 188 477 470 13780 1672 1031 73 1234 785 636 973 4278 1343 1066 372 559 9055 307 10130 448 20 773 1383 215 3630 42516 70 23 365 932 1295 397 5081 126 237 6893 483 286 3334 400 51095 153083 212 5270 2520 482 214 8389
leaf_count=119 804 164 385 171 177 158 488 14545 206 1599 134 41599 1455 441 253 188 477 470 13780 1672 1031 73 1234 785 636 973 4278 1343 1066 372 559 9055 307 10130 448 20 773 1383 215 3630 42516 70 23 365 932 1295 397 5081 126 237 6893 483 286 3334 400 51095 153083 212 5270 2520 482 214 8389
internal_value=-0.000175542 -0.00514998 -0.0215523 -6.53208e-05 -0.00306397 -2.88866e-05 -0.000497793 -0.0015609 3.14242e-05 0.000228556 0.00920028 -0.00105586 0.000499135 0.00232778 -0.00419759 0.0100771 -0.0110636 0.00260987 0.0028624 -0.00562345 -0.00127446 -0.00801797 0.000109258 -0.00902712 -0.0172459 -0.00623496 0.0057289 -0.00853317 -0.0110186 -0.000335111 0.000154653 0.000835639 -0.00318116 0.00113508 -0.00452036 -0.000566418 0.0056243 -0.00529994 -0.0106345 -0.00322843 0.000647379 0.00361387 -0.0219656 -0.00064387 0.00727236 -0.000737582 -0.0128147 -0.00292442 0.00980143 -0.0131912 -0.00243962 -0.0116597 -0.0098719 0.001665 0.000142021 -0.00065491 0.000209121 -0.00296209 -0.00381265 -0.00311526 0.00581816 0.00158566 0.00194081
internal_weight=401299 8698 981 392601 7717 391012 207104 68835 138269 132112 1733 61225 183908 25172 6157 441 596 24731 24261 7610 2703 4907 130379 1589 794 4113 7147 3140 2409 731 129936 66829 4635 62194 4202 63107 1697 5716 1598 4118 51971 10223 93 924 5692 61410 417 19626 433 443 7540 647 359 17114 42916 60993 158736 5653 5441 3754 4760 9898 9684
internal_count=401299 8698 981 392601 7717 391012 207104 68835 138269 132112 1733 61225 183908 25172 6157 441 596 24731 24261 7610 2703 4907 130379 1589 794 4113 7147 3140 2409 731 129936 66829 4635 62194 4202 63107 1697 5716 1598 4118 51971 10223 93 924 5692 61410 417 19626 433 443 7540 647 359 17114 42916 60993 158736 5653 5441 3754 4760 9898 9684
is_linear=0
shrinkage=0.05


Tree=52
num_leaves=64
num_cat=0
split_feature=7 8 4 13 2 7 3 21 11 29 6 21 26 5 34 7 9 20 13 18 38 29 21 42 3 6 25 7 7 6 38 27 2 47 13 2 6 8 11 13 27 20 14 25 0 28 25 8 9 47 17 9 38 20 29 10 21 25 10 0 38 10 28
split_gain=318.403 87.0529 49.5921 45.7358 45.223 40.3709 36.8691 50.9148 37.8591 35.4822 32.5806 39.7144 30.5988 30.1978 29.0018 27.8554 31.3254 26.308 30.0251 25.5232 30.9106 24.2938 23.53 23.4714 25.1286 24.3958 29.5972 23.446 22.57 25.012 23.5425 24.3027 26.2665 23.5704 22.1646 21.9974 21.9682 27.1599 37.3866 24.0908 21.1282 20.9925 22.6164 20.9092 26.4694 24.127 21.0759 20.8715 20.8433 25.2675 24.453 23.3861 27.3454 26.3414 29.3717 22.0956 21.905 21.0166 20.655 26.4589 32.0046 20.5923 24.0549
threshold=1.0000000180025095e-35 0.85507246164371242 -242.28571428571476 -0.81199669291496546 0.017708352050428356 44.606671039246386 0.091030961703603308 -0.30449862072351364 0.045161276836628801 -1.6660668071718547 0.3071878052574783 0.69417092345833808 -0.13846156828402242 -9.4648351648351809 0.033095365531489507 1942.5986536628823 6.5000000000000009 0.63716813254757654 0.16867459037597851 0.55981883359915474 65.217354102025993 0.10714283847966576 -0.12844082071282586 13.432836061483735 2.3276379646475931 -1.7603246428825685 3.3571428571428572 2.1092382450636 1.7670358322806297 0.85460804561725945 78.102201883698214 0.041666438802138654 0.55653461550259176 59.375008880213009 -0.12335744780439693 -0.069306971007741885 0.024158980910656356 0.31428570755102064 -0.36933514631051789 -0.34055925709458573 -0.062500043294268934 0.7296700537570403 -73.107142857142819 23.357142857142858 101.64285714285715 1.4999960625062785 58.928571428571438 0.2105263154245833 9.5000000000000018 85.714287591837177 5.2255245857457426 1.0000000180025095e-35 56.38297612437708 0.68722869989266777 -1.4998441700870753 1520.7857142857144 -0.35353639047951324 908977.71428571444 1520.7857142857144 445.07142857142867 92.857143605442261 4.9285714285714297 -0.99606299255998498
decision_type=2 2 2 2 2 2 2 2 2 2 2 2 2 2 2 2 2 2 2 2 2 2 2 2 2 2 2 2 2 2 2 2 2 2 2 2 2 2 2 2 2 2 2 2 2 2 2 2 2 2 2 2 2 2 2 2 2 2 2 2 2 2 2
left_child=1 3 12 -1 -3 13 15 41 9 22 11 17 -2 27 47 36 21 18 -10 -20 -21 -17 -9 25 -25 26 -22 -4 29 -15 33 -32 43 -30 -34 -18 37 -7 -39 40 -40 42 -8 44 -33 46 -45 -11 49 51 56 52 -38 -53 -55 -56 -50 -52 59 -24 -61 62 -5
right_child=2 4 5 61 -6 6 7 8 10 14 -12 -13 -14 28 -16 16 35 -19 19 20 23 -23 58 24 -26 -27 -28 -29 30 -31 31 32 34 -35 -36 -37 48 38 39 -41 -42 -43 -44 45 -46 -47 -48 -49 50 -51 57 53 -54 54 55 -57 -58 -59 -60 60 -62 -63 -64
leaf_value=-0.024046365724980697 -0.029915637787512796 -0.021290441023106788 -0.075383567115410638 0.13081401929130554 -0.019144604729947851 -0.033815491303659399 -0.034632392493873045 -0.052169325501494973 -0.015383664413373377 0.021040255336026093 -0.037197558581628175 0.049651028928872944 -0.0089436470250578558 -0.025756968666819115 0.00065390854087206136 0.10730644311235649 0.057827842080405839 -0.023352464542343378 -0.020225063458395101 -0.023352208666699473 -0.073376857462632589 -0.015049924481663802 -0.0043949465201929888 0.004454294578086904 0.095518078217048524 0.06174236109447824 0.03924865356031329 -0.01636538720974412 0.0039720719912105023 -0.078852730063289633 0.0024049946253780876 0.022223511637288265 -0.052316701243022123 -0.0024225913165126568 0.047232916921692875 -0.06410301920075985 -0.079375980477571773 0.0474011592578127 0.085079724348724295 0.00086657420893203612 0.0086903367365244403 0.023795247556747334 -0.036244433479623472 0.063876377995144826 -0.0015403625368375141 -0.16983652144684011 0.019287784117545816 -0.03406175412804633 -0.1355117214712793 -0.041510386679676249 -0.034449375797438918 2.7802372586283043e-05 -0.0076766332528927844 -0.13885133939005431 0.063758531141858921 -0.033469851600100207 0.066538675326519844 -0.12653589883448643 0.1000563169387275 -0.056162307899037249 0.080996107594634256 0.17181102399407608 -0.083238252470644591
leaf_weight=146 813 582 48 121 171 1410 192 285 3978 663 1394 1084 787 4744 7471 191 55 2396 1394 1087 126 61 491 2332 215 2691 116 9548 66388 76 77070 20202 213 80642 1754 54 767 2295 689 26227 927 551 5595 3443 17122 74 3280 9579 90 1356 7928 22489 4140 71 1914 282 550 184 22 370 50 48 265
leaf_count=146 813 582 48 121 171 1410 192 285 3978 663 1394 1084 787 4744 7471 191 55 2396 1394 1087 126 61 491 2332 215 2691 116 9548 66388 76 77070 20202 213 80642 1754 54 767 2295 689 26227 927 551 5595 3443 17122 74 3280 9579 90 1356 7928 22489 4140 71 1914 282 550 184 22 370 50 48 265
internal_value=-0.000167817 -0.024563 -8.64948e-05 -0.00998966 -0.0357788 -5.11966e-05 -0.000847338 -0.00202212 -0.00128958 -0.00282313 0.000436862 0.00109896 -0.00887132 0.00026702 -0.00225511 -0.000157575 0.0136943 0.000400765 0.00136066 0.00313336 0.00443803 0.0233836 -0.0110787 0.00596613 0.00245181 0.00901606 -0.00617513 -0.00249007 0.000363244 -0.00302795 0.00042376 0.000933719 0.00184202 -3.36666e-06 0.00749581 -0.00866178 -0.000227779 0.000757415 0.00107489 0.000569082 0.00649403 -0.00615247 -0.00704066 0.00158983 0.00112514 0.00414074 0.00445405 -0.00398307 -0.0010094 -0.000401204 -0.00316438 -9.59104e-05 -0.00324937 0.000528961 0.00566583 0.00669141 0.00624121 -0.00390713 -0.00722859 -0.00839096 -0.017603 -0.00183138 -0.00568506
internal_weight=401299 1333 399966 580 753 398366 113762 42082 35744 18931 16813 15419 1600 284604 17713 71680 361 14335 11939 7961 6567 252 1218 5480 2547 2933 242 9596 275008 4820 270188 123158 46088 147030 1967 109 71319 31548 30138 27843 1616 6338 5787 44121 37324 6797 6723 10242 39771 31019 8752 29663 4907 24756 2267 2196 640 8112 933 911 420 434 386
internal_count=401299 1333 399966 580 753 398366 113762 42082 35744 18931 16813 15419 1600 284604 17713 71680 361 14335 11939 7961 6567 252 1218 5480 2547 2933 242 9596 275008 4820 270188 123158 46088 147030 1967 109 71319 31548 30138 27843 1616 6338 5787 44121 37324 6797 6723 10242 39771 31019 8752 29663 4907 24756 2267 2196 640 8112 933 911 420 434 386
is_linear=0
shrinkage=0.05


Tree=53
num_leaves=64
num_cat=0
split_feature=7 8 7 2 3 46 35 2 7 21 3 20 6 8 3 14 2 5 4 14 27 30 5 0 16 6 2 8 7 9 27 28 34 6 0 3 9 4 46 37 18 4 2 8 28 20 6 40 42 8 28 42 23 30 20 34 0 5 6 33 20 26 39
split_gain=320.325 83.8538 48.0748 47.0537 43.5215 35.5533 32.6551 32.8774 32.0396 40.2127 61.7755 33.8284 35.0169 30.9986 29.643 53.1418 31.7315 27.5929 26.7573 26.2322 25.9073 30.9712 25.9025 24.7769 24.2697 23.1552 24.6164 22.7239 22.1889 21.9874 21.9276 29.8782 36.5449 25.9171 25.2805 32.8687 24.7312 23.3712 27.8633 21.6045 29.5244 26.5871 23.8572 22.4614 27.514 26.3876 22.3015 31.0119 23.4829 22.1904 21.4669 23.085 21.3298 25.2991 23.826 25.0891 21.4627 21.2366 21.2269 22.7818 22.9294 22.6624 21.0499
threshold=1.0000000180025095e-35 0.85507246164371242 575.42583609436599 0.017708352050428356 -0.75071334250655108 32.631576114126567 34022.923469387686 0.11863023646851452 28.704333738720219 -0.12844082071282586 0.17218812882880152 0.12896166490610142 -0.13253818259774147 0.82147904710691333 0.21604930389803942 -0.28571428571428609 0.087965923850728212 -7.8527472527473172 -2.2142857142857069 5.2500000000000071 0.4666661533335329 99.7551081449012 -1.1846153846153897 15.071428571428573 -0.79707864950484064 -0.12327293408427713 0.2905833804825147 0.71300448190693577 2.1092382450636 3.5000000000000004 -0.11764733131478529 -0.99606299255998498 -0.67982490288748554 -1.0621576585142167 960.00000000000011 0.43112539705445124 7.5000000000000009 56.267857142857146 13.513506219866011 31.249991764316707 0.46511627095727442 24.107142857142872 -0.066321018008631646 0.87407406921810715 0.39999836666864841 0.73786406011876771 -1.0621576585142167 -21.568667326322757 31.578950360114167 0.31428570755102064 -0.14261996441868394 3.4883592495830995 -0.43708133245618802 16.40184156169914 0.54027527275940879 -0.091663559104325235 510.50000000000006 4.1505494505494465 0.23277849267940168 0.16498452247447998 0.40593474578081223 -0.12039832085553759 78.787936510634566
decision_type=2 2 2 2 2 2 2 2 2 2 2 2 2 2 2 2 2 2 2 2 2 2 2 2 2 2 2 2 2 2 2 2 2 2 2 2 2 2 2 2 2 2 2 2 2 2 2 2 2 2 2 2 2 2 2 2 2 2 2 2 2 2 2
left_child=1 4 8 -3 -1 6 50 29 14 10 18 12 13 -12 17 -16 -17 28 -10 -13 -9 -22 -6 -19 -23 -18 -27 -24 -2 -8 31 34 33 37 35 36 -11 38 -33 43 42 -42 -41 46 52 58 47 -32 49 -49 51 -4 -45 -54 55 -55 -56 -38 59 61 -61 -46 -52
right_child=2 3 5 -5 22 -7 7 20 9 30 11 19 -14 -15 15 16 25 23 -20 -21 21 24 27 -25 -26 26 -28 -29 -30 -31 39 32 -34 -35 -36 -37 57 -39 -40 40 41 -43 -44 44 45 -47 -48 48 -50 -51 62 -53 53 54 56 -57 -58 -59 -60 60 -62 -63 -64
leaf_value=-0.022507969582244883 -0.071685523847966809 -0.020225918971951449 -0.079498739828656906 -0.01818737449345046 -0.09998788557820476 -0.032973816359513464 0.12721935313583174 -0.044272196540390808 0.007236073259606202 0.044413828355260782 0.0072880743269149841 -0.045380815317068793 -0.038813246396850243 0.11336026917286945 -0.0038192681023342615 0.012166688448206031 0.050067704327140632 -0.0063241106622418108 -0.012587764764289622 -0.010228924754470814 0.076190698543620844 -0.040552370334369828 0.069875579154031794 0.0028993161055453245 0.063436489046379552 -0.016608828001740416 0.049507927663056499 -0.091805074959786348 -0.02018458977130182 0.011370669017100843 0.093853940721928097 -0.071935710946479478 -0.0048415082913864987 -0.039429177079042088 -0.0760580891852424 0.071445888460791321 -0.042150442998193996 0.0096192132338742912 -0.0022886167340348653 0.049578898308031638 -0.0029066747561626196 -0.030120309576108784 0.00045120731151979679 -0.018069777771228736 0.022868169170412546 -0.016806302516569671 0.0021864185020778804 -0.0047188269536273643 0.062711452062388026 -0.042777824831284887 -0.024840123703093471 0.03751686842511779 0.00052837675124211008 0.061322963792627805 0.047886704149386561 0.020348708827047091 -0.042292200763526668 0.17180217125419917 -0.040090057563980944 0.031203523438133998 -0.075466168723314742 0.078514941319163922 -0.04562024090156095
leaf_weight=148 51 582 81 171 27 770 239 364 12012 2082 669 7368 775 319 10090 6391 4154 17235 13957 2829 154 136 270 174772 90 1211 2410 135 5523 255 59 180 26505 3274 158 887 1295 47 70 1899 26418 3300 3197 1092 531 484 43156 476 180 749 2034 363 9903 1337 434 5070 650 60 250 116 61 1539 255
leaf_count=148 51 582 81 171 27 770 239 364 12012 2082 669 7368 775 319 10090 6391 4154 17235 13957 2829 154 136 270 174772 90 1211 2410 135 5523 255 59 180 26505 3274 158 887 1295 47 70 1899 26418 3300 3197 1092 531 484 43156 476 180 749 2034 363 9903 1337 434 5070 650 60 250 116 61 1539 255
internal_value=-0.000169313 -0.0246381 -8.77449e-05 -0.035646 -0.0103344 -0.0050927 -0.00318426 0.00354979 -2.76931e-05 -0.000536917 -0.00197592 -0.00494937 0.00144348 0.00768647 0.000370294 0.0020199 0.0039951 0.000167754 -0.000606297 -0.00605515 -0.00308426 0.00603788 -0.00230271 0.000268454 -0.00572755 0.00614076 0.00321587 0.000851642 -0.00330008 0.0135499 -0.000133952 -0.00122099 -0.00178863 -0.0065372 0.00258696 0.00330589 0.00108958 -0.0206833 -0.0267693 0.000238303 -0.000769659 -0.00137273 0.00274622 0.000769363 0.00209833 0.0065563 0.000129874 -0.0059388 -0.00743363 -0.00991348 -0.00623651 0.00381671 0.00137914 0.00180492 0.00399741 0.00515756 -0.0028549 -0.00416574 0.00862801 0.0101664 -0.00702993 0.0116395 -0.00818881
internal_weight=401299 1333 399966 753 580 4741 3971 1238 395225 173388 37929 11960 1763 988 221837 24256 14166 197581 25969 10197 744 380 432 192007 226 7775 3621 405 5574 494 135459 34558 30076 3571 4482 4324 3437 297 250 100901 34814 29718 5096 66087 21467 2981 44620 1464 1405 1225 2733 444 18486 17394 7491 6407 1084 1355 2497 2247 177 2070 2289
internal_count=401299 1333 399966 753 580 4741 3971 1238 395225 173388 37929 11960 1763 988 221837 24256 14166 197581 25969 10197 744 380 432 192007 226 7775 3621 405 5574 494 135459 34558 30076 3571 4482 4324 3437 297 250 100901 34814 29718 5096 66087 21467 2981 44620 1464 1405 1225 2733 444 18486 17394 7491 6407 1084 1355 2497 2247 177 2070 2289
is_linear=0
shrinkage=0.05


Tree=54
num_leaves=64
num_cat=0
split_feature=7 17 7 13 3 7 20 2 5 46 0 11 6 23 46 36 20 35 0 35 37 45 2 5 6 34 18 13 1 20 39 3 30 44 34 12 1 1 6 12 5 28 13 42 3 6 22 3 0 15 47 24 24 0 7 13 20 14 30 7 20 3 17
split_gain=320.188 62.7517 46.3685 40.7317 35.4498 30.6134 31.2891 29.2214 36.4284 28.0404 26.8683 25.427 38.9636 44.6474 34.6135 32.1414 27.5684 26.3849 32.7403 25.2358 34.8622 26.7788 25.1319 24.6445 24.5049 23.7875 23.4195 22.8138 36.6175 36.4873 21.845 25.1888 31.1297 21.8239 21.8213 26.8608 26.314 21.4733 21.2487 27.8989 25.2959 26.4009 24.2465 21.1456 21.1354 32.3958 41.7033 23.0623 29.9207 24.3154 22.6071 21.3598 21.2664 20.9644 23.932 21.9414 20.4554 20.3662 20.4414 19.8258 36.846 21.9119 21.7644
threshold=1.0000000180025095e-35 0.6693653886118528 575.42583609436599 -0.61814639296444762 0.16763073623751387 44.606671039246386 0.17647738207054692 -0.067767885244590986 1.0000000180025095e-35 53.333377044598855 1784.0714285714287 0.018764659411609354 -0.77184268146337653 -0.27395304542033255 20.454545024965299 -0.38403611283946898 1.3508311819316636 0.3877551020408162 564.50000000000011 0.55102040816326348 21.250025746142473 34.433073752662779 -0.17662679317282812 -9.4648351648351809 -2.1996497681470513 -0.37001301799191572 0.059717528342840311 2.1438441770342838 0.55214721783845866 0.78334678076618813 19.540239730482416 -0.53203247791027886 162.35392176065037 98.387100062435522 1.0000000180025095e-35 -0.24337254870431793 0.15137254302539427 2.3662751994236051 0.089286789898986169 -0.16448049587619593 1.4835164835164838 0.016574526662803953 -0.2730965236305678 32.835862079653353 0.78663869651414353 -0.13919882725826913 -200.23214285714394 -0.031138378559726097 4022.1428571428578 10.500000000000002 47.727270255680317 123.50000000000001 27.833333333333339 131.92857142857147 285.10989646263823 0.32505728089041463 0.36573959935060324 -140.6964285714285 18.046990808201897 0.98974331861078702 0.65250651745526966 -0.39679747266904702 4.5914733707175062
decision_type=2 2 2 2 2 2 2 2 2 2 2 2 2 2 2 2 2 2 2 2 2 2 2 2 2 2 2 2 2 2 2 2 2 2 2 2 2 2 2 2 2 2 2 2 2 2 2 2 2 2 2 2 2 2 2 2 2 2 2 2 2 2 2
left_child=1 22 5 -3 10 23 30 -5 -9 57 -4 12 13 -8 15 -15 19 18 -14 -13 21 27 -1 33 -23 43 -16 28 -21 37 -7 32 -32 -2 35 -12 -37 -29 39 -20 -40 -42 -43 -22 47 46 51 48 50 -49 -33 52 -46 -17 56 -56 -55 58 -6 60 -25 62 -62
right_child=2 3 4 7 9 6 11 8 -10 -11 34 16 17 14 26 53 -18 -19 38 20 25 24 -24 59 -26 -27 -28 29 -30 -31 31 44 -34 -35 -36 36 -38 -39 40 -41 41 42 -44 -45 45 -47 -48 49 -50 -51 -52 -53 -54 54 55 -57 -58 -59 -60 -61 61 -63 -64
leaf_value=-0.022008567178277753 -0.013441952050178131 -0.028756550323321479 -0.06198074540469254 0.031328575737369503 -0.014155425816682003 -0.019607402583177572 -0.041623841211181324 -0.031332382434172967 0.057876342130103953 -0.042981592129254009 0.12295013344177415 0.0071253509922580621 0.0024062675975680126 -0.04317852467189618 -0.036066595486272592 0.064648080609817957 0.049031893180116692 -0.036957947256959715 0.03422113046117841 0.0011125822287161747 -0.040295440454337375 -0.06050501973223385 -0.017278005768777936 -0.075912045010729401 0.045825980194881759 -0.012708614851184042 0.030465102539223656 0.064420850666764909 -0.043243802583701356 -0.048936387584436192 -0.069188840890085798 0.046432124154935389 0.15189850932965177 -0.068211019660393654 -0.014405937221018884 -0.012155351310421303 0.088753088656720769 -0.099486877021741027 -0.10106795075453634 -0.045705235417506797 0.033953903747675533 0.18143492930584962 -0.074353360989922651 -0.15012060957966011 0.0058094365532726407 -0.056179689366152835 0.099122131514420231 -0.0020358770779624891 -0.15763752113006993 0.16169034459216031 0.010976797225944624 0.11810914681956089 -0.11205031679529463 -0.011078946429542082 -0.058112478816597736 0.026891844166874086 -0.048018132019676023 -0.022490765615187685 -0.023387275089400042 0.0019096680042967051 -0.1227429370479679 0.060995499959930082 0.084848285643050234
leaf_weight=56 9500 243 147 244 161 4300 305 228 121 135 120 9289 18509 308 143 146 1064 9676 1641 7341 1653 109 441 1182 2290 12145 971 695 2006 167 336 2441 25 96 851 438 265 39 1222 5852 619 31 355 131 220 179 465 15773 67 147 8066 58 78 459 24 286 990 2408 216 273329 65 404 28
leaf_count=56 9500 243 147 244 161 4300 305 228 121 135 120 9289 18509 308 143 146 1064 9676 1641 7341 1653 109 441 1182 2290 12145 971 695 2006 167 336 2441 25 96 851 438 265 39 1222 5852 619 31 355 131 220 179 465 15773 67 147 8066 58 78 459 24 286 990 2408 216 273329 65 404 28
internal_value=-0.000174546 -0.0246381 -9.29954e-05 -0.01626 -0.00500833 -3.40186e-05 -0.000739868 -0.00918058 -0.0184618 -0.00842266 0.000464005 -0.0012782 -0.00212689 -0.00707442 -0.00539359 -0.00901225 -0.000323458 -0.00165268 -0.00088012 -0.0005589 -0.00134312 0.000557045 -0.0387145 0.000240316 0.00531241 -0.00306876 0.00179068 -0.000555713 -0.00128863 0.00704139 0.000573626 0.0010858 -0.0120327 -0.00225039 0.00226689 0.00807314 0.00433082 0.0118444 -0.00322991 -0.00195446 -0.00751875 -0.00163665 -0.0119011 -0.00846085 0.00125827 0.00839416 0.012599 0.000988711 0.00279882 -0.000213252 0.00301177 -0.000266779 -0.00568601 -0.00658496 -0.00809789 0.00449855 -0.0107964 -0.00734085 -0.0181517 0.000327245 -0.00508904 0.00632669 -0.0155209
internal_weight=401299 1333 399966 836 4741 395225 110621 593 349 2920 1821 78466 41537 3632 3327 2213 36929 37905 28229 35865 26576 12647 497 284604 2399 13929 1114 10248 9347 901 32155 27855 361 9596 1674 823 703 734 9720 7493 2227 1005 386 1784 27494 1000 821 26494 10574 15920 10507 356 298 1905 1759 310 1449 2785 377 275008 1679 497 93
internal_count=401299 1333 399966 836 4741 395225 110621 593 349 2920 1821 78466 41537 3632 3327 2213 36929 37905 28229 35865 26576 12647 497 284604 2399 13929 1114 10248 9347 901 32155 27855 361 9596 1674 823 703 734 9720 7493 2227 1005 386 1784 27494 1000 821 26494 10574 15920 10507 356 298 1905 1759 310 1449 2785 377 275008 1679 497 93
is_linear=0
shrinkage=0.05


Tree=55
num_leaves=64
num_cat=0
split_feature=7 8 2 7 6 5 46 38 7 20 34 18 20 28 11 5 6 24 28 45 36 10 25 0 39 2 6 33 25 28 2 25 0 11 45 44 8 0 17 38 0 27 39 47 38 28 0 25 34 33 9 33 27 41 37 30 37 28 46 28 2 9 8
split_gain=318.403 85.002 47.0537 44.911 38.5195 36.5212 31.2754 29.0494 26.4097 29.7047 31.7988 27.5206 25.502 25.32 24.3841 42.7184 37.8384 26.5872 27.1239 26.3204 25.4076 27.2881 24.0651 23.2028 23.919 22.0085 70.5824 27.5182 42.5351 21.2044 26.505 31.5323 25.0651 22.8055 25.2137 24.9391 20.9383 25.0624 26.274 20.4645 24.3907 20.2074 20.0165 19.952 28.0323 19.5851 19.5549 31.1367 33.9995 31.2109 35.977 30.7409 31.2798 31.7707 29.9781 20.7214 19.9269 19.553 23.7633 19.4542 23.215 21.3289 19.1188
threshold=1.0000000180025095e-35 0.85507246164371242 0.017708352050428356 575.42583609436599 0.38203803170509104 -1.1846153846153897 32.631576114126567 88.764051389982939 28.704333738720219 0.17062220560199143 -1.3399668951607902 0.023204753009091455 0.56354797504223064 0.45504479826286054 0.041666651294849762 8.2527472527472465 0.069829249676718511 816779.00000000012 1.2832999386245159 16.326532963349873 -0.074209515266370735 157.35714285714286 21.214285714285719 15.071428571428573 66.153927664432075 0.23529407333281058 -0.19365081342693488 0.051179226117649357 3.3571428571428572 -0.12849167123372848 -0.11967932553008674 13.071428571428573 574.357142857143 -0.32889627682991002 37.500000618489736 56.666684072232592 0.27617846551067676 185.21428571428572 11.219516376016019 76.271197155995168 406.21428571428584 0.14102556422584397 90.322613933417998 43.181820769630072 73.437505338139445 0.045976885255664859 1784.0714285714287 631.64285714285722 0.028162155163647704 0.028436018564273004 5.5000000000000009 0.43273647873329529 0.86956479064283054 1.2903203859516166 36.111108576388681 381.76316786272463 41.509439225704817 0.073245128972862159 36.538442148650766 0.088709585230237364 0.32806505511009426 6.5000000000000009 0.77586205893281834
decision_type=2 2 2 2 2 2 2 2 2 2 2 2 2 2 2 2 2 2 2 2 2 2 2 2 2 2 2 2 2 2 2 2 2 2 2 2 2 2 2 2 2 2 2 2 2 2 2 2 2 2 2 2 2 2 2 2 2 2 2 2 2 2 2
left_child=1 4 -3 8 5 -1 7 12 23 10 -10 -11 46 -9 15 17 -17 18 20 42 21 -13 -20 62 -25 36 27 28 -27 32 31 -31 -22 35 -35 -33 -12 38 -38 -36 -41 57 -18 -8 -45 -46 -5 48 49 54 -51 52 53 -49 -48 -54 -55 -19 -59 -26 -61 -62 -2
right_child=3 2 -4 6 -6 -7 43 13 9 11 25 14 -14 -15 -16 16 19 41 22 -21 29 -23 -24 24 59 26 -28 -29 -30 30 -32 33 -34 34 39 -37 37 -39 -40 40 -42 -43 -44 44 45 -47 47 51 -50 50 -52 -53 55 56 -56 -57 -58 58 -60 60 61 -63 -64
leaf_value=-0.089825595605881325 -0.0016119818391929774 -0.017648003901645226 -0.016414105480339041 -0.030803822458585935 -0.020280821443453341 0.015528847077859021 -0.039459166965905609 -0.021960556991904426 -0.074477528467266116 -0.040125084819498391 -0.029045290765000866 -0.0027116856733103048 -0.034056203992982946 -0.04843792322563012 -0.00014031675856260862 -0.038070151310693225 -0.032809617140228967 -0.063063355244432948 -0.03319847261352904 0.015857502042083027 -0.0056261632383889822 -0.040470616146013196 -0.069257217115952938 0.0004563337306220383 0.0054816124265251176 0.1427054853638049 0.0065655278069659765 0.09693090803287846 -0.092132572263118814 -0.0067989295673944522 0.0011504962999638213 0.078202823228014307 -0.07548116403151163 0.04313607841332328 0.017100873646882488 -0.11262057656794813 0.087078404753651029 0.0027629514183834972 -0.11085697026065895 0.030506947371858842 -0.17086087411040271 -0.13937358600349856 -0.09035061902549249 -0.042295845687686129 -0.056948959781650092 0.034216025187503378 0.020897749771132918 -0.083640760929587735 -0.013436758828060792 0.079040520228102373 -0.0063829359807323852 0.021175958359062098 0.1161663733863916 -0.045527035205036162 -0.051455845688576821 -0.020812230216255324 0.2371545837997939 0.12789223836018951 -0.21900094257172859 0.018018525038789757 0.039193013717016535 -0.079408725605412664 -0.034237555460974532
leaf_weight=36 15526 582 171 635 174 370 230 233 403 416 971 21494 247 176 58954 4761 1768 1123 2182 2443 4566 10474 179 130331 47105 124 2562 397 114 2046 18381 889 871 2444 260 31 710 34314 47 48 91 56 116 204 108 228 409 157 714 539 212 345 48 117 79 38 22 130 23 21900 2389 75 4511
leaf_count=36 15526 582 171 635 174 370 230 233 403 416 971 21494 247 176 58954 4761 1768 1123 2182 2443 4566 10474 179 130331 47105 124 2562 397 114 2046 18381 889 871 2444 260 31 710 34314 47 48 91 56 116 204 108 228 409 157 714 539 212 345 48 117 79 38 22 130 23 21900 2389 75 4511
internal_value=-0.000167817 -0.024563 -0.035646 -8.64948e-05 -0.010162 -0.0017114 -0.00492396 -0.00313389 -2.84521e-05 -0.000490778 0.000711239 -0.00084709 -0.001683 -0.0157541 -0.000806982 -0.00140899 -0.00462088 -0.000961814 -0.000816107 -0.00123524 -0.000614416 -0.00159206 -0.00607556 0.000332879 0.000494028 0.000854887 0.00483094 0.0197528 0.00627887 0.000440306 0.00107461 0.00401869 -0.00238086 0.00673514 0.00451796 0.01358 0.000502052 0.000702715 0.00970149 -0.00712854 -0.0226096 -0.00795361 -0.00567645 -0.0141475 -0.00887799 0 -0.000526379 0.00134137 0.0046311 0.00964006 0.0160365 -0.00748865 -0.0172599 -0.0249747 -0.000194632 0.00923345 -0.00751258 -0.006657 0.0100914 0.00122913 0.00237624 0.00697821 -0.00128986
internal_weight=401299 1333 753 399966 580 406 4741 3971 395225 173388 39642 133746 3562 409 133330 74376 9088 65288 63956 4327 61595 31968 2361 221837 201800 39239 3197 635 238 29627 24190 5809 5437 3763 2843 920 36042 35071 757 399 139 1332 1884 770 540 336 3315 2680 1953 1239 751 727 382 296 488 86 139 1276 153 71469 24364 2464 20037
internal_count=401299 1333 753 399966 580 406 4741 3971 395225 173388 39642 133746 3562 409 133330 74376 9088 65288 63956 4327 61595 31968 2361 221837 201800 39239 3197 635 238 29627 24190 5809 5437 3763 2843 920 36042 35071 757 399 139 1332 1884 770 540 336 3315 2680 1953 1239 751 727 382 296 488 86 139 1276 153 71469 24364 2464 20037
is_linear=0
shrinkage=0.05


Tree=56
num_leaves=64
num_cat=0
split_feature=7 8 2 7 3 3 9 25 2 5 46 11 5 21 3 5 3 4 45 3 33 37 27 33 15 1 8 11 7 6 38 25 27 42 29 8 23 25 7 41 3 49 38 38 47 36 3 1 6 6 29 25 33 25 21 37 43 46 49 2 2 49 33
split_gain=318.585 85.002 47.0537 43.1014 41.6702 31.6758 32.2197 55.0015 35.1948 25.9025 25.327 24.8777 40.1388 39.4263 30.6582 38.7821 24.7608 24.2577 45.554 27.8112 43.2521 36.3756 28.9545 27.1586 30.4454 25.7933 33.1156 25.0689 23.8995 22.4245 24.4456 21.8953 24.0904 21.4333 21.4035 20.7592 20.4355 22.7604 20.234 20.0517 19.9314 19.7204 19.479 19.1136 25.371 18.884 23.6439 21.6754 25.6726 22.9111 20.791 18.8599 26.7416 31.5244 29.0836 23.9859 21.0351 20.1056 18.7459 18.5867 21.5223 18.2106 19.4492
threshold=1.0000000180025095e-35 0.85507246164371242 0.017708352050428356 575.42583609436599 -0.75071334250655108 0.16763073623751387 5.5000000000000009 356.50000000000006 0.12451511263584567 -1.1846153846153897 53.333377044598855 -0.057930676909909495 3.2241758241758096 -0.12844082071282586 -0.22934022600277695 -7.2241758241758305 -0.038321953971181141 8.0000000000000036 45.833373264005793 1.0652389965096647 0.019859998601064754 12.658199706732791 0.13056282145151152 0.079396654869986719 6.705494505494503 0.49999984464287334 0.99999999630312997 -2.6136356795491972e-07 1.4069609934103131 -2.1996497681470513 76.595757085791504 897732.85714285728 0.068965409730490909 53.846189615423036 -2.0534209024272401 0.71300448190693577 0.30814623207601505 631.64285714285722 13.117210795112777 1.6100386861286466 0.0048675013234815512 1.0297590502851457 25.065444974370212 59.701497589665756 82.606997669251911 -0.14670918737553026 -0.039819593997336637 -0.22222223624648002 -0.19365081342693488 0.069829249676718511 0.034829181460850407 240.21428571428572 0.0079051382487879008 14.214285714285717 0.76358548365558487 10.869558983565323 27.586155136573407 18.045114536152756 1.4082729470066069 0.52078562450174837 1.3735064906556571 1.3856449708824379 0.010557345569652153
decision_type=2 2 2 2 2 2 2 2 2 2 2 2 2 2 2 2 2 2 2 2 2 2 2 2 2 2 2 2 2 2 2 2 2 2 2 2 2 2 2 2 2 2 2 2 2 2 2 2 2 2 2 2 2 2 2 2 2 2 2 2 2 2 2
left_child=1 4 -3 11 -1 6 7 -5 40 -6 36 12 14 58 15 42 -15 28 19 25 21 33 39 -24 -25 43 -27 -20 41 -29 -31 34 -33 -21 38 -11 37 51 -16 -22 -9 -13 -2 -19 -45 -36 47 48 -47 50 -50 52 53 -7 -54 -53 -57 -56 -14 -26 -61 -23 -63
right_child=3 2 -4 5 9 10 -8 8 -10 35 -12 17 13 16 31 -17 -18 18 27 20 22 61 23 24 59 26 -28 29 -30 30 -32 32 -34 -35 45 -37 -38 -39 -40 -41 -42 -43 -44 44 -46 46 -48 -49 49 -51 -52 55 54 -55 57 56 -58 -59 -60 60 -62 62 -64
leaf_value=-0.019004467844163847 0.076067982366912062 -0.016765603706562965 -0.015593400206322086 -0.07477584531352488 -0.089059384002834363 -0.022373687856558112 -0.021567103061857142 0.092320975052865073 -0.020826185667333387 0.064038929055568752 -0.038859554174496033 -0.050749749368382994 -0.029037404695425425 0.029304011301864375 0.0028991875417527127 -0.0034362199954739662 -0.011778321313171958 -0.016965618487466829 -0.058855597206694782 0.0094637321208197681 0.054552088397655532 -0.05576633621751035 0.078705457638708204 0.038761647429166858 -0.14423144494604365 -0.01153348680650379 -0.070052600096874015 -0.045178751092907324 0.0036998106284485081 0.0066004774144242887 0.077127397602542794 -0.031405919150223061 -0.14255112089909736 0.08360459969833825 -0.0017979334856799145 -0.087127363277251083 0.058812803915712669 -0.036710880766748492 -0.046437597620162044 -0.093146010727300152 0.051159712412691287 0.086735061091303134 -0.042527490723701863 0.00015095622919383269 -0.039048469019896448 -0.040538018120992551 0.0010929714849656324 0.01777272203781104 0.066317108155345 0.029237898657816876 0.02926467288511039 -0.033854647044965561 -0.03510224971350414 0.14341175131452441 -0.030273729455530064 -0.010922849567148153 0.061586147525979046 0.16326353682602726 -0.07680232723258279 0.017643255514572888 -0.055065045860694856 -0.0052864324062292028 0.22306303585116752
leaf_weight=148 111 582 171 255 27 862 972 255 168 270 135 1722 6191 2895 1598 14016 11485 7428 309 701 110 876 801 247 69 6117 1620 145 167570 1725 2386 1746 174 185 63684 135 155 501 1763 93 171 99 4812 31857 1758 425 37385 17127 1412 1799 1037 47 586 116 63 183 233 39 1376 186 57 100 28
leaf_count=148 111 582 171 255 27 862 972 255 168 270 135 1722 6191 2895 1598 14016 11485 7428 309 701 110 876 801 247 69 6117 1620 145 167570 1725 2386 1746 174 185 63684 135 155 501 1763 93 171 99 4812 31857 1758 425 37385 17127 1412 1799 1037 47 586 116 63 183 233 39 1376 186 57 100 28
internal_value=-0.00016084 -0.024563 -0.035646 -7.94942e-05 -0.010162 -0.0048185 0.000354182 0.00747262 0.0158138 -0.00230271 -0.00804596 -2.26327e-05 -0.000481524 -0.00247618 -0.000183868 -0.00206161 -0.00093845 0.000320285 -0.000573875 -0.00099257 0.00334337 -0.00174329 0.00949715 0.0121278 0.00365766 -0.00129961 -0.00394786 0.00421568 0.000620133 0.00521487 0.00589745 9.36012e-05 -0.00520546 0.00563706 0.000174245 0.000851642 -0.0070177 -0.00805863 -0.00376216 -0.00809946 0.0234569 -0.0050766 -0.00587943 -0.000800256 -0.000292874 0.000281967 0.000924979 0.00223371 0.0052524 0.00642523 0.0095729 -0.00579822 -0.00827982 -0.00295982 -0.0158335 0.00312028 0.00695746 0.00876592 -0.00539771 -0.00671259 -0.000185109 -0.00826113 0.00932865
internal_weight=401299 1333 753 399966 580 4741 1821 849 594 432 2920 395225 169036 21947 147089 18939 14380 226189 56798 52233 3453 1890 1563 1360 559 48780 7737 4565 169391 4256 4111 128150 1920 886 126230 405 2785 2630 3361 203 426 1821 4923 41043 33615 122869 59185 21800 4673 4248 2449 2129 1666 978 688 463 416 102 7567 312 243 1004 128
internal_count=401299 1333 753 399966 580 4741 1821 849 594 432 2920 395225 169036 21947 147089 18939 14380 226189 56798 52233 3453 1890 1563 1360 559 48780 7737 4565 169391 4256 4111 128150 1920 886 126230 405 2785 2630 3361 203 426 1821 4923 41043 33615 122869 59185 21800 4673 4248 2449 2129 1666 978 688 463 416 102 7567 312 243 1004 128
is_linear=0
shrinkage=0.05


Tree=57
num_leaves=64
num_cat=0
split_feature=7 8 2 13 7 3 9 25 2 41 14 18 0 8 34 7 45 6 0 33 2 5 8 10 1 25 27 25 28 46 33 10 20 6 29 45 2 3 0 33 3 28 13 45 3 27 25 0 37 13 10 33 7 20 15 13 7 18 10 12 7 18 10
split_gain=316.675 86.158 47.0537 43.9963 42.7458 30.0939 30.052 53.0178 33.3844 23.2323 23.3014 23.221 23.9629 26.6618 24.0793 34.8831 33.4639 43.0955 37.8294 31.885 31.3132 30.8017 35.1901 30.6457 28.6712 26.7031 29.7201 34.8837 33.9821 26.206 67.1815 35.4844 37.4233 30.8094 25.9205 25.4191 25.915 25.094 24.8301 25.1745 23.8801 33.9908 30.0457 32.2934 40.3829 24.4846 28.6838 23.2497 23.1439 22.9735 33.9462 22.8646 22.3583 21.9464 21.8209 27.3732 22.8186 21.6228 21.3405 21.046 20.8598 20.7156 20.6693
threshold=1.0000000180025095e-35 0.85507246164371242 0.017708352050428356 -0.55810897406026339 575.42583609436599 0.16763073623751387 5.5000000000000009 356.50000000000006 0.12451511263584567 20.0000007882355 -140.6964285714285 0.043478259451795856 2425.8571428571436 0.59274213193823144 -0.079800876731729545 18.44517523608479 34.782603610581354 -1.0621576585142167 79.071428571428584 0.005225498039255351 -0.11059007997618729 0.4637362637362526 0.85310006055970755 7.9285714285714297 0.45833321940105382 908977.71428571444 0.11339783715919571 1071340.642857143 0.091685720638026866 15.315322097644025 0.087723285208767723 166.78571428571431 0.25427612744807015 -0.50233740419437234 0.023262360177836106 50.000001772388352 0.053450681994979106 0.7225756841646801 167.78571428571431 8676.4410884500157 0.10972426934733821 -0.5127128935313886 2.5156936226109168 9.385388592194742 2.3276379646475931 0.22676155873770334 166.50000000000003 89.785714285714292 23.188388876279266 0.070270225273925721 7.0714285714285721 0.091525422914392404 170.62233013643859 0.66890680831308014 -15.443956043956062 -0.81199669291496546 309.85684571520648 0.34523809352560475 41.071428571428577 3.9581895832113241 170.62233013643859 0.16666664583333621 18.642857142857149
decision_type=2 2 2 2 2 2 2 2 2 2 2 2 2 2 2 2 2 2 2 2 2 2 2 2 2 2 2 2 2 2 2 2 2 2 2 2 2 2 2 2 2 2 2 2 2 2 2 2 2 2 2 2 2 2 2 2 2 2 2 2 2 2 2
left_child=1 3 -3 -1 11 6 7 -6 -9 10 -7 -2 14 -14 15 21 18 19 -17 24 -19 22 -13 37 60 29 27 28 -27 59 31 -31 33 -33 38 48 -37 52 47 -40 45 -42 62 -44 -45 -25 -47 -29 49 50 -23 -22 -20 -15 55 -32 -56 -57 -28 -16 -18 -46 -43
right_child=4 2 -4 -5 5 9 -8 8 -10 -11 -12 12 13 53 25 16 17 20 23 -21 51 35 -24 40 -26 26 58 34 -30 30 54 32 -34 -35 -36 36 -38 -39 39 -41 41 42 43 44 61 46 -48 -49 -50 -51 -52 -53 -54 -55 56 57 -58 -59 -60 -61 -62 -63 -64
leaf_value=-0.02224881904784461 -0.024521061922018691 -0.015927323521234816 -0.014813730196005981 0.0057217868489301445 -0.071037053047848644 -0.018826675199081825 -0.020488747908764295 0.075695120577047637 -0.019784876383966712 -0.060394368494853384 -0.018069522174584223 0.0018002551789692235 0.058476358768740494 -0.030042096726566749 -0.00069330110707030998 -0.048219479069535748 -0.067745663672224385 -0.031091004961950209 0.039615444305658221 0.026956465686289999 0.03561710344673976 -0.070208839459454622 -0.012939438527494219 -0.0031716193220058921 0.0092415840212433219 -0.084519422540740144 -0.19112044860726488 -0.059206289311041972 0.22442220294697421 0.001408488182116785 -0.12670102692789534 0.050895441509000106 -0.017316543940790609 -0.10242143606532567 0.067833235214191406 -0.055352150715810747 0.081694579232248724 0.11785531051909932 -0.040607858563322718 0.15256206787549795 0.020617166792097952 0.063616542267400697 0.081045200926312164 0.05727155108941933 0.19659776915709901 0.046460950636402522 0.22046728643876168 0.11676847185782296 -0.0014563019498757158 0.043202112512163326 0.034742033777499536 -0.0039725383132686257 -0.063214207721207144 -0.097450058907326498 0.02045707707013196 0.021661438332954974 0.079155454580832563 0.10193769343258451 -0.063021219807344028 0.086730892542180055 -0.011621995610254832 -0.0542843703387677 -0.029402643512785209
leaf_weight=233 2640 582 171 347 255 402 972 426 168 72 2446 38676 206 2301 113398 3209 346 1827 1258 193 10041 492 7485 44285 124 1232 88 105 57 54696 20 62 6359 523 523 269 1611 88 1371 61 2742 375 503 265 23 271 73 270 9593 5300 5118 4062 115 192 51828 755 560 636 296 203 109 356 18034
leaf_count=233 2640 582 171 347 255 402 972 426 168 72 2446 38676 206 2301 113398 3209 346 1827 1258 193 10041 492 7485 44285 124 1232 88 105 57 54696 20 62 6359 523 523 269 1611 88 1371 61 2742 375 503 265 23 271 73 270 9593 5300 5118 4062 115 192 51828 755 560 636 296 203 109 356 18034
internal_value=-0.000159096 -0.024488 -0.035646 -0.00998966 -7.79941e-05 -0.00479741 0.000244358 0.0071193 0.0153089 -0.00794322 -0.00723114 -2.13676e-05 1.00488e-05 -0.00468489 4.25637e-05 -0.000436392 -0.00109339 0.00092174 -0.00156354 -0.0106139 0.00148116 0.000409882 -0.00032809 -0.00131448 -0.0164825 0.000364932 -0.0036834 -0.00227819 -0.00887829 0.00043571 0.000966267 -0.000160529 -0.00352745 -0.0156298 0.00137119 0.00193204 0.00749694 0.00584833 -0.00146367 -0.00446547 -0.00147093 -0.00280719 -0.00353828 0.00431087 -0.00309735 -0.000803176 0.0124818 0.009984 0.00142149 0.00299676 0.000765584 0.00227929 0.00418396 -0.00611488 0.00225738 0.00839416 0.00209198 0.0092337 -0.0169097 -0.000103388 -0.0222918 -0.0135716 -0.00402763
internal_weight=401299 1333 753 580 399966 4741 1821 849 594 2920 2848 395225 392585 2699 389886 156843 88299 16702 71597 772 15930 68544 46161 68388 579 233043 4003 3619 1289 229040 115439 61640 6944 585 2330 22383 1880 1461 1807 1432 66927 22298 19556 1147 644 44629 344 375 20503 10910 5610 14103 1373 2493 53799 1411 52388 1391 384 113601 455 379 18409
internal_count=401299 1333 753 580 399966 4741 1821 849 594 2920 2848 395225 392585 2699 389886 156843 88299 16702 71597 772 15930 68544 46161 68388 579 233043 4003 3619 1289 229040 115439 61640 6944 585 2330 22383 1880 1461 1807 1432 66927 22298 19556 1147 644 44629 344 375 20503 10910 5610 14103 1373 2493 53799 1411 52388 1391 384 113601 455 379 18409
is_linear=0
shrinkage=0.05


Tree=58
num_leaves=64
num_cat=0
split_feature=17 8 4 10 3 3 11 6 0 33 14 8 1 3 41 1 46 0 4 33 37 18 25 20 25 41 40 34 33 0 39 29 20 26 44 25 31 20 16 2 8 22 0 13 28 26 2 17 17 25 25 2 6 10 0 0 37 0 6 16 39 20 11
split_gain=83.2995 124.163 84.0506 35.5415 65.5499 35.2825 28.5001 28.2801 25.8503 24.7783 25.7899 24.7149 36.5288 45.7552 35.3511 33.4646 26.0042 23.6848 23.6092 23.4508 32.5926 22.6815 22.1876 24.8465 24.9491 23.8618 21.6259 21.1884 20.8781 20.774 22.5746 20.744 20.5595 25.0917 20.3304 19.2699 22.6786 20.1331 25.5957 19.0481 22.9549 21.6822 26.8902 22.222 18.9111 19.3865 18.7579 18.7565 18.4525 18.4232 29.5853 20.4201 21.9462 18.3912 18.2721 18.1996 17.7432 18.5151 17.2548 23.3953 18.0907 17.0957 16.8528
threshold=0.89206923737898125 0.97826085361531234 0.24999999999999986 260.50000000000006 1.9015236560719784 -0.84238459031585455 0.13333329825396933 0.85460804561725945 8.7857142857142865 0.068642745147621823 20.000000000000011 0.99999999326591704 1.4507855915496055 1.0652389965096647 0.81286269826618607 0.47780267716364017 16.363636472727311 387.07142857142867 -0.035714285714285844 0.012658227006889951 8.3333131805496112 0.023204753009091455 480.64285714285717 0.37704915508824055 26.357142857142858 3.4482566557529117 18.333895177315391 0.12224015048683151 0.31228113643673472 4022.1428571428578 28.640851113068518 -0.12603352632608991 0.57921722513075213 0.91666630729174192 57.143006293048863 978673.07142857148 0.68367531465970965 0.68722869989266777 0.060149194141922303 -0.025394046510660195 0.8313252970314996 -217.93622448979599 502.21428571428584 0.22662518864913769 -0.12849167123372848 2.9999910000225003 0.2077375825262501 30.487535074357357 14.968674634295924 718.357142857143 3793.5000000000005 0.085813622384263308 0.14453448809061945 516.78571428571433 2969.5714285714289 527.92857142857156 9.3748937155032568 2969.5714285714289 -1.7603246428825685 0.032759816403784559 86.206953359124512 0.24528301544836048 -0.24590165016124668
decision_type=2 2 2 2 2 2 2 2 2 2 2 2 2 2 2 2 2 2 2 2 2 2 2 2 2 2 2 2 2 2 2 2 2 2 2 2 2 2 2 2 2 2 2 2 2 2 2 2 2 2 2 2 2 2 2 2 2 2 2 2 2 2 2
left_child=1 7 18 5 6 8 17 39 27 10 56 21 13 15 -14 29 -17 34 -3 20 -15 26 23 25 -25 -21 58 -2 53 30 -13 -27 33 -12 47 36 49 -37 -39 40 41 -1 43 61 -38 -46 -11 -5 -10 51 -51 -19 -53 -8 -34 -30 57 -6 60 -60 -7 -43 -52
right_child=3 2 -4 4 9 11 28 -9 48 46 32 12 14 19 -16 16 -18 35 -20 22 -22 -23 -24 24 -26 31 -28 -29 55 -31 -32 -33 54 -35 -36 37 44 38 -40 -41 -42 42 -44 -45 45 -47 -48 -49 -50 50 62 52 -54 -55 -56 -57 -58 -59 59 -61 -62 -63 -64
leaf_value=-0.088705899871048211 -0.038578819759042642 0.0082919781006653755 -0.028219567477045217 0.13342065297787453 0.020171779258579423 -0.02179539771624496 -0.011486914419404927 -0.050579811644546051 -0.003521963689102492 0.0034555050384131691 0.035564376396986973 -0.022370236519642983 -0.02776567612600829 0.097442706605693083 -0.092405228115300622 -0.016665697553067637 -0.079599369550408278 -0.013383070480335291 -0.014073043686205683 0.10165032396287198 -0.030513622005337939 0.0011134027678324722 -0.035767263435867981 0.073625642667862631 -0.059495877230550637 0.091242340895231824 0.030001748811388618 -0.00088780758942581535 0.10358182977288376 0.17366223152128166 -0.00033871393274040876 -0.17172220372751604 -0.02201744822120404 -0.03471972335136219 -0.08610686708083802 -0.12187869156016068 -0.064071480274502185 0.1520498057939452 -0.18343414634750241 -0.047317600587969078 -0.042960698475633045 0.013661320607328876 0.1358019297132228 0.11425484325839289 -0.00016508364352945117 -0.092435123602368663 -0.044506052636136141 0.021852486344885704 -0.095357065795013476 -0.083468239977657843 0.15410836329338615 -0.051857621834232905 -0.010315380852235025 0.018819959862722824 -0.057533862132857695 0.010670882193182641 -0.024585150422131528 -0.03261452648675707 -0.050074430531911032 0.022136589552067099 0.1155339889096509 -0.036639714513304299 -0.051088157973419972
leaf_weight=27 243 34 357 193 190 60 3933 101 708 46 379 4561 420 138 281 1310 1040 4779 462 232 453 340529 40 306 82 54 255 97 433 71 13754 21 399 145 72 219 846 49 20 1588 279 1323 160 207 8397 37 261 2046 100 439 93 1236 725 2081 54 2524 895 24 659 121 67 437 207
leaf_count=27 243 34 357 193 190 60 3933 101 708 46 379 4561 420 138 281 1310 1040 4779 462 232 453 340529 40 306 82 54 255 97 433 71 13754 21 399 145 72 219 846 49 20 1588 279 1323 160 207 8397 37 261 2046 100 439 93 1236 725 2081 54 2524 895 24 659 121 67 437 207
internal_value=-0.000172303 -0.00660188 -0.0239655 -9.15791e-05 -0.00172498 4.56644e-05 -0.00105351 -0.00300696 -0.00870569 -0.00967156 -0.00771535 7.32465e-05 -0.00152198 -0.00116467 -0.0127585 -0.00174068 -0.00735926 -0.00213322 -0.0372808 0.00783878 0.000414481 0.000179534 0.0138008 0.0158898 0.00745942 0.0265223 -0.00679374 -0.0202734 0.00127576 -0.00102224 -0.00112721 0.00193076 -0.0017859 0.00495135 0.00261564 -0.00277731 -0.00255652 -0.0156022 0.00788712 -0.00234886 0.000429493 0.00217956 0.00274787 0.00114127 -0.000904624 -0.000189113 -0.0229404 0.00345898 -0.00382997 -0.0046055 -0.0121026 -0.00378258 -0.00807965 -0.000414858 -0.00958949 0.00471577 -0.0129339 0 -0.0104123 -0.013197 0.00664831 -0.000678939 0
internal_weight=401299 4975 853 396324 30722 365602 28329 4122 1148 2393 2086 364454 22763 22062 701 20736 2350 19358 496 1326 591 341691 735 695 388 307 1162 340 8971 18386 18315 75 977 524 2311 17047 16759 288 69 4021 2433 2154 2127 1967 9280 8434 307 2239 808 7479 739 6740 1961 6014 453 2957 1109 214 907 780 127 1760 300
internal_count=401299 4975 853 396324 30722 365602 28329 4122 1148 2393 2086 364454 22763 22062 701 20736 2350 19358 496 1326 591 341691 735 695 388 307 1162 340 8971 18386 18315 75 977 524 2311 17047 16759 288 69 4021 2433 2154 2127 1967 9280 8434 307 2239 808 7479 739 6740 1961 6014 453 2957 1109 214 907 780 127 1760 300
is_linear=0
shrinkage=0.05


Tree=59
num_leaves=64
num_cat=0
split_feature=7 8 2 7 13 46 35 2 11 5 21 13 45 33 28 4 3 5 21 10 48 8 45 7 17 27 14 7 3 13 27 8 39 3 28 40 25 3 19 24 41 10 11 13 5 14 39 33 6 25 21 2 49 23 3 27 25 17 21 6 17 4 4
split_gain=303.045 94.4679 47.0537 37.8207 35.0905 26.2834 24.7862 28.2966 22.7639 34.9279 38.0245 30.7676 33.968 29.3035 37.655 28.6603 28.426 32.1846 26.2528 25.3356 24.2313 23.8511 22.5151 22.0734 31.0922 21.8152 25.2159 21.762 26.1458 21.6519 22.9978 20.3769 28.7185 19.8856 19.367 19.2829 23.8429 19.149 20.8429 22.7061 26.0146 22.7273 20.4597 19.121 19.1079 18.9584 20.3857 18.5029 18.4529 28.6196 22.2867 18.3978 18.6054 18.3916 18.3303 19.8681 26.8013 17.6343 17.5763 18.4604 17.5091 17.4982 17.4461
threshold=1.0000000180025095e-35 0.85507246164371242 0.017708352050428356 575.42583609436599 -0.55810897406026339 32.631576114126567 34022.923469387686 0.11577986744141171 -0.057930676909909495 3.2241758241758096 -0.12844082071282586 0.21073269459894559 56.719595821804454 0.055944053890165803 0.07912903602839326 8.0000000000000036 -0.20903707754121539 -7.2241758241758305 -0.59472035552402269 1520.7857142857144 40.54054379839571 0.99999999923283467 45.833373264005793 2.7142831108179095 3.9434782119549321 0.4666661533335329 -0.17857142857142852 13.886566679850061 2.3276379646475931 -0.029476093135250795 3.9999854167109037 0.83689916758164606 61.702140366689363 -0.038321953971181141 -0.99606299255998498 20.789471220797001 1.5000000000000002 -0.026867133990680397 6.5000000000000009 358.16666666666669 8.974340839060039 49.642857142857146 -0.54545463842973074 0.093749641113412066 8.2527472527472465 -3.4285714285714293 76.470653148872813 0.0016891891816991002 0.0098057204404966517 80.071428571428584 -0.16746931693341058 -0.004092073513069349 1.1596095243146967 -0.5533465412354357 1.6101275461699247 0.86956479064283054 480.64285714285717 0.89206923737898125 -0.78557893054654482 0.057417484657595358 37.741873023201279 -0.92857142857142883 2.4285714285714355
decision_type=2 2 2 2 2 2 2 2 2 2 2 2 2 2 2 2 2 2 2 2 2 2 2 2 2 2 2 2 2 2 2 2 2 2 2 2 2 2 2 2 2 2 2 2 2 2 2 2 2 2 2 2 2 2 2 2 2 2 2 2 2 2 2
left_child=1 4 -3 8 -1 6 -5 -8 9 16 43 15 13 27 18 23 17 35 -15 21 -20 -16 29 24 34 -9 -27 28 62 30 58 -29 60 -12 -10 -2 -37 48 39 40 51 -41 47 44 -11 46 -35 -40 49 50 61 52 -39 -19 -28 56 -56 -4 59 -17 -33 -18 -13
right_child=3 2 57 5 -6 -7 7 25 11 10 33 12 -14 14 19 22 37 53 20 -21 -22 -23 -24 -25 -26 26 54 31 -30 -31 -32 32 -34 45 -36 36 -38 38 42 41 -42 -43 -44 -45 -46 -47 -48 -49 -50 -51 -52 -53 -54 -55 55 -57 -58 -59 -60 -61 -62 -63 -64
leaf_value=-0.018966652790786073 -0.039858001026259519 -0.015186627483564696 -0.014443491763503642 -0.018557638257983868 0.0053800273680920004 -0.025507438475016433 0.060283285119409419 -0.037171951736454871 0.00019773912854976762 -0.048628943563542353 0.027841781860243931 0.01044950944308758 0.04608618733975816 -0.084429794582871948 0.030274268945865979 0.15360849766961879 0.056096526201874289 -0.05631865023346725 -0.0075905603344756933 -0.060477947454483476 0.023422064179988225 0.069289123940166092 0.034890033272582444 0.0022848953017739594 0.043222244838963114 -0.03423983126377772 0.1059615201525977 -0.012655054594299298 -0.12961468621408914 -0.017249213338082426 -0.063010778126598055 9.9130162231420024e-05 0.023983301362542633 -0.031924427970983597 -0.056232371794370996 -0.058462934611046451 0.07812794420269574 -0.0018209791260139774 0.010779043639913156 -0.1007120299767903 0.039781628492858538 -0.0090423024468197395 -0.0055047794247186314 -0.039915952663869152 0.0096827064997770055 0.00046514147106389571 0.016370862283024756 -0.039029671348764915 0.0010634741201160924 0.039138578192279685 0.0030852341607741085 -0.0042638149301760242 0.036964942051299902 -0.0014656949469143755 0.0068717699915351593 0.066429829544171162 -0.076579672166541449 0.0062257028633594669 -0.00051370974535402958 -0.10983125442272526 -0.033256339027396012 0.0017761985191218522 0.060496513532390231
leaf_weight=233 5030 582 71 2733 347 770 491 367 1148 1997 2895 5720 2522 197 8160 36 992 629 4917 123 5237 222 2744 133290 761 64 72 11002 69 16048 271 2902 5448 4420 2394 122 247 3721 571 587 3711 2292 38459 4000 1570 6070 995 1608 33750 3671 12859 17270 5450 15469 68 137 39 100 20146 150 1358 651 1324
leaf_count=233 5030 582 71 2733 347 770 491 367 1148 1997 2895 5720 2522 197 8160 36 992 629 4917 123 5237 222 2744 133290 761 64 72 11002 69 16048 271 2902 5448 4420 2394 122 247 3721 571 587 3711 2292 38459 4000 1570 6070 995 1608 33750 3671 12859 17270 5450 15469 68 137 39 100 20146 150 1358 651 1324
internal_value=-0.000163332 -0.0239629 -0.035646 -8.39946e-05 -0.00878297 -0.00452321 -0.00288207 0.00298441 -3.07293e-05 -0.000469693 -0.00233038 0.000297295 0.00140332 0.00109781 0.00261958 -1.01419e-05 -0.000192026 -0.00187211 0.000593657 0.0050846 0.000944938 0.00541571 -0.00119926 0.000330285 -0.00319421 -0.0031388 0.00524862 6.63118e-05 0.00245252 -0.00152642 -0.000453573 -0.000753014 0.000916245 -0.000820231 -0.00516502 -0.00521291 0.00581143 9.55076e-05 -0.000422769 0.000509974 0.000915193 -0.00373207 -0.00118103 -0.00519948 -0.00253567 -0.00175401 -0.00390482 -0.00589464 0.00083094 0.00211549 0.00111673 0.000364773 0.00217477 -0.000751331 0.0110566 0.00448587 -0.0116246 -0.0125365 -0.000260426 -0.0155562 -0.0021584 0.00660033 0.00275337
internal_weight=401299 1333 753 399966 580 4741 3971 1238 395225 169036 21947 226189 49201 46679 18856 176988 147089 21497 10351 8505 10154 8382 39395 137593 4303 747 380 27823 7113 36651 20603 20710 9708 14380 3542 5399 369 125592 73669 33031 30152 2879 40638 7567 3567 11485 5415 2179 51923 18173 14502 26441 9171 16098 316 244 107 171 20332 186 4260 1643 7044
internal_count=401299 1333 753 399966 580 4741 3971 1238 395225 169036 21947 226189 49201 46679 18856 176988 147089 21497 10351 8505 10154 8382 39395 137593 4303 747 380 27823 7113 36651 20603 20710 9708 14380 3542 5399 369 125592 73669 33031 30152 2879 40638 7567 3567 11485 5415 2179 51923 18173 14502 26441 9171 16098 316 244 107 171 20332 186 4260 1643 7044
is_linear=0
shrinkage=0.05


Tree=60
num_leaves=64
num_cat=0
split_feature=0 8 4 6 10 23 1 8 35 1 8 48 15 41 35 21 18 13 16 36 4 39 33 15 24 49 3 23 15 1 22 21 3 10 45 35 24 41 13 5 8 20 46 0 5 34 33 20 0 13 20 24 10 0 3 2 21 34 10 2 20 10 20
split_gain=68.6298 147.138 66.588 35.0965 57.1922 46.93 35.2186 44.7921 32.6109 31.5587 27.5311 26.9295 26.8029 24.6424 37.6469 24.2873 23.9726 25.7467 23.3821 23.1021 25.0006 22.1478 21.9295 26.3154 21.865 21.1214 19.5817 29.5369 26.1726 27.0876 21.0354 34.9433 28.1048 31.1352 40.2132 35.3788 27.4944 24.5931 25.969 22.5535 36.5242 22.2905 21.1125 31.0481 53.3142 24.9887 28.6737 29.2464 24.1432 31.2319 23.924 23.0984 24.9189 22.4285 22.9708 21.3009 20.9709 20.7709 20.2135 21.4176 20.0014 23.8571 19.7812
threshold=7.3571428571428585 0.85507246164371242 0.035714285714285553 -1.2212473088411244 134.6428571428572 -0.13677323636971209 1.4507855915496055 0.99999999838839548 33.561224489795926 0.055313740228350762 0.2105263154245833 80.000081800303931 -1.8703296703296752 1.1111096419746682 -322.94387755101957 -1.0330567918171594 0.023204753009091455 2.5156936226109168 -0.28601002279616344 -0.25804425785593244 50.01785714285716 76.744327204039152 0.15425818700452129 0.86813186813186749 23.833333333333339 1.2335158720343453 -0.31331891224696279 -0.5533465412354357 -0.66373626373626682 0.057354768540041456 140.6377551020409 -0.10796868385209019 1.0652389965096647 89.071428571428584 50.632912889761407 10981.890306122439 16.166666666666668 4.3478056584526419 0.16867459037597851 3.3197802197802089 0.82147904710691333 0.16176680148270067 15.019028577914392 73.642857142857153 0.86373626373623424 -0.028936414534124998 0.087723285208767723 0.40361249421841089 16.357142857142858 -0.55810897406026339 2.1980132115563218 8.1666666666666696 7.5000000000000009 98.500000000000014 0.14675556861232072 -0.015611056336844847 -0.13082666502893922 0.074382544837512415 370.78571428571428 0.8676082759349405 0.0060547923798540508 2.6428571428571437 1.8465987562346324
decision_type=2 2 2 2 2 2 2 2 2 2 2 2 2 2 2 2 2 2 2 2 2 2 2 2 2 2 2 2 2 2 2 2 2 2 2 2 2 2 2 2 2 2 2 2 2 2 2 2 2 2 2 2 2 2 2 2 2 2 2 2 2 2 2
left_child=1 11 9 4 8 21 16 10 -2 -3 -8 -1 -13 19 25 -12 18 26 -5 20 -7 -6 -10 -24 -25 -15 27 -18 29 -29 39 37 -33 -34 35 36 58 41 -39 42 -41 -32 43 44 48 62 -47 53 49 55 -50 52 -46 54 -48 -28 -52 -38 -35 -60 -30 -62 -44
right_child=3 2 -4 6 5 13 7 -9 22 -11 15 12 -14 14 -16 -17 17 -19 -20 -21 -22 -23 23 24 -26 -27 30 28 60 -31 31 32 33 34 -36 -37 57 38 -40 40 -42 -43 45 -45 51 46 47 -49 50 -51 56 -53 -54 -55 -56 -57 -58 -59 59 -61 61 -63 -64
leaf_value=0.022401485274025502 -0.0055755993063465572 -0.01264721691372022 -0.074161642402686342 -0.042777619975557402 -0.032358197561369623 -0.054353574691010147 0.053974625972806181 -0.063227031498681946 0.076735423582060411 0.10374048758035226 -0.052355482995156133 -0.059274671492040021 -0.022211326162513246 -0.032341991011679241 0.018418479613330291 -0.024011060133999385 -0.055136617716921271 0.025637109261266278 -0.0013171038360101585 -0.012442111582574694 0.0022015477346298828 -0.013177285254706484 0.10480256413411167 0.028534482454848176 -0.07038545708505338 -0.015857795441147227 -0.011935205594006649 -0.029369813787698096 0.077920015396104214 0.0051810847830143121 0.0095454217985750048 -0.00033782045357151348 0.044551466640672291 0.041372235173341078 0.15184457079715397 0.049262913872059791 -0.10764162695827195 -0.014821307064296541 -0.063561843576896856 -0.022713649307231035 0.0078645428679331216 -0.0093583011221764611 0.0003261414707980137 -0.0032947346493053865 -0.062408723567665719 0.0046314745096479376 -0.029944290735178306 0.035016773580831599 0.01121961281120154 -0.0058127099882950622 0.14362220536930423 0.1216711494586445 0.046137223865860992 0.019700190582872867 0.059644946504544084 -0.12533759548807241 -0.10333839629844555 0.0091074894216356846 -0.067495775018653517 0.08345013279487079 -0.043672535035844985 0.0043614210146644796 0.096777358359391552
leaf_weight=1384 3568 613 604 542 619 416 493 422 400 29 209 58 2462 75 972 1723 521 2562 573 1086 141 272 58 22 89 329 45 9133 97 2788 3721 86956 399 393 83 130 144 4749 1725 11765 6982 15876 47767 73569 336 34304 2055 10266 23644 9235 26 404 4034 17109 336 68 288 69 84 37 627 11555 258
leaf_count=1384 3568 613 604 542 619 416 493 422 400 29 209 58 2462 75 972 1723 521 2562 573 1086 141 272 58 22 89 329 45 9133 97 2788 3721 86956 399 393 83 130 144 4749 1725 11765 6982 15876 47767 73569 336 34304 2055 10266 23644 9235 26 404 4034 17109 336 68 288 69 84 37 627 11555 258
internal_value=-0.00016707 -0.00590183 -0.0208611 -9.2503e-05 -0.00336084 -0.00769673 -2.47229e-05 -0.00556531 0.000736023 -0.0320744 -0.00294627 -0.00112574 -0.0042042 -0.00471829 0.000214374 -0.00563894 1.621e-05 3.74733e-05 -0.00730428 -0.00885217 -0.0171334 -0.0177814 0.011852 -0.00322295 -0.0175068 -0.0126083 3.91794e-06 -0.00135694 -0.00110309 -0.00277198 9.82046e-05 -0.000460757 1.41004e-05 0.0072026 0.00222849 -0.000985883 -0.00528813 -0.00206915 -0.0047412 0.000361848 -0.00130394 -0.00118614 0.000501443 1.47337e-05 0.00117371 0.000986172 0.00163251 0.00276808 0.00046523 -0.00168965 0.00130624 0.00611529 0.00505595 0.0016305 -0.00290452 -0.0278073 -0.0124005 -0.0203895 0.000962848 -0.0168869 0.000516732 0.000336149 0.000123789
internal_weight=401299 5150 1246 396149 8047 3910 388102 2847 4137 642 2425 3904 2520 3019 1376 1932 385255 384140 1115 1643 557 891 569 169 111 404 381578 24721 24200 11921 356857 114366 88295 1339 940 857 727 26071 6474 242491 18747 19597 223744 111649 38080 112095 64070 29766 33306 9348 23958 4774 4370 19500 2391 113 314 213 514 121 12279 12182 48025
internal_count=401299 5150 1246 396149 8047 3910 388102 2847 4137 642 2425 3904 2520 3019 1376 1932 385255 384140 1115 1643 557 891 569 169 111 404 381578 24721 24200 11921 356857 114366 88295 1339 940 857 727 26071 6474 242491 18747 19597 223744 111649 38080 112095 64070 29766 33306 9348 23958 4774 4370 19500 2391 113 314 213 514 121 12279 12182 48025
is_linear=0
shrinkage=0.05


Tree=61
num_leaves=64
num_cat=0
split_feature=7 8 2 7 5 46 38 7 29 22 46 16 28 5 44 30 13 0 29 32 43 2 26 8 34 16 30 16 6 45 12 31 2 29 1 28 29 17 7 18 15 35 25 25 16 25 5 6 0 49 25 6 28 12 1 0 28 29 32 28 30 29 7
split_gain=278.872 106.305 48.3692 35.3962 33.2983 23.6671 24.3105 20.8802 25.0697 26.0518 21.392 22.7178 19.9503 19.9164 20.3193 19.6986 19.4088 28.3865 43.4772 31.3687 23.1553 20.9903 24.4505 24.096 26.9771 26.6643 25.8346 29.682 23.8126 24.9477 23.5807 23.3582 22.5184 20.3234 20.235 19.5817 19.4387 19.367 21.0651 20.9468 19.2293 26.274 21.0015 23.7067 19.8772 18.4988 22.4818 18.4446 18.3026 18.1605 18.0142 17.8894 20.1411 18.2349 22.0651 21.1598 35.0478 20.1812 20.8303 18.5396 27.6124 17.8528 32.5743
threshold=1.0000000180025095e-35 0.85507246164371242 0.017708352050428356 575.42583609436599 -0.61758241758243615 31.967199011330909 88.764051389982939 44.606671039246386 -1.3498211945769267 -3354.6250000000032 26.923081200691758 -1.599378828171351 0.45504479826286054 -9.4648351648351809 98.387100062435522 3.4875824096559183 2.1438441770342838 715.64285714285722 0.33854864092658782 3.5000000000000004 20.792078767767816 -0.48104706297623789 -0.57894741828254181 0.24591498683738408 -0.10454862678029599 -0.96852591502192997 1.1866293940411488 0.097108980060767972 -0.33054473202015783 33.333332522045779 -0.46458437257027524 0.99999999298236986 0.25179852766096639 1.0681799931591025 1.4507855915496055 -0.99606299255998498 1.6666596018787467 12.168040851369327 285.10989646263823 0.30434781616257128 -30.687912087912114 -160145.68367342817 3.2142857142857149 480.64285714285717 0.21882394286074394 40.785714285714292 23.435164835164823 -1.0621576585142167 527.92857142857156 1.0297590502851457 21.642857142857149 1.0580829615675267 -0.25000109374834106 0.38596484136144832 0.33721835482210011 679.92857142857156 0.020547871809913753 142856.8511916915 7.5000000000000009 107141.85714285717 1.0969516176828356 0.065815771363503126 259.16006387518934
decision_type=2 2 2 2 2 2 2 2 2 2 2 2 2 2 2 2 2 2 2 2 2 2 2 2 2 2 2 2 2 2 2 2 2 2 2 2 2 2 2 2 2 2 2 2 2 2 2 2 2 2 2 2 2 2 2 2 2 2 2 2 2 2 2
left_child=1 4 -3 7 -1 6 -5 13 9 -9 11 -11 -8 14 -2 -13 21 18 -18 20 -19 22 35 30 25 37 27 49 -29 32 -23 34 -30 -34 -28 -10 -24 -25 -39 -40 41 -26 -43 44 -44 47 -47 -17 -33 -27 -49 53 -53 59 55 -55 -57 58 -56 -15 -61 -42 -63
right_child=3 2 -4 5 -6 -7 12 8 16 10 -12 15 -14 51 -16 45 17 19 -20 -21 -22 23 36 24 40 26 31 28 29 -31 -32 48 33 -35 -36 -37 -38 38 39 -41 61 42 43 -45 -46 46 -48 50 -50 -51 -52 52 -54 54 57 56 -58 -59 -60 60 -62 62 -64
leaf_value=-0.041535682905452453 -0.012199648775154549 -0.013794935263700452 -0.012014856068034208 -0.0042882063824625453 -0.0015349064469375726 -0.023633637663769136 -0.014570404349192989 -0.031300740203968523 0.022748644605487419 -0.038718082545413327 0.035435706427865567 -0.02772191482497708 -0.041828102728550622 0.0010886150847025267 -0.056777780410101265 0.11164623870111666 0.056911971967844283 -0.026723736234779173 -0.021964510452227515 -0.032642324676316274 0.05528010838845776 -0.028200258389911855 -0.0041969007574487183 0.048475630311068857 0.11433484677813165 0.095888947193644561 -0.020277688788380745 0.16873946668827086 -0.019619302589079714 0.031262077508340445 0.037729668719398958 -0.021369287474506782 -0.069653063430741236 0.11988026607075496 -0.075329796042623701 -0.057262059089121867 -0.11148324519689973 -0.065974699775531789 -0.061962748369599835 0.10145092210169067 0.0023423351114625346 -0.052291351881619708 0.073088592932624361 -0.042122990333020915 -0.058721276830377048 -0.12113166622189356 0.064820694989092292 0.10729329123728544 0.082462424766239467 0.018545765280521487 -0.059642620278952757 -0.10210207100790042 0.016683361387180583 0.0071230637941286368 0.054455529629461367 0.1742800942732925 -0.096493150951662388 -0.053417160273142944 0.022840797511197941 -0.044239144691931402 0.16445163674150726 -0.0041406463873754793 -0.052074826776540878
leaf_weight=85 9500 582 171 3523 495 816 227 1066 92 488 670 1569 175 246445 96 78 1639 139 551 654 330 314 1185 103 161 438 21293 50 1411 900 2555 214 1232 28 329 352 36 697 38 78 39842 81 952 352 68 50 64 147 337 3626 51 466 361 21430 1578 81 32 147 2335 2042 91 24937 1424
leaf_count=85 9500 582 171 3523 495 816 227 1066 92 488 670 1569 175 246445 96 78 1639 139 551 654 330 314 1185 103 161 438 21293 50 1411 900 2555 214 1232 28 329 352 36 697 38 78 39842 81 952 352 68 50 64 147 337 3626 51 466 361 21430 1578 81 32 147 2335 2042 91 24937 1424
internal_value=-0.000157102 -0.0229878 -0.0353804 -8.09944e-05 -0.00688674 -0.00437557 -0.00276299 -2.94642e-05 -0.000612406 -0.00440941 -0.00209971 -0.00426832 -0.0144118 0.000197098 -0.00204198 -0.00186055 -0.000463133 0.00330355 0.00661842 -0.00315644 0.00670433 -0.000584193 -0.00615278 -0.000492755 -0.000624245 -0.00185204 -0.00159404 0.000903697 -0.0023874 -0.00286886 0.00402391 -0.00245996 -0.00529557 -0.010154 -0.00271921 -0.0162013 -0.00249365 -0.0102554 -0.0128459 0.00684755 -6.70185e-05 0.00532495 0.00319661 0.00466074 0.00852367 0.00819021 -0.00872042 0.0151938 0.00770278 0.00383726 0.0070419 0.000275246 -0.00706686 0.000297413 0.00156797 0.00093046 0.0225022 0.00494939 0.00563364 0.000166527 -0.00447471 -0.000198556 -0.00120803
internal_weight=401299 1333 753 399966 580 4741 3925 395225 110621 4183 3117 2447 402 284604 9596 1959 106438 3313 2190 1123 469 103125 1665 101460 98591 30774 29858 7685 3621 3571 2869 22173 2671 1260 21622 444 1221 916 813 116 67817 1614 1453 1372 1020 390 114 276 551 4064 198 275008 827 274181 25603 21543 113 4060 3913 248578 2133 66203 26361
internal_count=401299 1333 753 399966 580 4741 3925 395225 110621 4183 3117 2447 402 284604 9596 1959 106438 3313 2190 1123 469 103125 1665 101460 98591 30774 29858 7685 3621 3571 2869 22173 2671 1260 21622 444 1221 916 813 116 67817 1614 1453 1372 1020 390 114 276 551 4064 198 275008 827 274181 25603 21543 113 4060 3913 248578 2133 66203 26361
is_linear=0
shrinkage=0.05


Tree=62
num_leaves=64
num_cat=0
split_feature=17 8 4 10 3 3 11 4 2 24 30 27 8 1 3 41 21 31 46 6 24 23 3 30 24 4 15 44 49 17 15 47 10 30 31 8 28 21 11 15 39 8 3 28 10 13 10 30 17 24 2 40 17 29 39 47 35 3 13 41 17 23 16
split_gain=76.6499 121.497 84.8852 29.577 51.7594 28.0094 25.1671 23.1381 21.5247 21.7408 23.559 22.9721 20.9563 34.6014 41.5909 33.9059 28.7568 23.3963 24.3661 21.0416 22.9651 20.0965 20.0664 23.9148 19.3121 18.9031 28.9004 21.3262 18.8908 18.8738 18.6553 18.2023 17.8471 25.3028 21.1795 17.5862 17.4451 17.4423 17.3764 21.7694 18.0399 20.7923 34.2393 28.7058 22.5487 17.9005 22.6539 21.0776 19.4241 18.4297 18.1513 16.9782 16.8559 16.2484 22.1852 34.7273 20.2471 17.4755 23.1533 27.3604 17.7471 17.4577 18.2014
threshold=0.89206923737898125 0.97826085361531234 0.24999999999999986 260.50000000000006 1.9015236560719784 -0.84238459031585455 0.13333329825396933 -0.035714285714285844 -0.069306971007741885 3.1666666666666674 0.40084052878225412 -0.21193409884513179 0.99999999326591704 1.4507855915496055 1.0652389965096647 0.81286269826618607 -0.071349734582659835 0.41269840778533645 28.865966602704606 0.29022369969629996 189.50000000000003 -0.26464429370669545 -0.31331891224696279 11.508647898310274 1004871.6666666667 -0.21428571428571452 -0.50549450549451291 12.499969843611568 1.3835353610152212 2.0652558462889572 11.847252747252723 59.523817525515788 190.64285714285717 0.6693653886118528 0.60084935006491802 0.44999998312500072 0.040983571715713804 -0.78557893054654482 -0.59405941251748906 1.3450549450549329 57.142867806124507 0.86556368485260771 0.19824472757144607 0.533332260000835 97.500000000000014 0.94905736248291805 137.92857142857147 1.3701566210955571 53.465037211669532 2.5000000000000004 0.43820223635062922 4.3214880698473825 83.839861933120929 -0.16739676691677463 70.873817389020232 63.235307190749239 -5515.5586734693889 -0.15671647297560201 -0.44545457486225731 8.2652968753172207 44.433394308430088 -0.08875313533709768 -0.43766658308136674
decision_type=2 2 2 2 2 2 2 2 2 2 2 2 2 2 2 2 2 2 2 2 2 2 2 2 2 2 2 2 2 2 2 2 2 2 2 2 2 2 2 2 2 2 2 2 2 2 2 2 2 2 2 2 2 2 2 2 2 2 2 2 2 2 2
left_child=1 8 7 5 6 25 24 -3 9 10 35 36 30 14 16 -15 -14 18 -16 -18 -21 -6 23 -10 37 26 -2 -27 52 -29 31 32 -7 -34 -35 -1 -11 -5 39 -33 45 44 -43 -44 -42 48 47 -47 50 -50 51 -40 -19 54 -39 56 -56 58 59 60 -55 62 -60
right_child=3 2 -4 4 21 12 -8 -9 22 11 -12 -13 13 15 17 -17 19 28 -20 20 -22 -23 -24 -25 -26 27 -28 29 -30 -31 -32 38 33 34 -36 -37 -38 53 40 -41 41 42 43 -45 -46 46 -48 -49 49 -51 -52 -53 -54 57 55 -57 -58 -59 61 -61 -62 -63 -64
leaf_value=0.16215252217473056 -0.042311636896872416 0.0087923635154344877 -0.026077857682777685 0.094748840641759577 -0.025203276720122278 0.0044874879835858916 0.0046039304959574869 -0.011414113264632498 -0.074377469981267347 -0.042966509638762432 -0.035457286148478588 0.080685423842585771 -0.026538561645204607 -0.023422685412176892 -0.042452580072492564 -0.084554347191135248 0.0013326018186521793 0.067991818792028272 0.12957741950142304 -0.047981768356719218 0.084514529521182435 -0.015824663851982796 -0.037791624393796353 0.033907156836229468 -0.081595938046755301 -0.033928320875589814 0.12245654175683285 -0.046700502438133527 -0.04387833770857133 0.013464167764817625 0.02899281320338494 -0.030611214882621918 0.074527864240629432 -0.041971642491897936 -0.0013330824756779382 -0.013955219526599283 0.19778702969594661 -0.013966078369568603 -0.005337338220243449 0.070616277981597794 0.0035304668470277803 0.0043587713978726853 0.024330825644735921 0.057638730608640824 -0.010648270027007634 -0.050483729799800453 -0.053470253411249669 0.02069057200233293 -0.028590283308587861 0.041730219207160024 -0.03703066788644762 0.00083800393819042371 -0.045225366689460922 0.26439875687731751 -0.06943492065031634 -0.074059703052097803 -0.0044477292327033792 -0.0024977367001602913 -0.13024515107058432 -0.14714836031504394 0.020107933817921843 -0.067998452076441049 -0.0016882606711109639
leaf_weight=203 479 34 357 124 273 150237 8971 462 191 267 605 587 6984 420 346 281 12231 706 100 1356 165 2120 1821 49 261 249 190 55 106 175 2008 3040 494 2737 4302 365 34 2810 43752 250 50392 14363 2230 1058 14087 779 412 738 420 1909 2069 46414 68 49 57 380 564 13075 73 39 315 862 749
leaf_count=203 479 34 357 124 273 150237 8971 462 191 267 605 587 6984 420 346 281 12231 706 100 1356 165 2120 1821 49 261 249 190 55 106 175 2008 3040 494 2737 4302 365 34 2810 43752 250 50392 14363 2230 1058 14087 779 412 738 420 1909 2069 46414 68 49 57 380 564 13075 73 39 315 862 749
internal_value=-0.000152866 -0.00632048 -0.0234967 -7.54307e-05 -0.00156549 4.97672e-05 -0.000968792 -0.0368776 -0.00276437 0.000846635 -0.00361862 0.00675037 7.43441e-05 -0.00139458 -0.00104682 -0.0123306 -0.00159601 0.00753714 -0.00178211 -0.000268686 -0.00581487 -0.00862689 -0.00637766 -0.0199708 -0.00198341 -0.00774758 -0.00230907 -0.0153308 0.0122657 -0.00432421 0.000172217 0.000143796 0.000536825 -0.00183789 -0.00260616 0.00368773 -0.00446695 -0.00179844 -0.000197045 -0.00379776 -0.000130694 0.000413916 0.00193444 0.00653721 -2.24879e-06 -0.000594291 -0.0053626 -0.00253444 -0.000496964 0.00401228 -0.000610885 -0.000504569 0.0149787 -0.00192088 -0.00483981 -0.0112326 -0.00393656 -0.00118684 -0.00543577 0.00532126 0.00959901 -0.00801318 -0.00279163
internal_weight=401299 4975 853 396324 30722 365602 28329 496 4122 2061 1173 888 364454 22763 22062 701 20736 1326 446 13752 1521 2393 2061 240 19358 1148 669 479 880 230 341691 339683 157770 7533 7039 568 301 19097 181913 3290 178623 82130 17651 3288 64479 96493 1929 1517 94564 2329 92235 90166 774 18973 3811 1001 621 15162 2087 403 364 1684 822
internal_count=401299 4975 853 396324 30722 365602 28329 496 4122 2061 1173 888 364454 22763 22062 701 20736 1326 446 13752 1521 2393 2061 240 19358 1148 669 479 880 230 341691 339683 157770 7533 7039 568 301 19097 181913 3290 178623 82130 17651 3288 64479 96493 1929 1517 94564 2329 92235 90166 774 18973 3811 1001 621 15162 2087 403 364 1684 822
is_linear=0
shrinkage=0.05


Tree=63
num_leaves=64
num_cat=0
split_feature=7 8 5 5 34 14 29 33 12 5 14 39 15 4 37 7 9 15 13 31 20 20 4 45 5 20 33 17 34 42 10 42 20 14 41 1 41 17 13 29 21 29 20 21 32 10 33 34 7 45 50 25 23 10 17 29 34 45 24 9 17 30 45
split_gain=262.995 108.795 49.1678 35.3191 31.0715 24.3404 42.3851 30.7991 22.6151 24.3861 21.9563 18.4548 27.1631 26.24 25.9161 25.8001 23.5886 22.0117 20.0245 34.5993 32.0879 33.4677 24.721 21.432 25.2647 22.6806 20.7283 19.4842 19.1919 19.043 19.9049 18.6392 27.1383 18.5363 18.4957 18.4249 18.2779 18.168 18.774 18.1288 18.0398 18.5351 18.0633 17.7678 17.7275 17.7089 20.0718 17.5309 17.4857 17.2762 19.7331 17.1992 17.059 17.0583 16.958 19.3025 16.8985 16.7705 19.4088 19.3488 16.5715 16.3781 16.0024
threshold=1.0000000180025095e-35 0.85507246164371242 1.0000000180025095e-35 -0.61758241758243615 -2.6935576653618711 -14.67857142857142 -0.72853778057454954 0.019859998601064754 0.83486707172620911 23.435164835164823 -73.107142857142819 65.217446687186296 -2.9274725274725335 28.714285714285719 33.355057868846245 0.98974331861078702 4.5000000000000009 0.19780219780219768 2.1438441770342838 0.47826086090107139 0.8387095985085059 1.3508311819316636 -4.7857142857142749 39.024412489619898 1.5868131868131772 0.0060547923798540508 0.062180367181577156 42.509782786970838 1.3425553549517943 5.6337943661851186 322.50000000000006 29.545452293387708 0.65789471113489617 24.46428571428573 2.1495629427290543 1.1259622373222411 3.1249903124963656 9.2460686216744197 -0.51280564976182519 7.5249443523361803 -0.080235741036187427 -5.1845017978903156 1.02207175079426 -1.0330567918171594 3.5000000000000004 695.92857142857144 0.0024706173217544005 -0.391434245792666 4.2737922764031184 9.9999228497428003 5.4924482351407748 0.21428571428571427 0.0068474901561411004 2562.5714285714289 3.9434782119549321 -35826.195076787393 -0.74785064563938264 49.230832674726656 19.500000000000004 1.0000000180025095e-35 221.39792376216943 119.21777114158574 28.431368007496125
decision_type=2 2 2 2 2 2 2 2 2 2 2 2 2 2 2 2 2 2 2 2 2 2 2 2 2 2 2 2 2 2 2 2 2 2 2 2 2 2 2 2 2 2 2 2 2 2 2 2 2 2 2 2 2 2 2 2 2 2 2 2 2 2 2
left_child=1 3 -3 -1 37 6 7 -6 9 10 -9 13 34 -7 57 16 -14 -16 23 22 45 44 -20 26 28 -26 27 43 -25 30 -27 -24 51 39 40 -35 -10 -2 -39 62 41 -13 -42 -17 -22 46 -21 -5 56 -8 -51 -33 -23 -40 55 -18 -28 58 59 -15 -50 -62 -29
right_child=4 2 -4 47 5 11 49 8 36 -11 -12 12 15 14 17 18 54 -19 19 20 21 52 31 24 25 29 48 33 -30 -31 -32 32 -34 35 -36 -37 -38 38 53 -41 42 -43 -44 -45 -46 -47 -48 -49 60 50 -52 -53 -54 -55 -56 -57 -58 -59 -60 -61 61 -63 -64
leaf_value=-0.038974486809703085 -0.12414552468809373 -0.013323127070409061 -0.010843407601400873 0.012252727615906274 -0.013846578778910018 -0.00043564364680952487 -0.02696510455662593 0.0015990517002035588 0.10972846869737088 -0.023661103066810837 -0.043539958746910253 -0.093812444451119345 -0.15048989053268672 -0.064255083783125763 0.00092546317040203001 -0.091317553542655694 0.16308846755233997 -0.032146868910178442 -0.062321919449520952 -0.029607646339196866 -0.063439350168262881 0.16714822595101742 -0.010905757661118188 0.0048042568108229051 -0.074348263046141574 0.088406452335452468 -0.14640626106369412 -0.044291436536999851 0.04550016071983274 0.013012321772871727 -0.024086947151567475 0.13077348189488439 -0.050782777954644344 0.024579117658785479 0.0072483443581560008 -0.060666641780080799 -0.020658472967560199 0.11720300981349019 -0.018620340311322398 0.12323712694651726 -0.038504225326538945 -0.002197679288979204 0.043018354700099584 0.00098905518087502044 0.024564919988001855 -0.012609772685158916 0.059106370676257305 -0.015259607505709838 0.016407292987062807 -0.010603096439341986 0.018146377673343306 0.058841977896546709 -0.002556784546528679 -0.031405551405814476 0.06137645462035124 -0.057505859811694565 -0.0065635294289269289 0.046053623862553163 0.0012392626005161668 -0.013883474821175447 -0.099961644518497816 0.044572637758769608 0.022209615905848835
leaf_weight=85 168 583 170 256 1403 227324 3614 176 41 161 425 60 122 734 1256 173 53 3178 151 92 150 63 709 11901 137 2414 57 2360 1438 1260 245 88 111 968 4080 198 27 25 1376 76 4158 4208 398 64979 61 142 878 239 32384 7787 5265 101 60 34 141 1108 3724 574 5185 1403 148 88 326
leaf_count=85 168 583 170 256 1403 227324 3614 176 41 161 425 60 122 734 1256 173 53 3178 151 92 150 63 709 11901 137 2414 57 2360 1438 1260 245 88 111 968 4080 198 27 25 1376 76 4158 4208 398 64979 61 142 878 239 32384 7787 5265 101 60 34 141 1108 3724 574 5185 1403 148 88 326
internal_value=-0.000141403 -0.0223127 -0.0348493 -0.00602482 -6.74932e-05 -3.95242e-05 -0.00179083 -0.00825982 -0.0158957 -0.0183637 -0.0137165 4.76857e-05 0.00050422 -0.000218628 -0.00246511 0.000726482 -0.00596517 -0.00552423 0.000802465 0.00513986 0.0103001 -0.00327746 -0.00128868 0.000710431 0.00233658 0.00579251 0.000442212 -6.6517e-05 0.00128532 0.00649256 0.00889211 0.00153107 0.0119793 -0.00348642 -0.00168125 0.00179659 0.011674 -0.00701453 -0.00518779 -0.00571848 -0.00296857 -0.000631429 -0.00515682 0.000139596 -0.0153719 0.0143827 0.0167972 -0.000898808 0.00140779 -0.000923731 -7.62329e-05 0.0235061 0.0174249 -0.00595348 -0.00398971 -0.0059814 -0.00181032 -0.000746571 -0.00139236 -0.00540218 0.00178096 -0.0114147 -0.00640147
internal_weight=401299 1333 753 580 399966 398363 18899 2233 830 762 601 379464 139810 239654 12330 126906 1424 4434 125482 2606 1446 334 1160 122876 17395 4056 105481 69080 13339 3919 2659 1009 300 3928 12904 1166 68 1603 1435 2762 8824 4268 4556 65152 211 1112 970 495 36401 16666 13052 189 123 1410 1302 1161 3781 7896 7322 2137 32620 236 2686
internal_count=401299 1333 753 580 399966 398363 18899 2233 830 762 601 379464 139810 239654 12330 126906 1424 4434 125482 2606 1446 334 1160 122876 17395 4056 105481 69080 13339 3919 2659 1009 300 3928 12904 1166 68 1603 1435 2762 8824 4268 4556 65152 211 1112 970 495 36401 16666 13052 189 123 1410 1302 1161 3781 7896 7322 2137 32620 236 2686
is_linear=0
shrinkage=0.05


Tree=64
num_leaves=64
num_cat=0
split_feature=7 8 2 7 24 25 37 36 34 10 33 27 24 11 3 14 23 13 18 3 47 8 49 27 33 3 33 7 44 27 33 30 21 23 7 0 8 46 30 10 37 30 27 25 2 25 29 11 20 25 33 29 16 23 48 29 14 20 37 26 17 10 25
split_gain=260.959 107.794 45.6595 28.5045 24.7543 41.9225 24.8575 24.2842 22.1665 22.251 20.7574 21.9268 20.6216 20.0868 28.8682 30.3921 47.2321 26.1659 32.9121 25.3487 23.0734 22.8531 22.2859 21.8752 33.2155 21.3495 23.6702 21.1172 24.9577 20.1794 19.6044 22.5811 21.5064 21.135 19.2055 19.1092 19.0099 18.7521 24.7441 24.3956 18.6181 18.2807 18.256 18.2351 21.7633 22.3325 18.9905 19.2981 18.2348 26.3436 22.6258 21.044 18.1233 17.5167 24.7254 19.1254 17.3521 17.2747 16.9129 16.5647 16.1441 16.0929 18.3785
threshold=1.0000000180025095e-35 0.85507246164371242 0.017708352050428356 575.42583609436599 253.16666666666671 631.64285714285722 34.065937666949402 -0.26211161281963052 -0.028936414534124998 1106.8571428571429 0.37812624485726876 0.99999915073565504 5233.166666666667 -0.057930676909909495 0.30359998591017201 -3.4285714285714293 -0.12477474880806738 0.21073269459894559 0.94148935878083995 0.7225756841646801 43.181820769630072 0.9910714219347897 1.2211048377815148 0.12499997302576081 0.019040773518304906 -0.49704550344907039 1.3558523119788821 239.42571597333139 10.989012375317854 -0.071428764880910392 0.0079051382487879008 3.3775959110309932 0.76358548365558487 0.098901085897939667 2.4243514922295839 13.928571428571431 0.68749996777343936 11.635782678081242 9.4652961964171691 187.35714285714289 33.355057868846245 4.6664190948708892 0.21987167819367784 863567.85714285728 -0.049242431595189491 13.357142857142859 0.17459138588764567 -0.14121588051346823 0.29080866362321639 18.642857142857149 0.038684500068619357 -0.059830444979744497 -0.4024157627851575 0.12261363256163656 32.203388020682972 -0.21607215780314423 2.5357142857142914 0.25883526137907475 24.323989753129016 -0.068965557372174149 0.89206923737898125 20.928571428571434 5.6428571428571432
decision_type=2 2 2 2 2 2 2 2 2 2 2 2 2 2 2 2 2 2 2 2 2 2 2 2 2 2 2 2 2 2 2 2 2 2 2 2 2 2 2 2 2 2 2 2 2 2 2 2 2 2 2 2 2 2 2 2 2 2 2 2 2 2 2
left_child=1 7 -3 13 30 -6 10 35 -8 -10 11 57 -12 14 25 16 19 21 20 22 -19 -15 -16 -20 -25 26 34 -18 -29 -17 31 -5 33 -32 -2 -1 37 -27 39 -39 59 -41 -34 44 46 -46 47 -40 51 50 -50 -21 -35 54 -33 58 -42 -7 -56 -38 -4 -22 -63
right_child=3 2 60 4 5 6 8 -9 9 -11 12 -13 -14 17 15 29 27 18 23 48 61 -23 -24 24 -26 36 -28 28 -30 -31 32 53 42 52 -36 -37 40 38 43 41 56 -43 -44 -45 45 -47 -48 -49 49 -51 -52 -53 -54 -55 55 -57 -58 -59 -60 -61 -62 62 -64
leaf_value=0.0026551180333909403 -0.066904194521607049 -0.012656970716888608 -0.01137533748293907 -0.025143665070951421 0.018957953759770697 -0.055958654893155671 -0.019916505074949544 -0.032620112287327058 0.12430967534868871 -0.041517848629546474 0.025899131846902179 0.15537798208089434 -0.068024457091075033 0.0009972895119291004 0.010600136100674385 -0.024845075103735584 -0.018522799976207184 0.028480371545717722 0.010400885408579419 0.038227298485562458 0.021301055364447621 -0.005219485589315509 -0.075202094466573291 0.0048223922611320804 0.045667302963236601 -0.0029681447270348384 0.082695413930420222 -0.033270153832869791 0.030293713217546894 0.014669931160351757 -0.026126866274616779 -0.071884120691800238 -0.042262848403875806 0.13405565700247732 -0.024559955192149621 -0.069803896731892676 -0.0056924783040446236 0.0082495913928054779 0.063114683426184204 -0.086205220830070678 -0.0076649444206979391 0.039558072819249834 0.090366209436725867 -0.036808271811265982 0.14299357655242803 0.01618443560049072 -0.034285998673160067 0.0088822464296326228 -0.036878145651349996 -0.049980861508197832 0.10394675797448492 -0.071654170514873036 -0.031099744270930749 -0.031053750383669799 0.16050273644841609 0.0052603396549961712 -0.06323185118346282 -0.030136861189812306 -0.017293915173778453 0.0060598606845643672 0.0079788014161062404 -0.011267274381819981 0.0039105904952425278
leaf_weight=400 358 582 71 859 1443 163 196 158 132 68 198 20 121 155451 746 3624 4992 5656 7870 194 4841 21537 1237 2120 3160 29777 151 108 1039 4677 659 24 46 37 4849 22 25260 28775 2927 1167 25092 586 83 838 35 3354 303 796 695 274 39 77 120 66 163 220 949 78 45 26117 100 11696 13858
leaf_count=400 358 582 71 859 1443 163 196 158 132 68 198 20 121 155451 746 3624 4992 5656 7870 194 4841 21537 1237 2120 3160 29777 151 108 1039 4677 659 24 46 37 4849 22 25260 28775 2927 1167 25092 586 83 838 35 3354 303 796 695 274 39 77 120 66 163 220 949 78 45 26117 100 11696 13858
internal_value=-0.000152368 -0.0222376 -0.0347165 -7.87442e-05 -0.00393263 -0.000390641 -0.00839566 -0.00602482 0.00124968 0.0129685 -0.0149888 -0.02545 -0.00640865 -3.25005e-05 -0.000444846 -0.00235537 -0.00430216 0.000275632 0.0012956 -0.00916434 0.000514409 -7.88189e-06 -0.00561999 0.00343686 0.00592697 -0.000221331 -0.00332114 -0.00171768 0.00439805 -0.00014998 -0.00762026 -0.00380873 -0.0131679 -0.0161684 -0.00388796 0.000225065 -0.000107518 0.000498774 0.00122341 0.000566527 -0.000644488 -0.00515943 0.00577072 0.00365257 0.00444296 0.0014886 0.00692854 0.00790873 -0.0146548 -0.0177512 -0.012798 -0.00311693 0.000286442 0.00442965 0.00795178 0.0107335 -0.00173361 -0.029635 0.0216002 -9.23563e-05 -0.0119521 -3.10905e-05 -0.000532009
internal_weight=401299 1333 753 399966 4741 2419 976 580 396 200 580 261 319 395225 169036 17702 9401 226189 49201 3262 36051 176988 1983 13150 5280 151334 5358 6139 1147 8301 2322 1377 945 816 5207 422 145976 68558 38781 30528 77418 1753 129 8253 7415 3389 4026 3723 1279 1008 734 271 157 518 452 428 26041 241 208 51377 171 30395 25554
internal_count=401299 1333 753 399966 4741 2419 976 580 396 200 580 261 319 395225 169036 17702 9401 226189 49201 3262 36051 176988 1983 13150 5280 151334 5358 6139 1147 8301 2322 1377 945 816 5207 422 145976 68558 38781 30528 77418 1753 129 8253 7415 3389 4026 3723 1279 1008 734 271 157 518 452 428 26041 241 208 51377 171 30395 25554
is_linear=0
shrinkage=0.05


Tree=65
num_leaves=64
num_cat=0
split_feature=10 36 2 9 28 3 4 6 10 1 23 1 41 41 9 15 28 35 47 41 11 44 6 36 4 38 36 9 44 44 20 19 46 18 16 32 30 20 2 27 6 22 29 12 2 23 4 45 28 13 11 38 47 32 5 29 20 37 29 49 16 33 31
split_gain=48.8893 72.797 30.9491 30.3424 30.0327 28.712 27.5965 27.2055 42.1758 40.1545 34.8422 29.9717 38.5128 27.009 25.5187 24.0005 23.5153 23.4875 23.1649 22.4537 22.3891 21.6619 20.6306 19.8844 20.808 19.1256 18.8158 18.1583 22.6134 17.7025 25.3639 17.6689 18.7861 17.5607 24.0778 21.2792 16.7592 16.1055 30.3543 26.5682 18.331 17.9495 16.9976 23.2196 25.0309 16.2435 16.1626 50.3497 37.9596 26.9873 23.7389 18.3348 17.309 17.0626 19.6569 20.8993 21.6759 24.7866 22.1183 18.8409 21.7656 19.9194 16.3995
threshold=1.7857142857142858 -0.80952379828042342 -0.025394046510660195 12.500000000000002 -0.36363697107373577 -0.84238459031585455 -0.21428571428571452 -0.93202951507340004 157.35714285714286 0.45833321940105382 -0.13269369937778988 1.4507855915496055 1.0000000180025095e-35 1.5624717773117176 1.0000000180025095e-35 -0.50549450549451291 8.9998950012249868 1.0000000180025095e-35 72.500099375531235 0.7873635141074572 0.79069759113034577 12.499969843611568 0.0082133998928213513 -0.18457511136481744 50.01785714285716 94.203010990093134 -0.10658600896950723 9.5000000000000018 22.580645377211372 31.818187970045265 0.28855721271008145 8.5000000000000018 49.444439423327552 0.023204753009091455 -0.2994210931844557 7.5000000000000009 218.38699033183667 0.025835074769271705 -0.13217945242979898 0.39285688169648297 -0.45099248934482855 -16928.517857142859 -0.076386831564276239 1.4090903980717611 0.19578535247669518 -0.16455249753385046 11.035714285714301 41.818139712300592 0.33899904230981198 0.043678898714850152 0.13333329825396933 85.567091938237795 82.089617113064932 1.5000000000000002 -43.160439560439592 0.94444237037444545 0.19036139401507893 30.769083312789153 -0.8010885041258512 1.1977231903664887 -0.035612004760879799 0.27860954079541544 0.57142856363636385
decision_type=2 2 2 2 2 2 2 2 2 2 2 2 2 2 2 2 2 2 2 2 2 2 2 2 2 2 2 2 2 2 2 2 2 2 2 2 2 2 2 2 2 2 2 2 2 2 2 2 2 2 2 2 2 2 2 2 2 2 2 2 2 2 2
left_child=1 3 36 17 -4 6 15 8 9 19 25 33 20 23 -14 -2 -11 -1 -15 26 22 -8 -13 24 -12 27 -7 -10 -29 30 -21 -6 -33 34 -9 -36 -3 38 39 41 -40 -35 43 44 -42 -41 53 50 51 -50 -48 -49 -52 -39 55 56 58 -58 -55 -60 61 -61 -63
right_child=5 2 4 -5 31 7 21 11 10 16 13 12 14 18 -16 -17 -18 -19 -20 29 -22 -23 -24 -25 -26 -27 -28 28 -30 -31 -32 32 -34 37 35 -37 -38 46 40 45 42 -43 -44 -45 -46 -47 47 48 49 -51 52 -53 -54 54 -56 -57 57 -59 59 60 -62 62 -64
leaf_value=-0.003142652857381056 -0.040730052891636004 0.00092556587017609399 -0.047052173602452778 -0.027518427827712952 0.044022256399806017 -0.04835501999072455 -0.016109379374747705 -0.042287969756958872 -0.028067699731633106 0.050910396896073684 -0.042785914429102165 0.10058958770753366 -0.065503246776921736 0.014076399511538008 -0.027122556720008979 0.10729321752025117 -0.044478687827999602 -0.098962245152967351 -0.038602683503565063 -0.052956692362715191 0.015649679207777958 -0.012120923406416267 -0.094640539030173207 -0.0082700467002291781 -0.00033569490602523014 0.0054069884688391461 -0.0036903688927058202 0.24447500626091023 -0.030389093082828347 0.038164449449421906 0.030001803552625508 -0.066983117507786447 0.030723376945012815 -0.1176923899637006 0.097919082627866735 -0.019759716176841604 0.17267796492452675 0.0083225428950480136 0.098059706038501449 -0.18191406783680339 0.022508161530879978 0.085428084457702058 -0.0035947431309552693 -0.094538314964824816 0.14390714421919906 0.019661496815208457 -0.022162154971770587 -0.0010513033148765727 0.0057502937119412014 0.12998710041675485 -0.00086461982265024779 0.090444105545046921 -0.033146321798334856 -0.1035631437562345 0.00018009880188734064 -0.078858551697969848 -0.021550920396324065 0.049117820917962934 0.041009397446815248 -0.054053311661928165 -0.11543234675479211 0.10603292419868421 0.012160953446238599
leaf_weight=144 504 1692 350 208 268 1582 307 439 874 840 592 101 484 1207 614 213 131 95 201 489 1351 239 220 1282 222 114 2148 25 57 747 832 455 179 64 147 399 25 35435 88 30 1627 821 4834 71 168 45 16255 2828 276 654 23618 804 1375 81 289306 40 1432 505 245 279 404 39 198
leaf_count=144 504 1692 350 208 268 1582 307 439 874 840 592 101 484 1207 614 213 131 95 201 489 1351 239 220 1282 222 114 2148 25 57 747 832 455 179 64 147 399 25 35435 88 30 1627 821 4834 71 168 45 16255 2828 276 654 23618 804 1375 81 289306 40 1432 505 245 279 404 39 198
internal_value=-0.000160591 -0.00611662 -0.00328214 -0.0249273 -0.00926044 -0.000109442 -0.00763597 -8.54596e-05 -0.00249888 6.64786e-06 -0.00620778 -1.43922e-05 -0.00519656 -0.00379413 -0.0124715 -0.00117836 0.00941716 -0.0127353 0.00155884 -0.00156862 -0.000415645 -0.0161051 -0.0122859 -0.0073923 -0.0135057 -0.0141062 -0.00388595 -0.0164156 0.00602923 0.00260867 -0.000866702 -0.00442856 -0.00898123 2.31238e-05 -0.006644 0.000357077 0.00107449 4.03515e-05 0.00229669 0.0106187 0.00111887 0.0130437 0.000820137 0.0048738 0.00598574 -0.0179095 -6.40761e-06 -0.000886158 0.00409789 0.0131115 -0.00143752 0.00178822 -0.00046993 0.000116461 -9.04184e-06 -0.00389222 -0.00343847 -0.000126478 -0.00858278 -0.00681916 -0.0101022 -0.00328425 0.00735976
internal_weight=401299 3416 2969 447 1252 397883 1263 396620 11343 6769 4574 385277 2770 3504 1098 717 971 239 1408 5798 1672 546 321 2096 814 1070 3730 956 82 2068 1321 902 634 382507 985 546 1717 381522 7748 960 6788 885 6700 1866 1795 75 373774 45810 4562 930 41248 3632 24993 327964 292529 3223 3183 1937 1246 1165 920 516 237
internal_count=401299 3416 2969 447 1252 397883 1263 396620 11343 6769 4574 385277 2770 3504 1098 717 971 239 1408 5798 1672 546 321 2096 814 1070 3730 956 82 2068 1321 902 634 382507 985 546 1717 381522 7748 960 6788 885 6700 1866 1795 75 373774 45810 4562 930 41248 3632 24993 327964 292529 3223 3183 1937 1246 1165 920 516 237
is_linear=0
shrinkage=0.05


Tree=66
num_leaves=64
num_cat=0
split_feature=7 8 5 5 6 20 6 10 23 45 8 39 13 39 33 13 20 8 12 48 29 20 29 3 24 23 10 20 4 45 38 11 1 5 8 15 48 29 12 8 3 44 47 31 23 6 7 7 1 47 27 33 14 8 33 46 11 5 21 3 8 45 4
split_gain=260.912 107.794 48.6172 35.3191 27.2738 37.8278 23.8997 42.8709 31.4552 26.2448 37.163 28.1899 22.3798 21.831 20.6002 30.0637 19.6727 26.2348 25.872 24.5669 19.5018 19.0968 21.677 30.2376 24.9928 21.6692 19.8385 19.0897 18.8886 41.2663 26.845 24.0494 26.562 20.0239 20.4808 24.9615 31.9951 18.9551 18.7871 25.0669 18.3098 17.9447 28.047 17.413 17.206 19.4203 17.0724 16.9701 16.8162 16.6048 16.4249 16.7509 16.5678 16.1659 16.1449 16.3194 16.0851 20.4859 26.7227 18.7179 17.5979 18.2332 32.1087
threshold=1.0000000180025095e-35 0.85507246164371242 1.0000000180025095e-35 -0.61758241758243615 1.0580829615675267 0.35658609904058042 -1.2212473088411244 134.6428571428572 -0.13677323636971209 26.854486419004601 0.14285714239236066 45.882373901734162 2.5156936226109168 76.744327204039152 0.16143770031671986 4.1053821456459403 0.85330650851028311 0.38438049984463585 0.70637159569887364 63.636364344746255 -0.8010885041258512 1.02207175079426 -1.6660668071718547 0.45308637014544556 2.1666666666666674 0.13665119358135672 152.92857142857147 0.67504724529697657 10.714285714285722 32.500006481255284 71.428485458839759 0.13333329825396933 1.4507855915496055 -43.160439560439592 0.086481881689650361 -18.462637362637381 98.780631107013406 1.3985218316433701 1.9523413747159426 0.11557871750101022 -0.31331891224696279 19.078934881807712 66.976758373937301 0.99999991287879564 -0.41357745448808375 0.28242022451930882 3.2482319097630845 22.833469879522557 2.3662751994236051 84.9462520360795 0.029842380700778905 0.12316894298735936 27.321428571428584 0.81176470190311434 0.53750640974137109 11.864402641480481 -0.057930676909909495 3.2241758241758096 -0.11891307591374359 0.22283625620123484 0.7557276897177605 51.612904521333256 1.3214285714285732
decision_type=2 2 2 2 2 2 2 2 2 2 2 2 2 2 2 2 2 2 2 2 2 2 2 2 2 2 2 2 2 2 2 2 2 2 2 2 2 2 2 2 2 2 2 2 2 2 2 2 2 2 2 2 2 2 2 2 2 2 2 2 2 2 2
left_child=1 3 -3 -1 6 -6 7 43 13 11 -11 41 28 -9 21 53 18 -18 19 20 -13 22 26 40 -25 -23 -14 -15 33 31 50 49 -33 37 35 -35 -37 44 39 -7 -24 -10 -43 46 -8 -46 -2 -42 -26 -30 51 52 -31 -16 55 -51 57 -36 -59 -58 -61 -62 -63
right_child=4 2 -4 -5 5 38 12 8 9 10 -12 16 14 27 15 -17 17 -19 -20 -21 -22 25 23 24 48 -27 -28 -29 29 30 -32 32 -34 34 56 36 -38 -39 -40 -41 47 42 -44 -45 45 -47 -48 -49 -50 54 -52 -53 -54 -55 -56 -57 59 58 -60 60 61 62 -64
leaf_value=-0.035141045308847346 -0.12884074798396697 -0.012033127121138546 -0.0079879928808378239 -0.00010840814368275373 -0.042175160995871069 0.13175084206247309 0.039796291374782022 -0.027378398325638736 -0.03674045529074127 0.023818636971504367 -0.036348206993821276 -0.0089193910936843368 0.0080212723049586151 0.0076385794463183776 -0.041513097648273795 -0.0732918969919584 0.064107531313097488 -0.06201475553451341 0.056847172236001532 -0.025177092886942101 0.048293393905257845 0.12035770512930336 0.13803092693064584 0.0076825371628341859 0.068911373539071452 -0.0032501429833590614 -0.085244513045241943 -0.029456394378688622 -0.020415919791452297 0.054791841114536902 0.032777382770293073 -0.0015148588210851079 -0.049540152312467806 -0.06086029275446752 -1.8913064614789478e-05 0.011467477679628314 -0.05749708726191647 -0.068791077936604397 -0.018885940053637064 0.0085340112998070778 0.085065578811007833 0.011279740044218736 -0.048081839808907963 0.042778790229161472 -0.012674505652845404 -0.066762271440454754 0.001588135503490018 -0.080118514898852411 -0.077996243669022983 -0.063633961632397137 -0.032113135284066167 -0.013870125330031225 -0.047024680221018848 0.1199389849951942 0.016142683042138374 0.10499867627111228 0.0015909188782194496 -0.040529514940166912 -0.002098334726210016 0.0039540525950512604 0.02197125959858828 -0.033981539700663289 0.097908317965015187
leaf_weight=85 43 583 170 495 1112 123 233 619 75 217 913 344 69 190 140 299 47 141 532 39 353 448 20 380 392 172 66 82 15104 1101 6242 23937 862 120 138331 654 275 56 1073 818 47 230 128 194 4313 178 3890 263 20 709 1754 1058 89 153 174 30 158651 4784 9693 9340 8066 174 406
leaf_count=85 43 583 170 495 1112 123 233 619 75 217 913 344 69 190 140 299 47 141 532 39 353 448 20 380 392 172 66 82 15104 1101 6242 23937 862 120 138331 654 275 56 1073 818 47 230 128 194 4313 178 3890 263 20 709 1754 1058 89 153 174 30 158651 4784 9693 9340 8066 174 406
internal_value=-0.000154361 -0.0222376 -0.0347165 -0.00602482 -8.07443e-05 -0.00473273 -4.40858e-05 -0.0027429 -0.00649472 -0.00405584 -0.0100832 -0.000447303 1.16897e-05 -0.0147514 0.00475679 -0.00336936 0.00288098 -0.012201 0.00512184 -0.000944165 0.00121216 0.00732247 0.00377456 0.00605561 0.0113559 0.0145057 -0.0151369 -0.00292172 -1.86238e-05 -0.000914511 0.00192257 -0.00162669 -0.000651032 0.000117799 0.000164284 -0.0068106 -0.00403078 -0.00309512 -0.000642967 0.00451068 -0.0066495 -0.0116486 -0.00696733 0.000810496 -0.00275079 -0.00343902 8.77171e-05 -0.00965817 0.019886 -0.00313696 -0.00127308 0.00155465 0.00562558 0.00800068 -0.00968678 -0.0129144 0.000186511 -0.000189093 -0.00197864 0.000511472 0.00204019 0.00366581 0.0122306
internal_weight=401299 1333 753 580 399966 3126 396840 8037 3910 3019 1130 1889 388803 891 2469 592 1456 188 1268 736 697 1877 1257 1122 792 620 135 272 386334 51060 10244 40816 24799 335274 330494 1049 929 4780 2014 941 330 433 358 4127 4724 4491 3933 310 412 16017 4002 2248 1190 293 913 739 329445 152808 14477 176637 17986 8646 580
internal_count=401299 1333 753 580 399966 3126 396840 8037 3910 3019 1130 1889 388803 891 2469 592 1456 188 1268 736 697 1877 1257 1122 792 620 135 272 386334 51060 10244 40816 24799 335274 330494 1049 929 4780 2014 941 330 433 358 4127 4724 4491 3933 310 412 16017 4002 2248 1190 293 913 739 329445 152808 14477 176637 17986 8646 580
is_linear=0
shrinkage=0.05


Tree=67
num_leaves=64
num_cat=0
split_feature=0 8 22 28 6 20 20 6 10 23 35 45 18 35 39 13 28 28 10 39 27 20 21 8 0 13 10 10 25 28 33 15 18 22 45 25 45 29 6 5 10 14 4 3 31 11 3 20 45 49 28 10 13 3 21 0 45 45 20 0 0 15 14
split_gain=63.5847 143.06 62.0035 27.0637 26.8739 38.4416 25.7647 22.2101 38.2889 27.9128 27.7903 21.7337 30.6231 25.938 25.153 21.2112 25.8122 22.3067 27.2105 20.3141 20.1469 19.9939 24.4026 21.2315 19.859 19.563 30.5368 22.313 19.3715 28.2753 19.1205 22.1501 19.0675 18.9021 26.0004 23.6369 30.2235 27.0761 25.6797 20.6904 20.377 19.4308 18.8682 18.7601 18.7526 18.5964 26.2589 31.9194 31.5054 19.1093 18.6358 18.5164 25.2789 30.275 26.2071 25.117 23.363 23.3597 20.6747 23.103 20.4952 20.4212 21.5776
threshold=7.3571428571428585 0.9276729540300358 0.26020408163265357 1.9999685003674956 1.0580829615675267 0.3498400870637412 0.72190907660739778 -1.2212473088411244 134.6428571428572 -0.13677323636971209 33.561224489795926 26.854486419004601 0.22448979248229908 62.191326530612052 45.882373901734162 2.5156936226109168 0.07912903602839326 1.9999685003674956 133.21428571428575 76.744327204039152 2.2766000673740399 0.8830409115739325 -0.18523766449025617 0.24591498683738408 502.21428571428584 2.1438441770342838 695.92857142857144 561.64285714285722 1.5000000000000002 0.63256551594582622 0.16876772827702913 0.86813186813186749 0.043478259451795856 2938.3801020408114 44.73684051938806 258.64285714285717 24.390229158199489 -0.4325526856271002 -0.1427167475694229 -35.72747252747255 118.78571428571431 0.99999999999999878 282.91071428571439 -0.44025583182915229 0.99999999820143326 -0.057930676909909495 0.78663869651414353 0.086204379196264613 12.499996413351058 1.103816870819321 2.9999580004899942 184.07142857142858 -0.49394943888860482 -0.026867133990680397 -0.13335319412605193 89.785714285714292 45.341626288730488 98.750019556262814 1.2765614285035918 33.357142857142868 11.928571428571431 -18.462637362637381 -4.4285714285714173
decision_type=2 2 2 2 2 2 2 2 2 2 2 2 2 2 2 2 2 2 2 2 2 2 2 2 2 2 2 2 2 2 2 2 2 2 2 2 2 2 2 2 2 2 2 2 2 2 2 2 2 2 2 2 2 2 2 2 2 2 2 2 2 2 2
left_child=1 6 3 -3 7 -6 -1 8 10 19 -2 14 -13 -14 -11 33 24 28 -19 -10 21 22 -16 -23 32 27 -27 -24 -18 -30 -12 -32 -17 45 35 40 37 -37 39 -39 -35 -42 -43 -8 -38 51 -47 -48 50 -50 -49 52 56 61 55 -55 60 -58 -56 -60 -9 -54 -63
right_child=4 2 -4 -5 5 -7 43 15 9 11 30 12 13 -15 20 16 17 18 -20 -21 -22 23 25 -25 -26 26 -28 -29 29 -31 31 -33 -34 34 -36 36 44 38 -40 -41 41 42 -44 -45 -46 46 47 48 49 -51 -52 -53 53 54 58 -57 57 -59 59 -61 -62 62 -64
leaf_value=-0.024635027047404057 -0.0042819793650075381 -0.0082915249727104554 -0.066884608425521061 0.18199691236871152 -0.04029844782121033 -0.0037750554037587758 -0.030777566458534956 -0.060342444534692202 -0.026009478409356801 -0.019024509906213363 0.060380821131910616 0.0072518159071735923 -0.042089627804354504 -0.0099588117978898667 -0.012703098350352104 -0.15963522449067202 -0.0055194252630894171 0.045811838704385988 -0.062447417843185873 -0.0072951316509736221 0.056118276890876721 0.066287046673913053 -0.023616264722264458 -0.071405851366076273 -0.041364657075917653 0.082284485302202254 -0.028730805442632203 0.17068661855847927 0.054986555608953581 0.098756799993259536 0.10456094241863903 -0.040045633205141588 0.049030946988022128 -0.039494416533104627 0.037404170100742394 0.10362554547993619 -0.03050143555851852 0.047341001970629827 0.022590919046084769 -0.039664169917991071 -0.037989491263161715 -0.0069619090000049956 -0.037337065055162981 0.052309904211566255 0.077698390928098826 0.0015441805922328244 0.091715024367727119 -0.021677618130964693 0.057024240720619429 0.021791129241045249 0.041840416262560437 -0.01483194986772618 -0.036927338513566513 0.0033549095379635575 -6.5586046466714623e-05 -0.029989876464596856 -0.061100658024593461 0.051602544641818286 -0.11083097291252614 -0.0068851106456969905 -0.0027440074365400859 0.022851232440418114 0.0026332923266403352
leaf_weight=3129 3568 522 384 21 1085 2049 194 476 619 433 427 345 538 247 240 55 150 138 121 272 182 28 293 111 421 462 112 28 433 322 52 90 831 2126 2002 154 1762 59 4191 461 2009 11277 149 900 138 195556 196 1226 546 997 213 17228 404 5522 54309 12087 1202 198 369 652 5068 16885 45035
leaf_count=3129 3568 522 384 21 1085 2049 194 476 619 433 427 345 538 247 240 55 150 138 121 272 182 28 293 111 421 462 112 28 433 322 52 90 831 2126 2002 154 1762 59 4191 461 2009 11277 149 900 138 195556 196 1226 546 997 213 17228 404 5522 54309 12087 1202 198 369 652 5068 16885 45035
internal_value=-0.000148879 -0.00566882 -0.0234549 -0.0343307 -7.71048e-05 -0.00468875 -0.00176292 -4.03165e-05 -0.00264008 -0.00618782 0.000711851 -0.00389023 -0.00937528 -0.0148325 -0.000606109 1.40141e-05 0.00463154 0.0100464 -0.00287534 -0.0139659 0.0025376 0.000310023 0.00250639 -0.0175773 -0.000187438 0.00630656 0.0118359 -0.00356587 0.0137499 0.017011 0.0109735 -0.00489092 0.0040571 -1.5804e-05 -0.00136447 -0.00185411 0.000612703 0.0027019 0.00202607 -0.0084503 -0.00292685 -0.00220653 -0.00140862 0.00483959 -0.00473396 7.57882e-05 0.000398497 0.00490702 0.00361993 0.00858337 -0.00169898 -0.000326434 -0.000138847 1.21615e-05 -0.000679265 -0.00235929 -0.00308103 -0.00885294 -0.000144496 -0.00719322 -0.00162245 0.000821432 0.000894621
internal_weight=401299 5150 927 543 396149 3134 4223 393015 8047 3910 4137 3019 1130 785 1889 384968 2471 1164 259 891 1456 1274 1135 139 1307 895 574 321 905 755 569 142 886 382497 24328 22326 6765 4865 4711 520 15561 13435 11426 1094 1900 358169 198734 3178 2982 1543 1439 159435 142207 135263 72939 17609 6944 1400 55330 1021 5544 62324 61920
internal_count=401299 5150 927 543 396149 3134 4223 393015 8047 3910 4137 3019 1130 785 1889 384968 2471 1164 259 891 1456 1274 1135 139 1307 895 574 321 905 755 569 142 886 382497 24328 22326 6765 4865 4711 520 15561 13435 11426 1094 1900 358169 198734 3178 2982 1543 1439 159435 142207 135263 72939 17609 6944 1400 55330 1021 5544 62324 61920
is_linear=0
shrinkage=0.05


Tree=68
num_leaves=64
num_cat=0
split_feature=17 36 9 0 20 5 22 4 9 33 20 41 3 23 0 25 25 28 17 15 33 3 3 0 34 45 20 46 0 0 28 13 10 5 17 3 15 0 17 29 38 4 29 31 12 36 29 47 0 29 5 33 25 25 28 18 10 11 13 25 22 3 0
split_gain=65.6126 114.063 45.4123 24.9665 50.0202 24.6581 23.3302 20.9828 19.3978 21.774 20.9573 18.5398 18.5211 21.3487 18.3919 17.2288 31.9929 30.2019 28.7485 25.5505 24.1291 27.2358 40.1241 52.6316 27.7339 31.7846 24.2129 24.0406 25.1327 23.1652 23.0765 38.2047 24.3205 25.1008 24.1071 23.6119 22.9661 22.0155 34.4272 28.8843 25.1528 23.0754 21.9361 21.1813 21.3301 21.9731 20.8792 20.6853 33.1574 32.9444 20.6714 20.651 27.282 20.1141 20.0961 19.882 19.5874 19.4752 19.0088 24.0005 18.9101 18.5292 22.7531
threshold=0.89206923737898125 -0.84615380008453345 12.500000000000002 2425.8571428571436 0.68123763783443725 -0.33626373626373823 -217.93622448979599 282.91071428571439 11.500000000000002 0.13143538357949838 0.12448441483364667 13.999998507499486 -0.84238459031585455 -0.5533465412354357 6.7857142857142865 908977.71428571444 1071340.642857143 0.091685720638026866 6.1627582376056074 -0.0043956043956054494 0.51349233873800093 -0.015523603837547849 0.061803602638784559 187.21428571428572 0.038229365471101263 37.892672086079422 0.032674047971190306 15.151518512398406 100.07142857142858 133.78571428571431 0.21739074858251264 -0.070831424898947337 444.64285714285717 -16.356043956044008 43.445250550801099 0.66926574535151973 -10.429670329670339 485.50000000000006 186.00565055795792 -1.4998441700870753 91.891907308258041 85.910714285714292 -0.46411455549913933 0.7999998800000202 -0.62068969332143864 0.13705660311001497 0.0022066754906287507 80.457914697540829 88.357142857142875 -35826.195076787393 0.5208791208791026 0.030805142147402351 39.357142857142868 91.214285714285722 -0.030464397424171948 0.043478259451795856 94.928571428571445 -0.54545463842973074 -0.050044262817909989 448.21428571428584 23600.403061224486 -0.15671647297560201 1238.0714285714287
decision_type=2 2 2 2 2 2 2 2 2 2 2 2 2 2 2 2 2 2 2 2 2 2 2 2 2 2 2 2 2 2 2 2 2 2 2 2 2 2 2 2 2 2 2 2 2 2 2 2 2 2 2 2 2 2 2 2 2 2 2 2 2 2 2
left_child=1 2 14 7 11 6 -3 12 -7 -10 -11 -5 13 -2 -1 20 17 -17 19 -18 26 27 36 24 25 -24 -14 61 54 -30 32 -32 34 -34 35 -20 -23 38 41 40 53 47 -25 46 -45 -46 -41 -28 56 -50 -27 -40 -53 -39 -29 -51 -49 -42 59 -48 -54 62 -22
right_child=3 5 -4 4 -6 8 -8 -9 9 10 -12 -13 15 -15 -16 16 18 -19 30 -21 21 22 23 42 -26 50 37 28 29 -31 31 -33 33 -35 -36 -37 -38 39 51 43 57 -43 -44 44 45 -47 58 48 49 55 -52 52 60 -55 -56 -57 -58 -59 -60 -61 -62 -63 -64
leaf_value=-0.089557692982150841 -0.023776472202339607 -0.081943497178676161 -0.020337621239629369 -0.0048451593887907348 -0.050655134777428092 -0.021821307904550925 0.013501708376780597 -0.024578664810965774 -0.017276786069870948 0.087681211405362586 -0.0088042033114945784 -0.057788163158795314 0.024188036135415071 -0.017099053152968179 -0.040780681733095861 -0.070548849893653065 0.12642460973001271 0.17536833426158258 0.00019824213388319745 -0.016322642443324441 -0.0095523651571518993 0.055296320932264068 0.074426938172643939 0.13662103711375817 0.022827419006262242 0.035567410838593494 0.00069543991437024397 -0.051980524967202693 0.10412224154415922 0.032577383006884689 0.033503150360425837 -0.15728479817185181 0.14581395378566919 -0.14897893873872745 0.12108134059108165 -0.19936849652562336 -0.012520897130153585 -0.0333802704115971 0.073620886644003611 -0.0030292815031041534 -0.013330913976774767 -0.060112872564535139 -0.00085678186407518459 0.18286505491154434 0.0084462468250401379 -0.017204374730524118 -0.0092230342825385444 -0.00097982340856548342 -0.14331084464437571 -0.060145472524985102 0.1934205664045448 -0.029442184118502926 0.049759539252750701 0.0080761667791344263 0.027378650558612883 -0.01583322504007776 0.093613776960922171 0.049911123426514672 -0.030625055695369909 0.16191948212726376 0.18372273391927904 0.022374594551444638 -0.10258049854154
leaf_weight=73 61 29 289 5461 323 2096 1690 334 292 20 254 191 5595 1100 232 1610 209 69 2152 153 2531 387 1349 109 1159 84 247608 677 600 8253 118 188 36 113 225 28 11769 1028 1021 17300 23 229 8302 94 8881 4709 5296 23715 96 114 169 606 334 100 906 14072 355 202 7486 88 62 8487 157
leaf_count=73 61 29 289 5461 323 2096 1690 334 292 20 254 191 5595 1100 232 1610 209 69 2152 153 2531 387 1349 109 1159 84 247608 677 600 8253 118 188 36 113 225 28 11769 1028 1021 17300 23 229 8302 94 8881 4709 5296 23715 96 114 169 606 334 100 906 14072 355 202 7486 88 62 8487 157
internal_value=-0.000151869 -0.00585817 -0.0264181 -8.02247e-05 -0.00328781 -0.00306886 0.00159677 -3.11132e-05 -0.00608354 -0.0142996 -0.0244254 -0.00219299 -2.0371e-05 -0.0063259 -0.0129302 -1.53014e-06 -0.0029473 -0.00854327 -2.94839e-05 0.0132422 3.60591e-05 0.00112474 -5.97991e-05 0.00210301 0.00809279 0.0123557 -0.00010824 0.00240363 0.00412942 0.00516712 -0.00171148 -0.0146847 -0.000154653 -0.0197518 0.00105817 -0.00054814 -0.00204794 -0.000162993 -2.06445e-06 -0.00118886 -0.00838445 -4.80277e-05 0.00013613 -0.000966728 0.00066464 0.000499996 -0.00170682 -3.53021e-05 -0.00111585 -0.00302442 0.028625 0.00649745 0.00139208 -0.0114307 -0.00167077 -0.00282636 1.64104e-05 0.00686362 -0.00323191 -0.000964878 0.0116006 0.000791492 -0.00282542
internal_weight=401299 4975 594 396324 5975 4381 1719 390349 2662 566 274 5652 390015 1161 305 388854 4901 1679 3222 362 383953 44939 23328 11172 2761 1602 339014 21611 10436 8853 2860 306 2554 149 2405 2180 12156 333419 288212 45207 1353 286189 8411 43854 13684 13590 30170 285960 38352 14282 253 2023 1002 1128 1583 14186 24070 225 12870 5384 396 11175 2688
internal_count=401299 4975 594 396324 5975 4381 1719 390349 2662 566 274 5652 390015 1161 305 388854 4901 1679 3222 362 383953 44939 23328 11172 2761 1602 339014 21611 10436 8853 2860 306 2554 149 2405 2180 12156 333419 288212 45207 1353 286189 8411 43854 13684 13590 30170 285960 38352 14282 253 2023 1002 1128 1583 14186 24070 225 12870 5384 396 11175 2688
is_linear=0
shrinkage=0.05


Tree=69
num_leaves=64
num_cat=0
split_feature=7 8 5 5 6 8 0 10 16 2 2 25 29 37 11 15 27 25 44 25 4 29 18 1 6 33 30 34 30 27 16 27 7 28 34 11 10 29 45 5 0 6 2 28 33 5 27 17 34 10 1 22 31 37 47 15 7 8 30 27 17 7 49
split_gain=233.551 114.887 57.9021 33.8486 24.7812 28.5763 20.6007 21.8783 20.025 27.5373 21.0255 19.252 18.7129 47.1531 19.9861 18.1392 27.2132 18.505 18.1268 18.2362 17.7513 21.6693 17.3786 16.6923 19.2451 17.8388 17.7825 21.0995 20.0903 25.28 17.862 20.2485 16.7102 16.4312 16.4082 16.3846 22.8181 23.1483 17.5916 23.9043 24.4946 20.9967 17.9374 16.8839 17.8967 19.0775 18.4506 17.1988 15.9652 15.9473 22.2472 15.8739 19.7223 17.9701 26.5007 26.8566 25.6322 20.1727 18.1514 18.043 26.0046 17.7255 19.8255
threshold=1.0000000180025095e-35 0.85507246164371242 1.0000000180025095e-35 -0.61758241758243615 1.0580829615675267 0.14285714239236066 2425.8571428571436 1106.8571428571429 0.52073934472056871 -0.04510088339004379 0.058435702298830612 718.357142857143 -0.64987765839191647 21.428519216095598 -0.35684050542404339 85.397802197802221 1.4999983958343717 863567.85714285728 29.411774175322332 26.928571428571434 282.91071428571439 -0.18268415414251163 0.67583257431866828 0.18721248614476693 -1.2212473088411244 0.12863649305557293 50.730782021705892 0.15791572173259724 99.7551081449012 -0.15420151847767447 0.59223973972719268 -0.12486120367056584 129.56938098868005 0.69999821500208248 -0.74785064563938264 -0.090909103632013585 86.071428571428584 -2.0534209024272401 56.719595821804454 1.6373626373626229 137.50000000000003 -2.1996497681470513 0.98430104615663117 -0.23913060845931317 0.025714285564285653 3.652747252747242 -0.15805526454391441 75.325687194357315 -0.44234151570340191 148.6428571428572 -0.15273775765515862 140.6377551020409 0.59999991000001518 29.411774013845292 81.250035683625796 1.0681318681318654 35.684845007139081 0.9910714219347897 78523.900168365188 -0.0066973650962070495 11.756023206537707 32.388584528599502 1.2815751067556846
decision_type=2 2 2 2 2 2 2 2 2 2 2 2 2 2 2 2 2 2 2 2 2 2 2 2 2 2 2 2 2 2 2 2 2 2 2 2 2 2 2 2 2 2 2 2 2 2 2 2 2 2 2 2 2 2 2 2 2 2 2 2 2 2 2
left_child=1 3 -3 -1 6 -6 20 15 9 11 -10 18 13 14 -11 16 17 23 -9 -20 35 -22 -19 26 25 -25 27 32 30 -30 31 -28 -8 -26 -34 36 43 49 51 -40 -41 -42 -43 44 -2 46 -46 -45 -5 50 -38 52 -37 54 55 -53 58 -58 61 60 -60 -55 -63
right_child=4 2 -4 48 5 -7 7 8 10 12 -12 -13 -14 -15 -16 -17 -18 22 19 -21 21 -23 -24 24 33 -27 28 -29 29 -31 -32 -33 34 -35 -36 38 37 -39 39 40 41 42 -44 47 45 -47 -48 -49 -50 -51 -52 53 -54 56 -56 -57 57 -59 59 -61 -62 62 -64
leaf_value=-0.031815738166458656 -0.0013616104431914079 -0.010967903346017821 -0.0054992676931289028 0.022249547114016079 0.020828691062134998 -0.031209935891601495 0.21364733350831139 0.14697233160006845 -0.077825189386955942 -0.012175607714419584 0.11747245397586643 -0.042879133581956608 -0.059755046911510193 -0.023272292652079918 0.068225694926701677 0.14373209308900323 -0.0295164827505703 -0.12848356213301562 -0.061445071332144496 0.033375963501479734 0.026713124840240344 -0.05215659883108438 0.0025848189337998929 -0.010932979511565044 0.037509298130024994 -0.10503504561735443 0.12750422163789085 0.043279196066095794 -0.038769348710169849 -0.00012463041631730621 -0.053287325522469245 0.035410201501052029 0.23914699148528729 0.10624548299987416 -0.05821249893792553 0.00017106357661149653 -0.04533469248881921 -0.0060723753606651389 0.0062777206525794112 0.081420589993496773 -0.059561578401838636 0.029042789421427729 0.082470455807493626 0.0033453127359765579 -0.043139191087517785 -0.14165313261156603 -0.0047422027219640841 0.082165096398127885 -0.011197244531023295 -0.022833400215332877 0.064158149071627077 -0.0023208453984124855 0.0093561326071094804 -0.00048418923497774993 -0.017933245424614008 0.0095197952031309992 -0.0078445515657916912 -0.035072161128147129 0.18890296359386594 -0.05746630074428008 -0.059795628955536854 0.096588990146758313 0.0013729328359517901
leaf_weight=85 20487 583 170 244 781 2345 25 63 22 28 64 165 534 176 134 31 84 78 76 185 70 146 63 104 653 29 59 206 111 1638 45 292 31 75 835 77727 327 54104 7566 769 86 1248 159 68369 2295 92 3551 72 251 622 187 27006 54307 16397 4816 30203 13934 4003 62 397 173 736 1123
leaf_count=85 20487 583 170 244 781 2345 25 63 22 28 64 165 534 176 134 31 84 78 76 185 70 146 63 104 653 29 59 206 111 1638 45 292 31 75 835 77727 327 54104 7566 769 86 1248 159 68369 2295 92 3551 72 251 622 187 27006 54307 16397 4816 30203 13934 4003 62 397 173 736 1123
internal_value=-0.000144144 -0.0210374 -0.0339198 -0.00430098 -7.44938e-05 -0.00450881 -3.95499e-05 -0.00299599 -0.00832354 -0.00980457 0.0150407 -0.000296463 -0.0151301 -0.00590062 0.013541 -0.00122617 -0.00150066 -0.000941307 0.0067726 0.000938338 4.33466e-06 -0.0143221 -0.0187456 -0.000327801 0.00585879 -0.0116078 -0.00197249 -0.00715067 0.000673628 -0.00162655 0.0108432 0.0146539 -0.010487 0.00905782 -0.0116557 1.22691e-05 -0.000397685 -0.00120556 0.000267934 0.00233972 0.00684983 0.00311098 0.00458034 7.26814e-05 -0.00100075 -0.00341776 -0.00306102 0.000487207 0.000696829 -0.00826952 -0.00174091 0.000179722 0.000538459 -0.000299393 0.000219992 0.000519935 -0.00117433 -0.002528 0.000110916 -0.00821864 0.00274351 0.000399592 0.00502663
internal_weight=401299 1333 753 580 399966 3126 396840 5806 1447 1361 86 489 872 338 162 4359 4328 4244 324 261 391034 216 141 4103 861 133 3242 1097 2145 1749 396 351 891 728 866 390818 150106 55240 240712 9828 2262 1493 1407 94866 26425 5938 5846 68441 495 1136 514 230884 132034 98850 62025 57209 36825 17937 18888 632 235 18256 1859
internal_count=401299 1333 753 580 399966 3126 396840 5806 1447 1361 86 489 872 338 162 4359 4328 4244 324 261 391034 216 141 4103 861 133 3242 1097 2145 1749 396 351 891 728 866 390818 150106 55240 240712 9828 2262 1493 1407 94866 26425 5938 5846 68441 495 1136 514 230884 132034 98850 62025 57209 36825 17937 18888 632 235 18256 1859
is_linear=0
shrinkage=0.05


end of trees

feature_importances:
search_growth_14d=316
search_std_7d=249
search_growth_7d=241
search_acceleration=225
click_search_ratio=198
click_ma_7d=196
search_ma_7d=186
mention_search_ratio=172
search_pos_14d=165
search_slope_14d=160
click_growth_14d=146
mention_growth_14d=135
mention_ma_7d=125
click_lead_signal_7d=102
mention_acceleration=99
age50p_click_ratio=99
search_growth_3d=97
search_slope_7d=96
click_std_7d=94
mention_ma_3d=91
mention_growth_7d=87
click_slope_7d=86
click_growth_7d=72
lead_signal_7d=69
mention_std_7d=65
days_since_max_14d=57
engagement_force=57
viral_force=54
young_click_ratio=54
click_growth_3d=50
click_slope_14d=48
male_click_ratio=48
click_peak_gap=46
mid_click_ratio=45
click_pos_14d=44
age10_click_ratio=43
click_acceleration=41
gender_click_skew=39
female_click_ratio=30
age_click_entropy=28
peak_gap=27
mention_pos_14d=26
age20_click_ratio=23
mention_growth_3d=15
age40_click_ratio=15
days_since_mention_max_14d=14
days_since_click_max_14d=10
age30_click_ratio=10
core_age_click_ratio=10
gender_click_shift_7d=4
age_click_shift_7d=1

parameters:
[boosting: gbdt]
[objective: regression_l1]
[metric: l1]
[tree_learner: serial]
[device_type: cpu]
[data_sample_strategy: bagging]
[data: ]
[valid: ]
[num_iterations: 1000]
[learning_rate: 0.05]
[num_leaves: 64]
[num_threads: 8]
[seed: 42]
[deterministic: 0]
[force_col_wise: 0]
[force_row_wise: 0]
[histogram_pool_size: -1]
[max_depth: -1]
[min_data_in_leaf: 20]
[min_sum_hessian_in_leaf: 0.001]
[bagging_fraction: 0.8]
[pos_bagging_fraction: 1]
[neg_bagging_fraction: 1]
[bagging_freq: 0]
[bagging_seed: 400]
[bagging_by_query: 0]
[feature_fraction: 0.8]
[feature_fraction_bynode: 1]
[feature_fraction_seed: 30056]
[extra_trees: 0]
[extra_seed: 12879]
[early_stopping_round: 0]
[early_stopping_min_delta: 0]
[first_metric_only: 0]
[max_delta_step: 0]
[lambda_l1: 0.1]
[lambda_l2: 0.1]
[linear_lambda: 0]
[min_gain_to_split: 0]
[drop_rate: 0.1]
[max_drop: 50]
[skip_drop: 0.5]
[xgboost_dart_mode: 0]
[uniform_drop: 0]
[drop_seed: 17869]
[top_rate: 0.2]
[other_rate: 0.1]
[min_data_per_group: 100]
[max_cat_threshold: 32]
[cat_l2: 10]
[cat_smooth: 10]
[max_cat_to_onehot: 4]
[top_k: 20]
[monotone_constraints: ]
[monotone_constraints_method: basic]
[monotone_penalty: 0]
[feature_contri: ]
[forcedsplits_filename: ]
[refit_decay_rate: 0.9]
[cegb_tradeoff: 1]
[cegb_penalty_split: 0]
[cegb_penalty_feature_lazy: ]
[cegb_penalty_feature_coupled: ]
[path_smooth: 0]
[interaction_constraints: ]
[verbosity: -1]
[saved_feature_importance_type: 0]
[use_quantized_grad: 0]
[num_grad_quant_bins: 4]
[quant_train_renew_leaf: 0]
[stochastic_rounding: 1]
[linear_tree: 0]
[max_bin: 255]
[max_bin_by_feature: ]
[min_data_in_bin: 3]
[bin_construct_sample_cnt: 200000]
[data_random_seed: 175]
[is_enable_sparse: 1]
[enable_bundle: 1]
[use_missing: 1]
[zero_as_missing: 0]
[feature_pre_filter: 1]
[pre_partition: 0]
[two_round: 0]
[header: 0]
[label_column: ]
[weight_column: ]
[group_column: ]
[ignore_column: ]
[categorical_feature: ]
[forcedbins_filename: ]
[precise_float_parser: 0]
[parser_config_file: ]
[objective_seed: 16083]
[num_class: 1]
[is_unbalance: 0]
[scale_pos_weight: 1]
[sigmoid: 1]
[boost_from_average: 1]
[reg_sqrt: 0]
[alpha: 0.9]
[fair_c: 1]
[poisson_max_delta_step: 0.7]
[tweedie_variance_power: 1.5]
[lambdarank_truncation_level: 30]
[lambdarank_norm: 1]
[label_gain: ]
[lambdarank_position_bias_regularization: 0]
[eval_at: ]
[multi_error_top_k: 1]
[auc_mu_weights: ]
[num_machines: 1]
[local_listen_port: 12400]
[time_out: 120]
[machine_list_filename: ]
[machines: ]
[gpu_platform_id: -1]
[gpu_device_id: -1]
[gpu_use_dp: 0]
[num_gpu: 1]

end of parameters

pandas_categorical:[]
